index	shap_value	gini_imp	cluster_num	msa_position	AA	seq_position
715_R	0.0	0.0037630734924981	cluster_0_1_mixed	715	R	380.0
605_K	0.0	0.0036057615954651	cluster_0_1_mixed	605	K	288.0
599_Q	0.0	0.0035711810673514	cluster_0_1_mixed	599	Q	282.0
728_W	0.0	0.0033671531575445	cluster_0_1_mixed	728	W	393.0
199_Q	0.0	0.0032213243133518	cluster_0_1_mixed	199	Q	26.0
700_K	0.0	0.0031158313291142	cluster_0_1_mixed	700	K	365.0
622_R	0.0	0.0031080198188626	cluster_0_1_mixed	622	R	305.0
199_P	0.0	0.0030787879313014	cluster_0_1_mixed	199	P	26.0
184_T	0.0	0.0029719556910472	cluster_0_1_mixed	184	T	13.0
618_T	0.0	0.0027567710715783	cluster_0_1_mixed	618	T	301.0
681_M	0.0	0.0026844777816975	cluster_0_1_mixed	681	M	350.0
386_G	0.0	0.0026589440136457	cluster_0_1_mixed	386	G	151.0
741_F	0.0	0.0025982770181544	cluster_0_1_mixed	741	F	406.0
728_F	0.0	0.0024857888531505	cluster_0_1_mixed	728	F	393.0
738_W	0.0	0.0024427747140931	cluster_0_1_mixed	738	W	403.0
738_F	0.0	0.0023841978798682	cluster_0_1_mixed	738	F	403.0
883_G	0.0	0.0023538439011703	cluster_0_1_mixed	883	G	492.0
323_S	0.0	0.0022956055399144	cluster_0_1_mixed	323	S	113.0
883_V	0.0	0.0022530901184017	cluster_0_1_mixed	883	V	492.0
207_H	0.0	0.0022277011226145	cluster_0_1_mixed	207	H	34.0
299_E	0.0	0.0021789380424106	cluster_0_1_mixed	299	E	99.0
741_L	0.0	0.0021655474324195	cluster_0_1_mixed	741	L	406.0
256_N	0.0	0.0021591959733603	cluster_0_1_mixed	256	N	74.0
383_N	0.0	0.0021330174669007	cluster_0_1_mixed	383	N	148.0
600_S	0.0	0.0021169704488214	cluster_0_1_mixed	600	S	283.0
645_K	0.0	0.0020367857665534	cluster_0_1_mixed	645	K	327.0
264_L	0.0	0.002025581274485	cluster_0_1_mixed	264	L	82.0
179_G	0.0	0.0020176029362769	cluster_0_1_mixed	179	G	8.0
894_P	0.0	0.0020017368468936	cluster_0_1_mixed	894	P	496.0
208_G	0.0	0.0019923555405673	cluster_0_1_mixed	208	G	35.0
381_F	0.0	0.001984419965713	cluster_0_1_mixed	381	F	146.0
615_T	0.0	0.0019758338700436	cluster_0_1_mixed	615	T	298.0
697_G	0.0	0.0019458853058511	cluster_0_1_mixed	697	G	362.0
730_R	0.0	0.0019222508188647	cluster_0_1_mixed	730	R	395.0
673_D	0.0	0.0019197621660692	cluster_0_1_mixed	673	D	342.0
803_W	0.0	0.0018903229459755	cluster_0_1_mixed	803	W	437.0
732_D	0.0	0.0018877915918555	cluster_0_1_mixed	732	D	397.0
646_T	0.0	0.0018693167754975	cluster_0_1_mixed	646	T	328.0
706_G	0.0	0.0018633031714512	cluster_0_1_mixed	706	G	371.0
610_D	0.0	0.001853891513831	cluster_0_1_mixed	610	D	293.0
192_M	0.0	0.0018284204210682	cluster_0_1_mixed	192	M	19.0
206_Q	0.0	0.0018247715983355	cluster_0_1_mixed	206	Q	33.0
599_E	0.0	0.0018201891310652	cluster_0_1_mixed	599	E	282.0
768_L	0.0	0.0018062693952436	cluster_0_1_mixed	768	L	415.0
882_A	0.0	0.0017990780248215	cluster_0_1_mixed	882	A	491.0
833_T	0.0	0.0017969220875845	cluster_0_1_mixed	833	T	454.0
188_K	0.0	0.0017742558769807	cluster_0_1_mixed	188	K	15.0
693_A	0.0	0.0017263480053403	cluster_0_1_mixed	693	A	358.0
766_A	0.0	0.0017246959683712	cluster_0_1_mixed	766	A	413.0
444_K	0.0	0.0016768075690154	cluster_0_1_mixed	444	K	190.0
848_D	0.0	0.0016658034931752	cluster_0_1_mixed	848	D	467.0
247_G	0.0	0.0016517511473815	cluster_0_1_mixed	247	G	65.0
600_A	0.0	0.001647573362591	cluster_0_1_mixed	600	A	283.0
347_V	0.0	0.0016434175746208	cluster_0_1_mixed	347	V	130.0
833_N	0.0	0.0016378907909242	cluster_0_1_mixed	833	N	454.0
893_E	0.0	0.0016213708207081	cluster_0_1_mixed	893	E	496.0
381_H	0.0	0.0016143724700496	cluster_0_1_mixed	381	H	146.0
746_E	0.0	0.0016083740091328	cluster_0_1_mixed	746	E	411.0
605_R	0.0	0.001579686170007	cluster_0_1_mixed	605	R	288.0
383_A	0.0	0.0015772345237666	cluster_0_1_mixed	383	A	148.0
353_Q	0.0	0.0015764664161158	cluster_0_1_mixed	353	Q	134.0
683_G	0.0	0.0015550101380495	cluster_0_1_mixed	683	G	352.0
191_S	0.0	0.0015541740049862	cluster_0_1_mixed	191	S	18.0
205_R	0.0	0.0015424805785826	cluster_0_1_mixed	205	R	32.0
754_E	0.0	0.0015278751868081	cluster_0_1_mixed	754	E	413.0
351_T	0.0	0.0015239832969792	cluster_0_1_mixed	351	T	132.0
930_T	0.0	0.0015109574675596	cluster_0_1_mixed	930	T	513.0
182_P	0.0	0.0015106834716492	cluster_0_1_mixed	182	P	11.0
280_N	0.0	0.0014998150196142	cluster_0_1_mixed	280	N	91.0
281_R	0.0	0.0014981762334139	cluster_0_1_mixed	281	R	92.0
684_M	0.0	0.0014971087760371	cluster_0_1_mixed	684	M	353.0
700_Q	0.0	0.0014930865383673	cluster_0_1_mixed	700	Q	365.0
241_Q	0.0	0.0014912911448094	cluster_0_1_mixed	241	Q	60.0
780_D	0.0	0.0014882697009029	cluster_0_1_mixed	780	D	424.0
265_D	0.0	0.0014866509826342	cluster_0_1_mixed	265	D	83.0
744_L	0.0	0.0014816954961535	cluster_0_1_mixed	744	L	409.0
189_D	0.0	0.0014812130836643	cluster_0_1_mixed	189	D	16.0
412_L	0.0	0.0014783752056862	cluster_0_1_mixed	412	L	171.0
266_S	0.0	0.0014752260050377	cluster_0_1_mixed	266	S	84.0
732_T	0.0	0.0014736059942912	cluster_0_1_mixed	732	T	397.0
823_L	0.0	0.0014733041281385	cluster_0_1_mixed	823	L	450.0
681_L	0.0	0.0014728774963873	cluster_0_1_mixed	681	L	350.0
182_N	0.0	0.0014655495416508	cluster_0_1_mixed	182	N	11.0
678_Q	0.0	0.0014607454819915	cluster_0_1_mixed	678	Q	347.0
724_L	0.0	0.0014557298930091	cluster_0_1_mixed	724	L	389.0
731_S	0.0	0.0014340519419783	cluster_0_1_mixed	731	S	396.0
895_D	0.0	0.0014129117676483	cluster_0_1_mixed	895	D	496.0
444_R	0.0	0.0014056925608035	cluster_0_1_mixed	444	R	190.0
627_V	0.0	0.0014012542654586	cluster_0_1_mixed	627	V	309.0
192_R	0.0	0.0014006280593271	cluster_0_1_mixed	192	R	19.0
810_Y	0.0	0.0013972777064112	cluster_0_1_mixed	810	Y	438.0
176_G	0.0	0.0013842326675607	cluster_0_1_mixed	176	G	5.0
179_M	0.0	0.0013779723740725	cluster_0_1_mixed	179	M	8.0
645_S	0.0	0.0013763581442778	cluster_0_1_mixed	645	S	327.0
206_D	0.0	0.0013724334470478	cluster_0_1_mixed	206	D	33.0
692_G	0.0	0.001372167344013	cluster_0_1_mixed	692	G	357.0
325_L	0.0	0.0013710927493113	cluster_0_1_mixed	325	L	115.0
315_Q	0.0	0.0013707624543135	cluster_0_1_mixed	315	Q	105.0
730_K	0.0	0.0013677885000151	cluster_0_1_mixed	730	K	395.0
618_I	0.0	0.0013617725014081	cluster_0_1_mixed	618	I	301.0
602_Q	0.0	0.0013604943212988	cluster_0_1_mixed	602	Q	285.0
185_L	0.0	0.0013301878767092	cluster_0_1_mixed	185	L	14.0
733_R	0.0	0.0013232264534476	cluster_0_1_mixed	733	R	398.0
622_Q	0.0	0.0013202439801939	cluster_0_1_mixed	622	Q	305.0
302_M	0.0	0.0013177603898109	cluster_0_1_mixed	302	M	102.0
706_S	0.0	0.0013156478534865	cluster_0_1_mixed	706	S	371.0
620_V	0.0	0.0013058850171577	cluster_0_1_mixed	620	V	303.0
609_K	0.0	0.0013052655382702	cluster_0_1_mixed	609	K	292.0
753_G	0.0	0.0012953973124594	cluster_0_1_mixed	753	G	413.0
881_A	0.0	0.0012810171567771	cluster_0_1_mixed	881	A	490.0
924_C	0.0	0.0012807725480449	cluster_0_1_mixed	924	C	507.0
387_R	0.0	0.0012775492961254	cluster_0_1_mixed	387	R	152.0
755_Q	0.0	0.0012739807262234	cluster_0_1_mixed	755	Q	413.0
838_I	0.0	0.0012692550208203	cluster_0_1_mixed	838	I	459.0
184_S	0.0	0.0012641986764955	cluster_0_1_mixed	184	S	13.0
745_G	0.0	0.0012607779509345	cluster_0_1_mixed	745	G	410.0
640_Y	0.0	0.0012572006367673	cluster_0_1_mixed	640	Y	322.0
886_A	0.0	0.0012385829146099	cluster_0_1_mixed	886	A	495.0
185_V	0.0	0.0012266654595351	cluster_0_1_mixed	185	V	14.0
318_P	0.0	0.0012233503313521	cluster_0_1_mixed	318	P	108.0
734_Y	0.0	0.0012197489644396	cluster_0_1_mixed	734	Y	399.0
636_Q	0.0	0.0012096251293582	cluster_0_1_mixed	636	Q	318.0
715_F	0.0	0.0012063930790646	cluster_0_1_mixed	715	F	380.0
615_S	0.0	0.0012026322339325	cluster_0_1_mixed	615	S	298.0
255_L	0.0	0.0011964111188593	cluster_0_1_mixed	255	L	73.0
349_E	0.0	0.0011945519130612	cluster_0_1_mixed	349	E	131.0
838_L	0.0	0.0011883005038247	cluster_0_1_mixed	838	L	459.0
693_F	0.0	0.001180310328684	cluster_0_1_mixed	693	F	358.0
699_T	0.0	0.0011754348921202	cluster_0_1_mixed	699	T	364.0
727_M	0.0	0.0011746417150144	cluster_0_1_mixed	727	M	392.0
871_E	0.0	0.0011744157076587	cluster_0_1_mixed	871	E	480.0
837_S	0.0	0.0011687295752122	cluster_0_1_mixed	837	S	458.0
377_T	0.0	0.0011670502557683	cluster_0_1_mixed	377	T	142.0
640_F	0.0	0.0011609182641544	cluster_0_1_mixed	640	F	322.0
758_L	0.0	0.0011412081308861	cluster_0_1_mixed	758	L	413.0
227_A	0.0	0.0011372974294568	cluster_0_1_mixed	227	A	53.0
767_V	0.0	0.001136437653519	cluster_0_1_mixed	767	V	414.0
857_A	0.0	0.0011338332330591	cluster_0_1_mixed	857	A	472.0
757_I	0.0	0.0011240956797462	cluster_0_1_mixed	757	I	413.0
629_T	0.0	0.0011215260650639	cluster_0_1_mixed	629	T	311.0
241_N	0.0	0.0011212104963225	cluster_0_1_mixed	241	N	60.0
410_D	0.0	0.0011209449349617	cluster_0_1_mixed	410	D	169.0
209_H	0.0	0.0011163504277636	cluster_0_1_mixed	209	H	36.0
209_L	0.0	0.001110044560131	cluster_0_1_mixed	209	L	36.0
212_T	0.0	0.0011050915449208	cluster_0_1_mixed	212	T	39.0
249_A	0.0	0.0010928385545072	cluster_0_1_mixed	249	A	67.0
202_V	0.0	0.0010916493369597	cluster_0_1_mixed	202	V	29.0
382_N	0.0	0.0010913388998851	cluster_0_1_mixed	382	N	147.0
603_I	0.0	0.0010869334454838	cluster_0_1_mixed	603	I	286.0
858_S	0.0	0.0010864304258467	cluster_0_1_mixed	858	S	473.0
823_K	0.0	0.0010862215719513	cluster_0_1_mixed	823	K	450.0
644_G	0.0	0.0010853946010227	cluster_0_1_mixed	644	G	326.0
467_S	0.0	0.0010832464781156	cluster_0_1_mixed	467	S	210.0
266_T	0.0	0.0010799889264706	cluster_0_1_mixed	266	T	84.0
322_I	0.0	0.0010696340225396	cluster_0_1_mixed	322	I	112.0
208_T	0.0	0.0010689982998038	cluster_0_1_mixed	208	T	35.0
368_P	0.0	0.0010655964136602	cluster_0_1_mixed	368	P	139.0
329_Q	0.0	0.001065466930722	cluster_0_1_mixed	329	Q	118.0
673_G	0.0	0.0010653138047344	cluster_0_1_mixed	673	G	342.0
398_I	0.0	0.0010390063430407	cluster_0_1_mixed	398	I	157.0
744_I	0.0	0.0010382058227304	cluster_0_1_mixed	744	I	409.0
262_S	0.0	0.0010343047859749	cluster_0_1_mixed	262	S	80.0
922_L	0.0	0.0010335336083938	cluster_0_1_mixed	922	L	505.0
175_F	0.0	0.0010328903967264	cluster_0_1_mixed	175	F	4.0
606_L	0.0	0.0010284293627379	cluster_0_1_mixed	606	L	289.0
264_V	0.0	0.001027032491757	cluster_0_1_mixed	264	V	82.0
263_H	0.0	0.0010201423401911	cluster_0_1_mixed	263	H	81.0
191_A	0.0	0.0010184349833484	cluster_0_1_mixed	191	A	18.0
930_M	0.0	0.0010176187240894	cluster_0_1_mixed	930	M	513.0
880_F	0.0	0.001016020807536	cluster_0_1_mixed	880	F	489.0
743_H	0.0	0.0010009704970471	cluster_0_1_mixed	743	H	408.0
777_T	0.0	0.0010005183553486	cluster_0_1_mixed	777	T	422.0
849_F	0.0	0.0009957541918736	cluster_0_1_mixed	849	F	467.0
323_D	0.0	0.0009923265531955	cluster_0_1_mixed	323	D	113.0
363_L	0.0	0.0009815264656614	cluster_0_1_mixed	363	L	137.0
302_I	0.0	0.000978453349073	cluster_0_1_mixed	302	I	102.0
214_D	0.0	0.000977205845462	cluster_0_1_mixed	214	D	40.0
346_T	0.0	0.0009700682791018	cluster_0_1_mixed	346	T	130.0
671_S	0.0	0.0009691116437382	cluster_0_1_mixed	671	S	340.0
204_N	0.0	0.0009643455090698	cluster_0_1_mixed	204	N	31.0
264_I	0.0	0.0009639514761471	cluster_0_1_mixed	264	I	82.0
277_F	0.0	0.000953304139393	cluster_0_1_mixed	277	F	88.0
379_L	0.0	0.0009513833017298	cluster_0_1_mixed	379	L	144.0
302_C	0.0	0.0009505131859102	cluster_0_1_mixed	302	C	102.0
854_A	0.0	0.0009498754920175	cluster_0_1_mixed	854	A	469.0
831_S	0.0	0.000946766822334	cluster_0_1_mixed	831	S	454.0
682_S	0.0	0.0009463936328912	cluster_0_1_mixed	682	S	351.0
379_V	0.0	0.0009448676953306	cluster_0_1_mixed	379	V	144.0
796_V	0.0	0.0009442770222063	cluster_0_1_mixed	796	V	430.0
183_T	0.0	0.0009391472347908	cluster_0_1_mixed	183	T	12.0
793_D	0.0	0.0009363636412578	cluster_0_1_mixed	793	D	428.0
443_Q	0.0	0.0009269462707047	cluster_0_1_mixed	443	Q	190.0
919_F	0.0	0.000922286145766	cluster_0_1_mixed	919	F	502.0
919_H	0.0	0.0009212087227246	cluster_0_1_mixed	919	H	502.0
366_V	0.0	0.0009172469468278	cluster_0_1_mixed	366	V	139.0
652_P	0.0	0.0009124167988899	cluster_0_1_mixed	652	P	334.0
580_G	0.0	0.0009105658403845	cluster_0_1_mixed	580	G	264.0
682_A	0.0	0.0009078195729595	cluster_0_1_mixed	682	A	351.0
776_G	0.0	0.0008989426220212	cluster_0_1_mixed	776	G	422.0
756_S	0.0	0.0008988017344601	cluster_0_1_mixed	756	S	413.0
364_P	0.0	0.0008961556778452	cluster_0_1_mixed	364	P	138.0
882_V	0.0	0.0008951123310498	cluster_0_1_mixed	882	V	491.0
177_P	0.0	0.0008944660205889	cluster_0_1_mixed	177	P	6.0
824_M	0.0	0.000889644834013	cluster_0_1_mixed	824	M	451.0
222_I	0.0	0.0008887530992116	cluster_0_1_mixed	222	I	48.0
856_N	0.0	0.0008825758668847	cluster_0_1_mixed	856	N	471.0
277_A	0.0	0.0008825234210007	cluster_0_1_mixed	277	A	88.0
698_F	0.0	0.0008817643502812	cluster_0_1_mixed	698	F	363.0
222_V	0.0	0.0008800051194346	cluster_0_1_mixed	222	V	48.0
775_Q	0.0	0.0008796585586244	cluster_0_1_mixed	775	Q	422.0
447_K	0.0	0.0008780475270604	cluster_0_1_mixed	447	K	193.0
407_N	0.0	0.0008745436424033	cluster_0_1_mixed	407	N	166.0
736_F	0.0	0.0008662049971949	cluster_0_1_mixed	736	F	401.0
712_A	0.0	0.0008646389538128	cluster_0_1_mixed	712	A	377.0
263_Y	0.0	0.0008641379057232	cluster_0_1_mixed	263	Y	81.0
916_V	0.0	0.0008634434130419	cluster_0_1_mixed	916	V	502.0
740_S	0.0	0.0008565611971962	cluster_0_1_mixed	740	S	405.0
609_R	0.0	0.000854817911526	cluster_0_1_mixed	609	R	292.0
885_A	0.0	0.0008543746363991	cluster_0_1_mixed	885	A	494.0
386_P	0.0	0.0008501697951064	cluster_0_1_mixed	386	P	151.0
367_G	0.0	0.0008488568674649	cluster_0_1_mixed	367	G	139.0
401_D	0.0	0.0008481218111652	cluster_0_1_mixed	401	D	160.0
716_A	0.0	0.0008467853846055	cluster_0_1_mixed	716	A	381.0
715_Y	0.0	0.0008378553957879	cluster_0_1_mixed	715	Y	380.0
683_A	0.0	0.0008316066996214	cluster_0_1_mixed	683	A	352.0
461_T	0.0	0.0008304462522355	cluster_0_1_mixed	461	T	206.0
402_W	0.0	0.0008279125541732	cluster_0_1_mixed	402	W	161.0
935_T	0.0	0.0008274934583213	cluster_0_1_mixed	935	T	518.0
402_Y	0.0	0.0008263696029359	cluster_0_1_mixed	402	Y	161.0
224_Y	0.0	0.0008225332746364	cluster_0_1_mixed	224	Y	50.0
877_D	0.0	0.0008214203530277	cluster_0_1_mixed	877	D	486.0
228_V	0.0	0.0008205735861337	cluster_0_1_mixed	228	V	54.0
206_S	0.0	0.0008200659009863	cluster_0_1_mixed	206	S	33.0
420_P	0.0	0.0008171856237277	cluster_0_1_mixed	420	P	179.0
602_R	0.0	0.0008166836122083	cluster_0_1_mixed	602	R	285.0
796_T	0.0	0.0008153093561237	cluster_0_1_mixed	796	T	430.0
596_E	0.0	0.0008151122886505	cluster_0_1_mixed	596	E	279.0
328_N	0.0	0.000813833331708	cluster_0_1_mixed	328	N	118.0
716_P	0.0	0.0008136352880925	cluster_0_1_mixed	716	P	381.0
197_D	0.0	0.0008125946115763	cluster_0_1_mixed	197	D	24.0
687_T	0.0	0.0008092402685058	cluster_0_1_mixed	687	T	356.0
267_H	0.0	0.0008050442486286	cluster_0_1_mixed	267	H	85.0
385_A	0.0	0.0008032187547723	cluster_0_1_mixed	385	A	150.0
613_G	0.0	0.0007994422843359	cluster_0_1_mixed	613	G	296.0
581_L	0.0	0.000798530181243	cluster_0_1_mixed	581	L	265.0
227_V	0.0	0.0007967670095115	cluster_0_1_mixed	227	V	53.0
349_V	0.0	0.0007962443030149	cluster_0_1_mixed	349	V	131.0
223_F	0.0	0.0007946190474438	cluster_0_1_mixed	223	F	49.0
321_S	0.0	0.0007932300972992	cluster_0_1_mixed	321	S	111.0
330_T	0.0	0.0007919331252086	cluster_0_1_mixed	330	T	119.0
251_F	0.0	0.0007905498943529	cluster_0_1_mixed	251	F	69.0
937_I	0.0	0.0007878977017951	cluster_0_1_mixed	937	I	520.0
717_D	0.0	0.0007827236168917	cluster_0_1_mixed	717	D	382.0
223_Y	0.0	0.0007820249249712	cluster_0_1_mixed	223	Y	49.0
215_I	0.0	0.0007798370345562	cluster_0_1_mixed	215	I	41.0
245_A	0.0	0.0007782067890924	cluster_0_1_mixed	245	A	64.0
258_F	0.0	0.000769177493172	cluster_0_1_mixed	258	F	76.0
280_Y	0.0	0.000767838086182	cluster_0_1_mixed	280	Y	91.0
800_T	0.0	0.0007626308901946	cluster_0_1_mixed	800	T	434.0
382_C	0.0	0.0007596636697502	cluster_0_1_mixed	382	C	147.0
242_I	0.0	0.0007572817898866	cluster_0_1_mixed	242	I	61.0
800_Q	0.0	0.0007566423282898	cluster_0_1_mixed	800	Q	434.0
733_K	0.0	0.0007554633321564	cluster_0_1_mixed	733	K	398.0
636_D	0.0	0.0007487993336857	cluster_0_1_mixed	636	D	318.0
596_Q	0.0	0.0007483021704628	cluster_0_1_mixed	596	Q	279.0
919_Y	0.0	0.0007457612042889	cluster_0_1_mixed	919	Y	502.0
337_Y	0.0	0.0007441178353268	cluster_0_1_mixed	337	Y	126.0
365_T	0.0	0.0007434729858872	cluster_0_1_mixed	365	T	139.0
646_D	0.0	0.0007425021600298	cluster_0_1_mixed	646	D	328.0
293_I	0.0	0.000740074026621	cluster_0_1_mixed	293	I	93.0
351_S	0.0	0.0007397840004923	cluster_0_1_mixed	351	S	132.0
938_D	0.0	0.000739343907495	cluster_0_1_mixed	938	D	521.0
605_E	0.0	0.0007355937893505	cluster_0_1_mixed	605	E	288.0
255_I	0.0	0.0007342800826971	cluster_0_1_mixed	255	I	73.0
368_Q	0.0	0.0007327034835919	cluster_0_1_mixed	368	Q	139.0
854_T	0.0	0.0007325134902463	cluster_0_1_mixed	854	T	469.0
816_K	0.0	0.0007281721823431	cluster_0_1_mixed	816	K	443.0
362_G	0.0	0.0007255667961403	cluster_0_1_mixed	362	G	136.0
623_G	0.0	0.0007252142445257	cluster_0_1_mixed	623	G	306.0
692_L	0.0	0.0007230279640796	cluster_0_1_mixed	692	L	357.0
651_N	0.0	0.0007196969665394	cluster_0_1_mixed	651	N	333.0
736_Y	0.0	0.0007195530903754	cluster_0_1_mixed	736	Y	401.0
669_T	0.0	0.0007190194705582	cluster_0_1_mixed	669	T	340.0
333_P	0.0	0.0007161912107458	cluster_0_1_mixed	333	P	122.0
249_G	0.0	0.0007150355728524	cluster_0_1_mixed	249	G	67.0
267_F	0.0	0.0007139770588744	cluster_0_1_mixed	267	F	85.0
213_T	0.0	0.0007120559345551	cluster_0_1_mixed	213	T	40.0
742_A	0.0	0.0007077538456624	cluster_0_1_mixed	742	A	407.0
725_N	0.0	0.0007055968565632	cluster_0_1_mixed	725	N	390.0
384_F	0.0	0.0007021549584135	cluster_0_1_mixed	384	F	149.0
467_E	0.0	0.0007001083269568	cluster_0_1_mixed	467	E	210.0
334_T	0.0	0.0006971150384733	cluster_0_1_mixed	334	T	123.0
618_K	0.0	0.0006966341706777	cluster_0_1_mixed	618	K	301.0
715_M	0.0	0.0006960165091334	cluster_0_1_mixed	715	M	380.0
938_S	0.0	0.0006939244651973	cluster_0_1_mixed	938	S	521.0
803_Y	0.0	0.0006903998165218	cluster_0_1_mixed	803	Y	437.0
329_A	0.0	0.0006891999907046	cluster_0_1_mixed	329	A	118.0
844_G	0.0	0.00068615612838	cluster_0_1_mixed	844	G	465.0
599_R	0.0	0.0006859098515473	cluster_0_1_mixed	599	R	282.0
610_N	0.0	0.0006838724621734	cluster_0_1_mixed	610	N	293.0
678_L	0.0	0.0006835193766069	cluster_0_1_mixed	678	L	347.0
734_W	0.0	0.000679663198744	cluster_0_1_mixed	734	W	399.0
881_Q	0.0	0.0006789858351722	cluster_0_1_mixed	881	Q	490.0
644_S	0.0	0.0006749511774137	cluster_0_1_mixed	644	S	326.0
701_K	0.0	0.0006734300724148	cluster_0_1_mixed	701	K	366.0
820_V	0.0	0.0006705733752428	cluster_0_1_mixed	820	V	447.0
837_T	0.0	0.0006691326102371	cluster_0_1_mixed	837	T	458.0
918_M	0.0	0.0006684548786648	cluster_0_1_mixed	918	M	502.0
468_V	0.0	0.0006674294617199	cluster_0_1_mixed	468	V	211.0
282_I	0.0	0.0006666957194008	cluster_0_1_mixed	282	I	93.0
180_T	0.0	0.0006660730904942	cluster_0_1_mixed	180	T	9.0
884_A	0.0	0.000665969425927	cluster_0_1_mixed	884	A	493.0
908_Q	0.0	0.0006657511996298	cluster_0_1_mixed	908	Q	496.0
213_F	0.0	0.0006651492858322	cluster_0_1_mixed	213	F	40.0
588_D	0.0	0.0006624681957626	cluster_0_1_mixed	588	D	272.0
694_H	0.0	0.0006611691764533	cluster_0_1_mixed	694	H	359.0
907_G	0.0	0.0006598765271646	cluster_0_1_mixed	907	G	496.0
654_L	0.0	0.0006543221937417	cluster_0_1_mixed	654	L	336.0
265_Q	0.0	0.0006539675338687	cluster_0_1_mixed	265	Q	83.0
355_Y	0.0	0.0006513516812746	cluster_0_1_mixed	355	Y	134.0
892_S	0.0	0.00065130721116	cluster_0_1_mixed	892	S	496.0
873_N	0.0	0.0006506056190478	cluster_0_1_mixed	873	N	482.0
653_I	0.0	0.0006486279175441	cluster_0_1_mixed	653	I	335.0
854_E	0.0	0.00064836846055	cluster_0_1_mixed	854	E	469.0
836_G	0.0	0.0006457033455071	cluster_0_1_mixed	836	G	457.0
292_R	0.0	0.0006450298747563	cluster_0_1_mixed	292	R	93.0
260_H	0.0	0.0006409797101802	cluster_0_1_mixed	260	H	78.0
712_V	0.0	0.0006396764839053	cluster_0_1_mixed	712	V	377.0
333_A	0.0	0.0006386225281803	cluster_0_1_mixed	333	A	122.0
697_K	0.0	0.0006375095178195	cluster_0_1_mixed	697	K	362.0
239_S	0.0	0.0006367026055882	cluster_0_1_mixed	239	S	58.0
325_V	0.0	0.0006348247333578	cluster_0_1_mixed	325	V	115.0
349_N	0.0	0.000634776350708	cluster_0_1_mixed	349	N	131.0
331_V	0.0	0.0006342450650915	cluster_0_1_mixed	331	V	120.0
188_H	0.0	0.0006292779750245	cluster_0_1_mixed	188	H	15.0
216_G	0.0	0.0006279831666938	cluster_0_1_mixed	216	G	42.0
403_F	0.0	0.0006272925957347	cluster_0_1_mixed	403	F	162.0
719_A	0.0	0.0006232796375784	cluster_0_1_mixed	719	A	384.0
930_Y	0.0	0.000622473722381	cluster_0_1_mixed	930	Y	513.0
220_Y	0.0	0.0006221375570072	cluster_0_1_mixed	220	Y	46.0
873_T	0.0	0.0006215316669473	cluster_0_1_mixed	873	T	482.0
202_K	0.0	0.0006211657036651	cluster_0_1_mixed	202	K	29.0
721_Q	0.0	0.0006201410965181	cluster_0_1_mixed	721	Q	386.0
871_Q	0.0	0.0006191383082676	cluster_0_1_mixed	871	Q	480.0
341_G	0.0	0.0006190620715473	cluster_0_1_mixed	341	G	130.0
276_F	0.0	0.0006161183647404	cluster_0_1_mixed	276	F	87.0
667_S	0.0	0.0006154062161493	cluster_0_1_mixed	667	S	339.0
878_C	0.0	0.0006149549819068	cluster_0_1_mixed	878	C	487.0
713_S	0.0	0.0006149131924774	cluster_0_1_mixed	713	S	378.0
218_E	0.0	0.0006148808555908	cluster_0_1_mixed	218	E	44.0
239_T	0.0	0.00061432219432	cluster_0_1_mixed	239	T	58.0
814_K	0.0	0.0006142523732987	cluster_0_1_mixed	814	K	441.0
448_Q	0.0	0.0006105953787696	cluster_0_1_mixed	448	Q	194.0
256_F	0.0	0.0006099568530129	cluster_0_1_mixed	256	F	74.0
845_R	0.0	0.0006083459144884	cluster_0_1_mixed	845	R	466.0
626_N	0.0	0.0006078174455942	cluster_0_1_mixed	626	N	309.0
449_K	0.0	0.0006061930904482	cluster_0_1_mixed	449	K	195.0
228_L	0.0	0.0006051017808361	cluster_0_1_mixed	228	L	54.0
338_P	0.0	0.0006033064579826	cluster_0_1_mixed	338	P	127.0
172_M	0.0	0.0006020746983393	cluster_0_1_mixed	172	M	1.0
920_N	0.0	0.0006015045607406	cluster_0_1_mixed	920	N	503.0
628_V	0.0	0.0006012125459216	cluster_0_1_mixed	628	V	310.0
353_S	0.0	0.0005999990108995	cluster_0_1_mixed	353	S	134.0
415_D	0.0	0.0005991121719027	cluster_0_1_mixed	415	D	174.0
360_Y	0.0	0.0005977706980622	cluster_0_1_mixed	360	Y	134.0
921_K	0.0	0.0005963200498933	cluster_0_1_mixed	921	K	504.0
479_A	0.0	0.0005954564762487	cluster_0_1_mixed	479	A	221.0
236_P	0.0	0.0005949004900016	cluster_0_1_mixed	236	P	55.0
932_G	0.0	0.0005918511408921	cluster_0_1_mixed	932	G	515.0
868_T	0.0	0.0005905650907433	cluster_0_1_mixed	868	T	477.0
263_S	0.0	0.000588824525126	cluster_0_1_mixed	263	S	81.0
253_P	0.0	0.0005857704192466	cluster_0_1_mixed	253	P	71.0
801_P	0.0	0.0005848743978549	cluster_0_1_mixed	801	P	435.0
852_I	0.0	0.000583655894485	cluster_0_1_mixed	852	I	467.0
880_C	0.0	0.0005831865958386	cluster_0_1_mixed	880	C	489.0
737_Y	0.0	0.0005809359773378	cluster_0_1_mixed	737	Y	402.0
894_Q	0.0	0.0005734870650391	cluster_0_1_mixed	894	Q	496.0
882_Q	0.0	0.0005703501955828	cluster_0_1_mixed	882	Q	491.0
882_S	0.0	0.0005699763161078	cluster_0_1_mixed	882	S	491.0
717_K	0.0	0.000569309755929	cluster_0_1_mixed	717	K	382.0
422_D	0.0	0.0005689561175156	cluster_0_1_mixed	422	D	180.0
820_I	0.0	0.0005674159297798	cluster_0_1_mixed	820	I	447.0
322_T	0.0	0.0005666203972302	cluster_0_1_mixed	322	T	112.0
851_F	0.0	0.0005652080080187	cluster_0_1_mixed	851	F	467.0
742_S	0.0	0.0005639613829492	cluster_0_1_mixed	742	S	407.0
380_S	0.0	0.0005626733981317	cluster_0_1_mixed	380	S	145.0
662_S	0.0	0.0005617338057013	cluster_0_1_mixed	662	S	339.0
193_I	0.0	0.000561673030527	cluster_0_1_mixed	193	I	20.0
652_E	0.0	0.0005603754023133	cluster_0_1_mixed	652	E	334.0
846_I	0.0	0.0005600364051519	cluster_0_1_mixed	846	I	467.0
868_S	0.0	0.0005595514407856	cluster_0_1_mixed	868	S	477.0
198_P	0.0	0.0005579504923871	cluster_0_1_mixed	198	P	25.0
881_F	0.0	0.0005573892162337	cluster_0_1_mixed	881	F	490.0
747_Q	0.0	0.0005563246518584	cluster_0_1_mixed	747	Q	412.0
261_N	0.0	0.0005560012236141	cluster_0_1_mixed	261	N	79.0
939_H	0.0	0.0005544498651496	cluster_0_1_mixed	939	H	522.0
466_D	0.0	0.0005544390482269	cluster_0_1_mixed	466	D	209.0
589_D	0.0	0.0005538427952075	cluster_0_1_mixed	589	D	272.0
419_G	0.0	0.0005506824487971	cluster_0_1_mixed	419	G	178.0
725_R	0.0	0.0005505327128956	cluster_0_1_mixed	725	R	390.0
883_S	0.0	0.0005492357463895	cluster_0_1_mixed	883	S	492.0
894_V	0.0	0.0005484170009578	cluster_0_1_mixed	894	V	496.0
448_R	0.0	0.0005481273114826	cluster_0_1_mixed	448	R	194.0
935_G	0.0	0.0005462119233216	cluster_0_1_mixed	935	G	518.0
923_K	0.0	0.0005461708108995	cluster_0_1_mixed	923	K	506.0
654_A	0.0	0.0005458402062174	cluster_0_1_mixed	654	A	336.0
651_Q	0.0	0.0005430896084955	cluster_0_1_mixed	651	Q	333.0
317_N	0.0	0.0005427451295364	cluster_0_1_mixed	317	N	107.0
734_F	0.0	0.0005426098581249	cluster_0_1_mixed	734	F	399.0
698_V	0.0	0.0005420584194816	cluster_0_1_mixed	698	V	363.0
265_Y	0.0	0.00054104056628	cluster_0_1_mixed	265	Y	83.0
917_Y	0.0	0.0005361884661048	cluster_0_1_mixed	917	Y	502.0
467_A	0.0	0.0005344028827677	cluster_0_1_mixed	467	A	210.0
410_N	0.0	0.0005340732331082	cluster_0_1_mixed	410	N	169.0
607_L	0.0	0.0005330477904297	cluster_0_1_mixed	607	L	290.0
468_A	0.0	0.0005304096205448	cluster_0_1_mixed	468	A	211.0
385_P	0.0	0.000528745552898	cluster_0_1_mixed	385	P	150.0
835_T	0.0	0.000527960117478	cluster_0_1_mixed	835	T	456.0
731_Q	0.0	0.000527630087342	cluster_0_1_mixed	731	Q	396.0
770_K	0.0	0.0005249784800865	cluster_0_1_mixed	770	K	417.0
260_D	0.0	0.0005237089416806	cluster_0_1_mixed	260	D	78.0
703_V	0.0	0.0005230672319115	cluster_0_1_mixed	703	V	368.0
707_I	0.0	0.000522560623218	cluster_0_1_mixed	707	I	372.0
258_V	0.0	0.0005224664397927	cluster_0_1_mixed	258	V	76.0
646_S	0.0	0.000520149964595	cluster_0_1_mixed	646	S	328.0
850_G	0.0	0.0005192370040212	cluster_0_1_mixed	850	G	467.0
332_N	0.0	0.0005162994697161	cluster_0_1_mixed	332	N	121.0
242_M	0.0	0.00051495839978	cluster_0_1_mixed	242	M	61.0
181_L	0.0	0.0005145750095341	cluster_0_1_mixed	181	L	10.0
218_K	0.0	0.0005140049456373	cluster_0_1_mixed	218	K	44.0
480_A	0.0	0.000511514952087	cluster_0_1_mixed	480	A	221.0
312_Q	0.0	0.0005082311063951	cluster_0_1_mixed	312	Q	102.0
229_P	0.0	0.000507783763719	cluster_0_1_mixed	229	P	55.0
470_L	0.0	0.0005067743099619	cluster_0_1_mixed	470	L	213.0
265_E	0.0	0.0005037507911099	cluster_0_1_mixed	265	E	83.0
702_C	0.0	0.0005030565261376	cluster_0_1_mixed	702	C	367.0
329_T	0.0	0.000502566100559	cluster_0_1_mixed	329	T	118.0
915_Y	0.0	0.000502131979534	cluster_0_1_mixed	915	Y	502.0
243_D	0.0	0.0005016477631416	cluster_0_1_mixed	243	D	62.0
801_E	0.0	0.0005012367633997	cluster_0_1_mixed	801	E	435.0
596_D	0.0	0.0005005323947766	cluster_0_1_mixed	596	D	279.0
887_N	0.0	0.0004994486398328	cluster_0_1_mixed	887	N	496.0
824_F	0.0	0.0004968647409815	cluster_0_1_mixed	824	F	451.0
936_L	0.0	0.000495932360628	cluster_0_1_mixed	936	L	519.0
684_G	0.0	0.0004933249882499	cluster_0_1_mixed	684	G	353.0
892_T	0.0	0.0004928070692589	cluster_0_1_mixed	892	T	496.0
840_F	0.0	0.0004907981666503	cluster_0_1_mixed	840	F	461.0
852_E	0.0	0.0004907692535367	cluster_0_1_mixed	852	E	467.0
334_A	0.0	0.00048940087984	cluster_0_1_mixed	334	A	123.0
385_W	0.0	0.0004873534653679	cluster_0_1_mixed	385	W	150.0
686_T	0.0	0.0004868520722007	cluster_0_1_mixed	686	T	355.0
216_A	0.0	0.0004867870049388	cluster_0_1_mixed	216	A	42.0
719_T	0.0	0.0004854833907182	cluster_0_1_mixed	719	T	384.0
590_T	0.0	0.0004843431849685	cluster_0_1_mixed	590	T	273.0
731_R	0.0	0.0004832521440804	cluster_0_1_mixed	731	R	396.0
336_G	0.0	0.0004810545747729	cluster_0_1_mixed	336	G	125.0
590_D	0.0	0.0004801408712534	cluster_0_1_mixed	590	D	273.0
188_S	0.0	0.0004794916368345	cluster_0_1_mixed	188	S	15.0
743_T	0.0	0.0004792072805492	cluster_0_1_mixed	743	T	408.0
703_E	0.0	0.0004776528164911	cluster_0_1_mixed	703	E	368.0
356_F	0.0	0.0004765357108716	cluster_0_1_mixed	356	F	134.0
937_L	0.0	0.0004763001027173	cluster_0_1_mixed	937	L	520.0
593_T	0.0	0.0004759055891621	cluster_0_1_mixed	593	T	276.0
376_V	0.0	0.0004738293881358	cluster_0_1_mixed	376	V	141.0
340_G	0.0	0.0004732992194091	cluster_0_1_mixed	340	G	129.0
858_T	0.0	0.0004725371279488	cluster_0_1_mixed	858	T	473.0
361_M	0.0	0.0004721404584637	cluster_0_1_mixed	361	M	135.0
297_N	0.0	0.0004721166653582	cluster_0_1_mixed	297	N	97.0
470_I	0.0	0.0004713143402953	cluster_0_1_mixed	470	I	213.0
670_G	0.0	0.0004712393021539	cluster_0_1_mixed	670	G	340.0
217_G	0.0	0.000470677079928	cluster_0_1_mixed	217	G	43.0
447_W	0.0	0.0004703109949449	cluster_0_1_mixed	447	W	193.0
196_A	0.0	0.0004693582362676	cluster_0_1_mixed	196	A	23.0
461_P	0.0	0.0004691234514862	cluster_0_1_mixed	461	P	206.0
406_Q	0.0	0.0004686224641216	cluster_0_1_mixed	406	Q	165.0
696_G	0.0	0.0004678891404985	cluster_0_1_mixed	696	G	361.0
305_G	0.0	0.0004656615894686	cluster_0_1_mixed	305	G	102.0
313_G	0.0	0.000465483716097	cluster_0_1_mixed	313	G	103.0
932_S	0.0	0.0004644412488876	cluster_0_1_mixed	932	S	515.0
850_I	0.0	0.0004637652372522	cluster_0_1_mixed	850	I	467.0
282_L	0.0	0.0004634393858246	cluster_0_1_mixed	282	L	93.0
851_Q	0.0	0.0004633479327853	cluster_0_1_mixed	851	Q	467.0
853_Q	0.0	0.0004629197404051	cluster_0_1_mixed	853	Q	468.0
731_F	0.0	0.0004625011210638	cluster_0_1_mixed	731	F	396.0
269_F	0.0	0.0004623503441095	cluster_0_1_mixed	269	F	87.0
350_S	0.0	0.0004619449561245	cluster_0_1_mixed	350	S	131.0
296_D	0.0	0.0004617653303983	cluster_0_1_mixed	296	D	96.0
268_F	0.0	0.0004612424273711	cluster_0_1_mixed	268	F	86.0
173_M	0.0	0.0004605833513143	cluster_0_1_mixed	173	M	2.0
647_R	0.0	0.0004603625068352	cluster_0_1_mixed	647	R	329.0
606_F	0.0	0.0004589062703536	cluster_0_1_mixed	606	F	289.0
933_T	0.0	0.000458738171825	cluster_0_1_mixed	933	T	516.0
367_I	0.0	0.0004583055684826	cluster_0_1_mixed	367	I	139.0
386_H	0.0	0.0004579659627343	cluster_0_1_mixed	386	H	151.0
696_H	0.0	0.0004551830829731	cluster_0_1_mixed	696	H	361.0
300_K	0.0	0.0004549977159477	cluster_0_1_mixed	300	K	100.0
475_S	0.0	0.0004547357537094	cluster_0_1_mixed	475	S	218.0
207_K	0.0	0.00045389953516	cluster_0_1_mixed	207	K	34.0
459_P	0.0	0.0004538743650756	cluster_0_1_mixed	459	P	205.0
337_S	0.0	0.0004532793481803	cluster_0_1_mixed	337	S	126.0
389_Y	0.0	0.0004531937357473	cluster_0_1_mixed	389	Y	154.0
713_C	0.0	0.0004530799414627	cluster_0_1_mixed	713	C	378.0
697_S	0.0	0.000452789864487	cluster_0_1_mixed	697	S	362.0
202_T	0.0	0.0004518527738926	cluster_0_1_mixed	202	T	29.0
832_S	0.0	0.0004517499628076	cluster_0_1_mixed	832	S	454.0
823_A	0.0	0.0004507551081348	cluster_0_1_mixed	823	A	450.0
666_S	0.0	0.0004488206655242	cluster_0_1_mixed	666	S	339.0
658_S	0.0	0.0004486704203781	cluster_0_1_mixed	658	S	339.0
916_L	0.0	0.0004482026778521	cluster_0_1_mixed	916	L	502.0
718_L	0.0	0.0004477137090886	cluster_0_1_mixed	718	L	383.0
826_S	0.0	0.0004468191815736	cluster_0_1_mixed	826	S	453.0
417_D	0.0	0.0004465548008685	cluster_0_1_mixed	417	D	176.0
605_G	0.0	0.0004453792509424	cluster_0_1_mixed	605	G	288.0
774_A	0.0	0.0004434082950329	cluster_0_1_mixed	774	A	421.0
435_I	0.0	0.0004430023318079	cluster_0_1_mixed	435	I	188.0
918_L	0.0	0.000441205196748	cluster_0_1_mixed	918	L	502.0
262_P	0.0	0.0004411641430496	cluster_0_1_mixed	262	P	80.0
215_D	0.0	0.0004411144303853	cluster_0_1_mixed	215	D	41.0
299_Q	0.0	0.0004402319263052	cluster_0_1_mixed	299	Q	99.0
335_G	0.0	0.0004399279247173	cluster_0_1_mixed	335	G	124.0
819_T	0.0	0.0004395807547008	cluster_0_1_mixed	819	T	446.0
195_H	0.0	0.000439351599616	cluster_0_1_mixed	195	H	22.0
515_V	0.0	0.0004378283366177	cluster_0_1_mixed	515	V	221.0
656_Q	0.0	0.000437753422046	cluster_0_1_mixed	656	Q	338.0
382_S	0.0	0.0004376111744172	cluster_0_1_mixed	382	S	147.0
247_A	0.0	0.000436212042916	cluster_0_1_mixed	247	A	65.0
859_F	0.0	0.0004361607682533	cluster_0_1_mixed	859	F	474.0
180_H	0.0	0.0004358988121807	cluster_0_1_mixed	180	H	9.0
583_A	0.0	0.0004346164245475	cluster_0_1_mixed	583	A	267.0
631_P	0.0	0.0004342429424866	cluster_0_1_mixed	631	P	313.0
840_S	0.0	0.0004337102479986	cluster_0_1_mixed	840	S	461.0
227_C	0.0	0.0004307394153469	cluster_0_1_mixed	227	C	53.0
622_K	0.0	0.000430472373833	cluster_0_1_mixed	622	K	305.0
603_L	0.0	0.0004304022848841	cluster_0_1_mixed	603	L	286.0
840_A	0.0	0.0004303401661123	cluster_0_1_mixed	840	A	461.0
446_G	0.0	0.0004301460679391	cluster_0_1_mixed	446	G	192.0
196_V	0.0	0.0004289610225802	cluster_0_1_mixed	196	V	23.0
835_R	0.0	0.0004285934543665	cluster_0_1_mixed	835	R	456.0
183_S	0.0	0.0004276356540346	cluster_0_1_mixed	183	S	12.0
602_A	0.0	0.0004262842889904	cluster_0_1_mixed	602	A	285.0
181_R	0.0	0.0004262516832258	cluster_0_1_mixed	181	R	10.0
925_A	0.0	0.0004259707344714	cluster_0_1_mixed	925	A	508.0
854_S	0.0	0.0004254758162021	cluster_0_1_mixed	854	S	469.0
620_I	0.0	0.0004249958152491	cluster_0_1_mixed	620	I	303.0
906_N	0.0	0.0004247937875102	cluster_0_1_mixed	906	N	496.0
413_T	0.0	0.0004247254553922	cluster_0_1_mixed	413	T	172.0
327_V	0.0	0.0004246110532666	cluster_0_1_mixed	327	V	117.0
668_G	0.0	0.0004240952994631	cluster_0_1_mixed	668	G	340.0
254_L	0.0	0.0004240515419411	cluster_0_1_mixed	254	L	72.0
398_V	0.0	0.0004235969226941	cluster_0_1_mixed	398	V	157.0
835_A	0.0	0.0004234985371393	cluster_0_1_mixed	835	A	456.0
794_N	0.0	0.0004229832765246	cluster_0_1_mixed	794	N	429.0
367_V	0.0	0.0004228106483562	cluster_0_1_mixed	367	V	139.0
816_I	0.0	0.0004214638009675	cluster_0_1_mixed	816	I	443.0
254_P	0.0	0.0004214526960318	cluster_0_1_mixed	254	P	72.0
897_Q	0.0	0.0004209857410399	cluster_0_1_mixed	897	Q	496.0
884_P	0.0	0.0004209852386293	cluster_0_1_mixed	884	P	493.0
378_G	0.0	0.0004204700211689	cluster_0_1_mixed	378	G	143.0
931_F	0.0	0.0004198694961916	cluster_0_1_mixed	931	F	514.0
645_A	0.0	0.000418461136381	cluster_0_1_mixed	645	A	327.0
211_T	0.0	0.0004179260352197	cluster_0_1_mixed	211	T	38.0
369_T	0.0	0.0004176184282931	cluster_0_1_mixed	369	T	140.0
774_T	0.0	0.0004169572179087	cluster_0_1_mixed	774	T	421.0
329_I	0.0	0.0004167759091654	cluster_0_1_mixed	329	I	118.0
707_V	0.0	0.0004162191086997	cluster_0_1_mixed	707	V	372.0
875_E	0.0	0.0004158481278985	cluster_0_1_mixed	875	E	484.0
846_D	0.0	0.0004153379996979	cluster_0_1_mixed	846	D	467.0
174_I	0.0	0.0004130224409604	cluster_0_1_mixed	174	I	3.0
756_A	0.0	0.0004120638330042	cluster_0_1_mixed	756	A	413.0
212_A	0.0	0.0004111165484842	cluster_0_1_mixed	212	A	39.0
693_L	0.0	0.0004109579096593	cluster_0_1_mixed	693	L	358.0
699_S	0.0	0.0004099793817081	cluster_0_1_mixed	699	S	364.0
590_A	0.0	0.0004096357377266	cluster_0_1_mixed	590	A	273.0
181_Q	0.0	0.0004075877554645	cluster_0_1_mixed	181	Q	10.0
859_L	0.0	0.0004066240230315	cluster_0_1_mixed	859	L	474.0
586_S	0.0	0.0004064496465228	cluster_0_1_mixed	586	S	270.0
695_S	0.0	0.0004038559118759	cluster_0_1_mixed	695	S	360.0
347_I	0.0	0.0004034998090298	cluster_0_1_mixed	347	I	130.0
936_I	0.0	0.0004029924381439	cluster_0_1_mixed	936	I	519.0
397_K	0.0	0.0004026647953336	cluster_0_1_mixed	397	K	156.0
189_I	0.0	0.0004022193329581	cluster_0_1_mixed	189	I	16.0
582_Y	0.0	0.0004009496107925	cluster_0_1_mixed	582	Y	266.0
706_C	0.0	0.0004008919538091	cluster_0_1_mixed	706	C	371.0
205_L	0.0	0.0004008029266368	cluster_0_1_mixed	205	L	32.0
607_Y	0.0	0.0004000791109849	cluster_0_1_mixed	607	Y	290.0
712_M	0.0	0.0003990246259746	cluster_0_1_mixed	712	M	377.0
914_L	0.0	0.0003988835638556	cluster_0_1_mixed	914	L	501.0
370_V	0.0	0.0003987242237915	cluster_0_1_mixed	370	V	141.0
419_S	0.0	0.0003980707082923	cluster_0_1_mixed	419	S	178.0
591_A	0.0	0.0003980155396228	cluster_0_1_mixed	591	A	274.0
912_E	0.0	0.0003979979216617	cluster_0_1_mixed	912	E	499.0
606_W	0.0	0.000397981862644	cluster_0_1_mixed	606	W	289.0
323_A	0.0	0.000396627139926	cluster_0_1_mixed	323	A	113.0
466_P	0.0	0.000394622284103	cluster_0_1_mixed	466	P	209.0
324_Y	0.0	0.0003928762586967	cluster_0_1_mixed	324	Y	114.0
278_V	0.0	0.0003925136451545	cluster_0_1_mixed	278	V	89.0
192_Q	0.0	0.0003924718297303	cluster_0_1_mixed	192	Q	19.0
357_G	0.0	0.0003920454987237	cluster_0_1_mixed	357	G	134.0
328_T	0.0	0.0003919012032827	cluster_0_1_mixed	328	T	118.0
280_F	0.0	0.0003918035675914	cluster_0_1_mixed	280	F	91.0
843_M	0.0	0.0003905360095669	cluster_0_1_mixed	843	M	464.0
304_G	0.0	0.0003892297095723	cluster_0_1_mixed	304	G	102.0
743_M	0.0	0.0003888802048762	cluster_0_1_mixed	743	M	408.0
446_A	0.0	0.000388527644933	cluster_0_1_mixed	446	A	192.0
458_W	0.0	0.0003874304895071	cluster_0_1_mixed	458	W	204.0
198_I	0.0	0.00038653237318	cluster_0_1_mixed	198	I	25.0
462_Q	0.0	0.0003858309922525	cluster_0_1_mixed	462	Q	206.0
675_T	0.0	0.0003842679121627	cluster_0_1_mixed	675	T	344.0
276_V	0.0	0.0003829729270758	cluster_0_1_mixed	276	V	87.0
880_L	0.0	0.0003820442434966	cluster_0_1_mixed	880	L	489.0
363_I	0.0	0.0003817936034415	cluster_0_1_mixed	363	I	137.0
192_E	0.0	0.0003816815851629	cluster_0_1_mixed	192	E	19.0
353_F	0.0	0.0003816012549301	cluster_0_1_mixed	353	F	134.0
724_M	0.0	0.0003814895408805	cluster_0_1_mixed	724	M	389.0
314_E	0.0	0.0003809699254049	cluster_0_1_mixed	314	E	104.0
248_F	0.0	0.0003800259400207	cluster_0_1_mixed	248	F	66.0
197_N	0.0	0.0003787274827281	cluster_0_1_mixed	197	N	24.0
844_A	0.0	0.0003781646645303	cluster_0_1_mixed	844	A	465.0
778_S	0.0	0.0003780462385041	cluster_0_1_mixed	778	S	422.0
401_Q	0.0	0.0003774393116792	cluster_0_1_mixed	401	Q	160.0
650_I	0.0	0.0003771885259712	cluster_0_1_mixed	650	I	332.0
931_Y	0.0	0.0003753987898362	cluster_0_1_mixed	931	Y	514.0
740_T	0.0	0.0003751451682673	cluster_0_1_mixed	740	T	405.0
386_L	0.0	0.0003750697758046	cluster_0_1_mixed	386	L	151.0
840_T	0.0	0.000374736034568	cluster_0_1_mixed	840	T	461.0
320_D	0.0	0.0003741863606607	cluster_0_1_mixed	320	D	110.0
920_M	0.0	0.0003734336427368	cluster_0_1_mixed	920	M	503.0
836_A	0.0	0.0003732921453804	cluster_0_1_mixed	836	A	457.0
669_D	0.0	0.0003712777649721	cluster_0_1_mixed	669	D	340.0
876_L	0.0	0.0003708349023056	cluster_0_1_mixed	876	L	485.0
610_Q	0.0	0.0003704634174925	cluster_0_1_mixed	610	Q	293.0
772_I	0.0	0.000370229489412	cluster_0_1_mixed	772	I	419.0
195_M	0.0	0.0003684430648994	cluster_0_1_mixed	195	M	22.0
403_Y	0.0	0.0003683809839612	cluster_0_1_mixed	403	Y	162.0
416_K	0.0	0.0003677250180314	cluster_0_1_mixed	416	K	175.0
694_D	0.0	0.000367462466455	cluster_0_1_mixed	694	D	359.0
676_T	0.0	0.0003672116623207	cluster_0_1_mixed	676	T	345.0
256_Y	0.0	0.0003668899207285	cluster_0_1_mixed	256	Y	74.0
350_G	0.0	0.0003665675791858	cluster_0_1_mixed	350	G	131.0
326_T	0.0	0.0003661992071136	cluster_0_1_mixed	326	T	116.0
187_M	0.0	0.00036617245755	cluster_0_1_mixed	187	M	14.0
821_S	0.0	0.0003647973199307	cluster_0_1_mixed	821	S	448.0
659_T	0.0	0.0003646660201323	cluster_0_1_mixed	659	T	339.0
884_N	0.0	0.0003632831287197	cluster_0_1_mixed	884	N	493.0
692_S	0.0	0.000363273769839	cluster_0_1_mixed	692	S	357.0
707_Y	0.0	0.000363117859555	cluster_0_1_mixed	707	Y	372.0
294_V	0.0	0.0003627447443677	cluster_0_1_mixed	294	V	94.0
684_H	0.0	0.0003621179023981	cluster_0_1_mixed	684	H	353.0
220_V	0.0	0.0003617805330204	cluster_0_1_mixed	220	V	46.0
635_L	0.0	0.0003612348401813	cluster_0_1_mixed	635	L	317.0
851_S	0.0	0.0003609803301434	cluster_0_1_mixed	851	S	467.0
428_D	0.0	0.0003607762575322	cluster_0_1_mixed	428	D	183.0
244_M	0.0	0.0003596789676907	cluster_0_1_mixed	244	M	63.0
855_L	0.0	0.0003593092237245	cluster_0_1_mixed	855	L	470.0
480_F	0.0	0.0003591566653155	cluster_0_1_mixed	480	F	221.0
821_H	0.0	0.0003567497602107	cluster_0_1_mixed	821	H	448.0
877_S	0.0	0.0003564188211428	cluster_0_1_mixed	877	S	486.0
759_N	0.0	0.0003557062914475	cluster_0_1_mixed	759	N	413.0
690_L	0.0	0.0003556741127142	cluster_0_1_mixed	690	L	357.0
726_R	0.0	0.0003555792867907	cluster_0_1_mixed	726	R	391.0
319_A	0.0	0.0003550500907118	cluster_0_1_mixed	319	A	109.0
463_Q	0.0	0.0003542864987316	cluster_0_1_mixed	463	Q	206.0
207_S	0.0	0.000354065351161	cluster_0_1_mixed	207	S	34.0
183_K	0.0	0.0003534747307075	cluster_0_1_mixed	183	K	12.0
395_Y	0.0	0.0003533585377696	cluster_0_1_mixed	395	Y	155.0
390_N	0.0	0.0003531279132784	cluster_0_1_mixed	390	N	155.0
909_Q	0.0	0.0003530238203377	cluster_0_1_mixed	909	Q	496.0
435_L	0.0	0.0003522318692306	cluster_0_1_mixed	435	L	188.0
649_N	0.0	0.0003513594783794	cluster_0_1_mixed	649	N	331.0
740_A	0.0	0.0003513463597716	cluster_0_1_mixed	740	A	405.0
242_L	0.0	0.0003503102981045	cluster_0_1_mixed	242	L	61.0
194_P	0.0	0.000350027437808	cluster_0_1_mixed	194	P	21.0
417_G	0.0	0.0003498133680767	cluster_0_1_mixed	417	G	176.0
823_Q	0.0	0.0003492711667459	cluster_0_1_mixed	823	Q	450.0
452_F	0.0	0.0003490507222293	cluster_0_1_mixed	452	F	198.0
488_D	0.0	0.0003479298488015	cluster_0_1_mixed	488	D	221.0
638_P	0.0	0.0003470618199436	cluster_0_1_mixed	638	P	320.0
317_D	0.0	0.0003460146119396	cluster_0_1_mixed	317	D	107.0
821_T	0.0	0.0003459775854524	cluster_0_1_mixed	821	T	448.0
853_P	0.0	0.0003453897613054	cluster_0_1_mixed	853	P	468.0
406_E	0.0	0.0003446199726754	cluster_0_1_mixed	406	E	165.0
387_A	0.0	0.0003443558382243	cluster_0_1_mixed	387	A	152.0
189_Q	0.0	0.0003440223913648	cluster_0_1_mixed	189	Q	16.0
893_G	0.0	0.0003429029782022	cluster_0_1_mixed	893	G	496.0
850_A	0.0	0.0003426830458243	cluster_0_1_mixed	850	A	467.0
921_D	0.0	0.0003414251311698	cluster_0_1_mixed	921	D	504.0
302_N	0.0	0.0003414120372404	cluster_0_1_mixed	302	N	102.0
341_T	0.0	0.0003412836093852	cluster_0_1_mixed	341	T	130.0
827_N	0.0	0.0003412420881755	cluster_0_1_mixed	827	N	454.0
294_L	0.0	0.0003404407688309	cluster_0_1_mixed	294	L	94.0
653_V	0.0	0.000340239802284	cluster_0_1_mixed	653	V	335.0
458_T	0.0	0.0003390796248808	cluster_0_1_mixed	458	T	204.0
352_L	0.0	0.0003387411282487	cluster_0_1_mixed	352	L	133.0
707_A	0.0	0.0003378678395564	cluster_0_1_mixed	707	A	372.0
241_T	0.0	0.0003377198891332	cluster_0_1_mixed	241	T	60.0
596_S	0.0	0.0003365909508412	cluster_0_1_mixed	596	S	279.0
666_T	0.0	0.000335964886221	cluster_0_1_mixed	666	T	339.0
844_S	0.0	0.0003357606513814	cluster_0_1_mixed	844	S	465.0
608_E	0.0	0.0003356291792161	cluster_0_1_mixed	608	E	291.0
584_D	0.0	0.0003352520232944	cluster_0_1_mixed	584	D	268.0
185_M	0.0	0.0003351591307206	cluster_0_1_mixed	185	M	14.0
623_A	0.0	0.0003346921384588	cluster_0_1_mixed	623	A	306.0
469_T	0.0	0.0003346279399516	cluster_0_1_mixed	469	T	212.0
726_K	0.0	0.0003340041495639	cluster_0_1_mixed	726	K	391.0
262_A	0.0	0.0003336806242449	cluster_0_1_mixed	262	A	80.0
697_Y	0.0	0.0003333682644874	cluster_0_1_mixed	697	Y	362.0
312_D	0.0	0.0003330307524593	cluster_0_1_mixed	312	D	102.0
430_N	0.0	0.0003329863844007	cluster_0_1_mixed	430	N	183.0
930_V	0.0	0.0003327258543946	cluster_0_1_mixed	930	V	513.0
415_S	0.0	0.0003323910289822	cluster_0_1_mixed	415	S	174.0
469_D	0.0	0.0003320665704728	cluster_0_1_mixed	469	D	212.0
220_T	0.0	0.0003317656146552	cluster_0_1_mixed	220	T	46.0
249_L	0.0	0.000331193904249	cluster_0_1_mixed	249	L	67.0
325_P	0.0	0.0003310859237089	cluster_0_1_mixed	325	P	115.0
650_V	0.0	0.0003306086143013	cluster_0_1_mixed	650	V	332.0
603_V	0.0	0.0003296766615782	cluster_0_1_mixed	603	V	286.0
178_S	0.0	0.0003290950444948	cluster_0_1_mixed	178	S	7.0
743_N	0.0	0.0003284452377166	cluster_0_1_mixed	743	N	408.0
242_C	0.0	0.0003283950357976	cluster_0_1_mixed	242	C	61.0
246_N	0.0	0.000327807991169	cluster_0_1_mixed	246	N	64.0
201_N	0.0	0.0003275112822753	cluster_0_1_mixed	201	N	28.0
940_F	0.0	0.0003273173196513	cluster_0_1_mixed	940	F	523.0
404_R	0.0	0.0003259152640343	cluster_0_1_mixed	404	R	163.0
350_Q	0.0	0.0003254461071431	cluster_0_1_mixed	350	Q	131.0
426_D	0.0	0.0003249093718584	cluster_0_1_mixed	426	D	182.0
354_D	0.0	0.0003247166933771	cluster_0_1_mixed	354	D	134.0
599_L	0.0	0.0003245175198088	cluster_0_1_mixed	599	L	282.0
455_C	0.0	0.0003243575894022	cluster_0_1_mixed	455	C	201.0
327_P	0.0	0.0003239838117304	cluster_0_1_mixed	327	P	117.0
474_D	0.0	0.0003239474613112	cluster_0_1_mixed	474	D	217.0
797_F	0.0	0.0003235637782631	cluster_0_1_mixed	797	F	431.0
253_T	0.0	0.0003232172151094	cluster_0_1_mixed	253	T	71.0
369_V	0.0	0.0003227681832392	cluster_0_1_mixed	369	V	140.0
624_H	0.0	0.0003226260895318	cluster_0_1_mixed	624	H	307.0
424_S	0.0	0.0003216132743519	cluster_0_1_mixed	424	S	180.0
305_T	0.0	0.0003211049833803	cluster_0_1_mixed	305	T	102.0
757_V	0.0	0.0003209284956653	cluster_0_1_mixed	757	V	413.0
295_W	0.0	0.0003205639403936	cluster_0_1_mixed	295	W	95.0
689_S	0.0	0.0003195609963569	cluster_0_1_mixed	689	S	357.0
684_F	0.0	0.0003192750647254	cluster_0_1_mixed	684	F	353.0
193_V	0.0	0.0003189775118197	cluster_0_1_mixed	193	V	20.0
913_N	0.0	0.0003189411389922	cluster_0_1_mixed	913	N	500.0
411_F	0.0	0.000318502991456	cluster_0_1_mixed	411	F	170.0
819_S	0.0	0.0003181771949136	cluster_0_1_mixed	819	S	446.0
685_A	0.0	0.0003174427452841	cluster_0_1_mixed	685	A	354.0
634_R	0.0	0.0003168209617708	cluster_0_1_mixed	634	R	316.0
766_P	0.0	0.0003163308512751	cluster_0_1_mixed	766	P	413.0
456_L	0.0	0.0003159023463073	cluster_0_1_mixed	456	L	202.0
263_F	0.0	0.0003143833483539	cluster_0_1_mixed	263	F	81.0
455_A	0.0	0.0003141991381799	cluster_0_1_mixed	455	A	201.0
675_S	0.0	0.0003140300480442	cluster_0_1_mixed	675	S	344.0
299_V	0.0	0.0003135972298916	cluster_0_1_mixed	299	V	99.0
833_D	0.0	0.0003125414625993	cluster_0_1_mixed	833	D	454.0
223_S	0.0	0.0003123290277855	cluster_0_1_mixed	223	S	49.0
647_P	0.0	0.0003118189087366	cluster_0_1_mixed	647	P	329.0
427_G	0.0	0.000311683517158	cluster_0_1_mixed	427	G	183.0
213_G	0.0	0.0003115614818932	cluster_0_1_mixed	213	G	40.0
880_I	0.0	0.0003110164311331	cluster_0_1_mixed	880	I	489.0
727_H	0.0	0.0003109238066519	cluster_0_1_mixed	727	H	392.0
432_D	0.0	0.0003104790592615	cluster_0_1_mixed	432	D	185.0
814_R	0.0	0.0003099157274733	cluster_0_1_mixed	814	R	441.0
630_T	0.0	0.0003097316061776	cluster_0_1_mixed	630	T	312.0
872_E	0.0	0.0003096363103035	cluster_0_1_mixed	872	E	481.0
193_S	0.0	0.0003087177708246	cluster_0_1_mixed	193	S	20.0
329_M	0.0	0.0003086362294482	cluster_0_1_mixed	329	M	118.0
418_S	0.0	0.0003072512464567	cluster_0_1_mixed	418	S	177.0
409_Q	0.0	0.0003064292263466	cluster_0_1_mixed	409	Q	168.0
451_Y	0.0	0.0003060881594264	cluster_0_1_mixed	451	Y	197.0
330_S	0.0	0.0003055444817128	cluster_0_1_mixed	330	S	119.0
436_L	0.0	0.0003052165291097	cluster_0_1_mixed	436	L	189.0
920_F	0.0	0.000305117679385	cluster_0_1_mixed	920	F	503.0
733_I	0.0	0.0003045814577411	cluster_0_1_mixed	733	I	398.0
256_H	0.0	0.0003042403035024	cluster_0_1_mixed	256	H	74.0
876_V	0.0	0.0003039702409963	cluster_0_1_mixed	876	V	485.0
361_I	0.0	0.0003037798126918	cluster_0_1_mixed	361	I	135.0
671_G	0.0	0.0003035732501258	cluster_0_1_mixed	671	G	340.0
304_E	0.0	0.0003033343913456	cluster_0_1_mixed	304	E	102.0
875_P	0.0	0.0003033279733446	cluster_0_1_mixed	875	P	484.0
264_M	0.0	0.0003018087334489	cluster_0_1_mixed	264	M	82.0
693_G	0.0	0.0003011405047848	cluster_0_1_mixed	693	G	358.0
224_V	0.0	0.000300763045591	cluster_0_1_mixed	224	V	50.0
670_D	0.0	0.0003006658360106	cluster_0_1_mixed	670	D	340.0
315_D	0.0	0.0003003648601191	cluster_0_1_mixed	315	D	105.0
348_T	0.0	0.0002995374984502	cluster_0_1_mixed	348	T	131.0
778_A	0.0	0.0002995250694021	cluster_0_1_mixed	778	A	422.0
691_A	0.0	0.0002995068650759	cluster_0_1_mixed	691	A	357.0
418_N	0.0	0.0002984621349846	cluster_0_1_mixed	418	N	177.0
215_S	0.0	0.00029805278222	cluster_0_1_mixed	215	S	41.0
204_D	0.0	0.0002970067994683	cluster_0_1_mixed	204	D	31.0
319_G	0.0	0.0002959924686419	cluster_0_1_mixed	319	G	109.0
695_N	0.0	0.000295947069926	cluster_0_1_mixed	695	N	360.0
707_C	0.0	0.0002958745042021	cluster_0_1_mixed	707	C	372.0
703_T	0.0	0.0002955816796944	cluster_0_1_mixed	703	T	368.0
724_I	0.0	0.0002939567274537	cluster_0_1_mixed	724	I	389.0
725_P	0.0	0.0002934870085147	cluster_0_1_mixed	725	P	390.0
306_Q	0.0	0.0002924431187919	cluster_0_1_mixed	306	Q	102.0
651_S	0.0	0.000292223652092	cluster_0_1_mixed	651	S	333.0
307_E	0.0	0.0002914858747479	cluster_0_1_mixed	307	E	102.0
381_I	0.0	0.0002910874008006	cluster_0_1_mixed	381	I	146.0
611_A	0.0	0.0002907460357689	cluster_0_1_mixed	611	A	294.0
869_F	0.0	0.0002901733763782	cluster_0_1_mixed	869	F	478.0
436_H	0.0	0.0002897799436383	cluster_0_1_mixed	436	H	189.0
183_P	0.0	0.0002897270211588	cluster_0_1_mixed	183	P	12.0
224_C	0.0	0.0002895685794027	cluster_0_1_mixed	224	C	50.0
701_S	0.0	0.0002895303090766	cluster_0_1_mixed	701	S	366.0
390_T	0.0	0.000289236529424	cluster_0_1_mixed	390	T	155.0
189_E	0.0	0.0002891945708548	cluster_0_1_mixed	189	E	16.0
621_I	0.0	0.0002891938523928	cluster_0_1_mixed	621	I	304.0
789_G	0.0	0.0002886921205301	cluster_0_1_mixed	789	G	427.0
737_F	0.0	0.0002883872234149	cluster_0_1_mixed	737	F	402.0
293_L	0.0	0.0002881827448589	cluster_0_1_mixed	293	L	93.0
665_Q	0.0	0.0002870770059772	cluster_0_1_mixed	665	Q	339.0
680_N	0.0	0.0002865946264887	cluster_0_1_mixed	680	N	349.0
339_A	0.0	0.0002864607823845	cluster_0_1_mixed	339	A	128.0
722_Q	0.0	0.0002849831124215	cluster_0_1_mixed	722	Q	387.0
935_A	0.0	0.0002837563029136	cluster_0_1_mixed	935	A	518.0
214_S	0.0	0.0002837206985023	cluster_0_1_mixed	214	S	40.0
412_K	0.0	0.0002831859826229	cluster_0_1_mixed	412	K	171.0
848_K	0.0	0.0002824009999694	cluster_0_1_mixed	848	K	467.0
386_F	0.0	0.0002823055444722	cluster_0_1_mixed	386	F	151.0
378_N	0.0	0.0002821236858204	cluster_0_1_mixed	378	N	143.0
777_G	0.0	0.0002818472450868	cluster_0_1_mixed	777	G	422.0
571_E	0.0	0.0002810373527234	cluster_0_1_mixed	571	E	255.0
414_V	0.0	0.0002808863381992	cluster_0_1_mixed	414	V	173.0
840_N	0.0	0.0002795556782294	cluster_0_1_mixed	840	N	461.0
195_K	0.0	0.0002794769364501	cluster_0_1_mixed	195	K	22.0
423_T	0.0	0.0002788637346029	cluster_0_1_mixed	423	T	180.0
656_T	0.0	0.0002788443805544	cluster_0_1_mixed	656	T	338.0
852_L	0.0	0.000277942696866	cluster_0_1_mixed	852	L	467.0
422_V	0.0	0.0002776593026266	cluster_0_1_mixed	422	V	180.0
879_V	0.0	0.0002775985701886	cluster_0_1_mixed	879	V	488.0
933_V	0.0	0.0002773508346271	cluster_0_1_mixed	933	V	516.0
209_Y	0.0	0.0002773233918847	cluster_0_1_mixed	209	Y	36.0
866_D	0.0	0.0002769608714005	cluster_0_1_mixed	866	D	475.0
199_E	0.0	0.0002767822489537	cluster_0_1_mixed	199	E	26.0
223_L	0.0	0.0002765603685557	cluster_0_1_mixed	223	L	49.0
189_S	0.0	0.0002765364535718	cluster_0_1_mixed	189	S	16.0
196_P	0.0	0.0002761935609395	cluster_0_1_mixed	196	P	23.0
262_L	0.0	0.0002761242758922	cluster_0_1_mixed	262	L	80.0
628_K	0.0	0.000275987761683	cluster_0_1_mixed	628	K	310.0
819_R	0.0	0.0002759705094931	cluster_0_1_mixed	819	R	446.0
328_Q	0.0	0.0002755789683208	cluster_0_1_mixed	328	Q	118.0
359_D	0.0	0.0002751306878936	cluster_0_1_mixed	359	D	134.0
917_D	0.0	0.0002748208181895	cluster_0_1_mixed	917	D	502.0
881_T	0.0	0.0002748104570184	cluster_0_1_mixed	881	T	490.0
262_M	0.0	0.0002746484645252	cluster_0_1_mixed	262	M	80.0
377_A	0.0	0.00027373267213	cluster_0_1_mixed	377	A	142.0
209_V	0.0	0.0002737154673382	cluster_0_1_mixed	209	V	36.0
612_R	0.0	0.0002732517760194	cluster_0_1_mixed	612	R	295.0
194_A	0.0	0.0002730600217893	cluster_0_1_mixed	194	A	21.0
303_G	0.0	0.0002725022999155	cluster_0_1_mixed	303	G	102.0
752_L	0.0	0.0002717262862135	cluster_0_1_mixed	752	L	413.0
850_T	0.0	0.0002711903557351	cluster_0_1_mixed	850	T	467.0
673_Y	0.0	0.000270667781553	cluster_0_1_mixed	673	Y	342.0
581_M	0.0	0.0002695078449887	cluster_0_1_mixed	581	M	265.0
794_D	0.0	0.0002689400659624	cluster_0_1_mixed	794	D	429.0
378_S	0.0	0.0002689348430363	cluster_0_1_mixed	378	S	143.0
834_A	0.0	0.0002687688430655	cluster_0_1_mixed	834	A	455.0
857_T	0.0	0.0002682634879413	cluster_0_1_mixed	857	T	472.0
631_S	0.0	0.0002681816563299	cluster_0_1_mixed	631	S	313.0
316_A	0.0	0.0002679553882271	cluster_0_1_mixed	316	A	106.0
466_A	0.0	0.0002678447810123	cluster_0_1_mixed	466	A	209.0
675_D	0.0	0.0002675353539202	cluster_0_1_mixed	675	D	344.0
440_Y	0.0	0.0002674031221517	cluster_0_1_mixed	440	Y	190.0
837_P	0.0	0.0002668792028282	cluster_0_1_mixed	837	P	458.0
187_V	0.0	0.0002666081094237	cluster_0_1_mixed	187	V	14.0
654_P	0.0	0.0002664342378532	cluster_0_1_mixed	654	P	336.0
839_D	0.0	0.0002663099713046	cluster_0_1_mixed	839	D	460.0
648_I	0.0	0.0002657844660417	cluster_0_1_mixed	648	I	330.0
356_L	0.0	0.000264947113632	cluster_0_1_mixed	356	L	134.0
408_L	0.0	0.0002649194160332	cluster_0_1_mixed	408	L	167.0
266_C	0.0	0.0002648191511793	cluster_0_1_mixed	266	C	84.0
332_S	0.0	0.000264639104087	cluster_0_1_mixed	332	S	121.0
326_G	0.0	0.0002644858504838	cluster_0_1_mixed	326	G	116.0
690_V	0.0	0.0002635336528847	cluster_0_1_mixed	690	V	357.0
641_I	0.0	0.0002635180359739	cluster_0_1_mixed	641	I	323.0
924_K	0.0	0.0002634811394877	cluster_0_1_mixed	924	K	507.0
243_N	0.0	0.0002634632075445	cluster_0_1_mixed	243	N	62.0
874_D	0.0	0.0002633980358987	cluster_0_1_mixed	874	D	483.0
874_P	0.0	0.000263232192063	cluster_0_1_mixed	874	P	483.0
303_T	0.0	0.0002629072973928	cluster_0_1_mixed	303	T	102.0
202_S	0.0	0.000262323723748	cluster_0_1_mixed	202	S	29.0
700_Y	0.0	0.0002619772048471	cluster_0_1_mixed	700	Y	365.0
603_T	0.0	0.000261936580633	cluster_0_1_mixed	603	T	286.0
399_Y	0.0	0.0002618018648044	cluster_0_1_mixed	399	Y	158.0
226_E	0.0	0.0002617711648528	cluster_0_1_mixed	226	E	52.0
667_T	0.0	0.0002606916260195	cluster_0_1_mixed	667	T	339.0
676_Q	0.0	0.0002605421302173	cluster_0_1_mixed	676	Q	345.0
819_Y	0.0	0.0002605119173113	cluster_0_1_mixed	819	Y	446.0
342_Y	0.0	0.0002604174487029	cluster_0_1_mixed	342	Y	130.0
336_V	0.0	0.0002602318361632	cluster_0_1_mixed	336	V	125.0
186_M	0.0	0.0002600527075716	cluster_0_1_mixed	186	M	14.0
200_R	0.0	0.0002600352995987	cluster_0_1_mixed	200	R	27.0
591_S	0.0	0.0002599482282997	cluster_0_1_mixed	591	S	274.0
399_W	0.0	0.000259259958957	cluster_0_1_mixed	399	W	158.0
655_Q	0.0	0.0002588993463986	cluster_0_1_mixed	655	Q	337.0
918_S	0.0	0.0002587106919359	cluster_0_1_mixed	918	S	502.0
720_Y	0.0	0.0002585225195629	cluster_0_1_mixed	720	Y	385.0
922_F	0.0	0.0002584079646376	cluster_0_1_mixed	922	F	505.0
885_E	0.0	0.0002582313429115	cluster_0_1_mixed	885	E	494.0
397_L	0.0	0.0002580416057742	cluster_0_1_mixed	397	L	156.0
928_M	0.0	0.0002578613175778	cluster_0_1_mixed	928	M	511.0
804_A	0.0	0.0002578341400613	cluster_0_1_mixed	804	A	438.0
811_A	0.0	0.0002574749312193	cluster_0_1_mixed	811	A	438.0
654_T	0.0	0.0002574246305985	cluster_0_1_mixed	654	T	336.0
474_T	0.0	0.000257352245565	cluster_0_1_mixed	474	T	217.0
316_T	0.0	0.0002572560165795	cluster_0_1_mixed	316	T	106.0
348_L	0.0	0.0002570999937756	cluster_0_1_mixed	348	L	131.0
721_G	0.0	0.0002570378158046	cluster_0_1_mixed	721	G	386.0
415_P	0.0	0.0002564312368217	cluster_0_1_mixed	415	P	174.0
633_M	0.0	0.0002564243960386	cluster_0_1_mixed	633	M	315.0
819_Q	0.0	0.0002560867651293	cluster_0_1_mixed	819	Q	446.0
463_K	0.0	0.0002559959982276	cluster_0_1_mixed	463	K	206.0
854_G	0.0	0.0002557251098384	cluster_0_1_mixed	854	G	469.0
330_Q	0.0	0.0002554619708763	cluster_0_1_mixed	330	Q	119.0
370_G	0.0	0.0002552182642322	cluster_0_1_mixed	370	G	141.0
489_A	0.0	0.0002548664776267	cluster_0_1_mixed	489	A	221.0
380_D	0.0	0.0002545377368048	cluster_0_1_mixed	380	D	145.0
331_N	0.0	0.0002545089275062	cluster_0_1_mixed	331	N	120.0
625_F	0.0	0.0002542441515077	cluster_0_1_mixed	625	F	308.0
680_T	0.0	0.0002537843505864	cluster_0_1_mixed	680	T	349.0
881_V	0.0	0.0002533681674878	cluster_0_1_mixed	881	V	490.0
348_A	0.0	0.0002531040314304	cluster_0_1_mixed	348	A	131.0
201_S	0.0	0.0002529039570315	cluster_0_1_mixed	201	S	28.0
769_N	0.0	0.000251222220238	cluster_0_1_mixed	769	N	416.0
351_D	0.0	0.0002508656263761	cluster_0_1_mixed	351	D	132.0
298_W	0.0	0.000250856021334	cluster_0_1_mixed	298	W	98.0
836_T	0.0	0.0002507268502832	cluster_0_1_mixed	836	T	457.0
580_K	0.0	0.0002499665025541	cluster_0_1_mixed	580	K	264.0
694_M	0.0	0.0002497723492358	cluster_0_1_mixed	694	M	359.0
673_T	0.0	0.0002496500844268	cluster_0_1_mixed	673	T	342.0
708_I	0.0	0.0002492619620268	cluster_0_1_mixed	708	I	373.0
243_T	0.0	0.000248242389313	cluster_0_1_mixed	243	T	62.0
688_V	0.0	0.0002478353341992	cluster_0_1_mixed	688	V	357.0
621_V	0.0	0.000247809072713	cluster_0_1_mixed	621	V	304.0
645_R	0.0	0.0002477002703846	cluster_0_1_mixed	645	R	327.0
592_A	0.0	0.000247606774024	cluster_0_1_mixed	592	A	275.0
847_F	0.0	0.0002476061288403	cluster_0_1_mixed	847	F	467.0
380_E	0.0	0.000247235123213	cluster_0_1_mixed	380	E	145.0
581_T	0.0	0.0002471927129895	cluster_0_1_mixed	581	T	265.0
616_R	0.0	0.0002469786534833	cluster_0_1_mixed	616	R	299.0
195_R	0.0	0.0002468923079525	cluster_0_1_mixed	195	R	22.0
431_S	0.0	0.0002461100363716	cluster_0_1_mixed	431	S	184.0
384_L	0.0	0.000245870919103	cluster_0_1_mixed	384	L	149.0
401_E	0.0	0.0002449127710779	cluster_0_1_mixed	401	E	160.0
896_L	0.0	0.0002445905022984	cluster_0_1_mixed	896	L	496.0
622_L	0.0	0.0002444413496983	cluster_0_1_mixed	622	L	305.0
639_E	0.0	0.0002443571288522	cluster_0_1_mixed	639	E	321.0
852_R	0.0	0.0002441348551717	cluster_0_1_mixed	852	R	467.0
767_I	0.0	0.0002440458490557	cluster_0_1_mixed	767	I	414.0
925_T	0.0	0.0002435554844193	cluster_0_1_mixed	925	T	508.0
592_S	0.0	0.0002435003971654	cluster_0_1_mixed	592	S	275.0
306_E	0.0	0.000243466221496	cluster_0_1_mixed	306	E	102.0
385_F	0.0	0.0002433319624789	cluster_0_1_mixed	385	F	150.0
449_H	0.0	0.0002431148395565	cluster_0_1_mixed	449	H	195.0
431_T	0.0	0.0002426977063947	cluster_0_1_mixed	431	T	184.0
708_L	0.0	0.0002423247624783	cluster_0_1_mixed	708	L	373.0
240_F	0.0	0.0002420871592431	cluster_0_1_mixed	240	F	59.0
589_A	0.0	0.0002418410726159	cluster_0_1_mixed	589	A	272.0
816_N	0.0	0.0002416026264149	cluster_0_1_mixed	816	N	443.0
414_T	0.0	0.0002415794333191	cluster_0_1_mixed	414	T	173.0
321_G	0.0	0.0002415424407185	cluster_0_1_mixed	321	G	111.0
432_A	0.0	0.000241536381604	cluster_0_1_mixed	432	A	185.0
910_F	0.0	0.0002413476866971	cluster_0_1_mixed	910	F	497.0
586_T	0.0	0.0002412399333865	cluster_0_1_mixed	586	T	270.0
225_E	0.0	0.0002410030837218	cluster_0_1_mixed	225	E	51.0
192_K	0.0	0.0002407580892525	cluster_0_1_mixed	192	K	19.0
772_L	0.0	0.0002404734062308	cluster_0_1_mixed	772	L	419.0
484_G	0.0	0.0002395968353656	cluster_0_1_mixed	484	G	221.0
795_L	0.0	0.0002390663017105	cluster_0_1_mixed	795	L	429.0
711_L	0.0	0.0002390429908778	cluster_0_1_mixed	711	L	376.0
578_N	0.0	0.0002385940481007	cluster_0_1_mixed	578	N	262.0
613_S	0.0	0.0002380904288464	cluster_0_1_mixed	613	S	296.0
857_P	0.0	0.0002379493649053	cluster_0_1_mixed	857	P	472.0
251_L	0.0	0.0002378577157361	cluster_0_1_mixed	251	L	69.0
848_S	0.0	0.0002377490526655	cluster_0_1_mixed	848	S	467.0
174_L	0.0	0.0002375953896827	cluster_0_1_mixed	174	L	3.0
695_G	0.0	0.0002371357794125	cluster_0_1_mixed	695	G	360.0
259_M	0.0	0.0002370745047446	cluster_0_1_mixed	259	M	77.0
428_P	0.0	0.0002369509395726	cluster_0_1_mixed	428	P	183.0
868_I	0.0	0.0002368541528548	cluster_0_1_mixed	868	I	477.0
453_T	0.0	0.0002363381033166	cluster_0_1_mixed	453	T	199.0
469_Q	0.0	0.0002362763400255	cluster_0_1_mixed	469	Q	212.0
326_I	0.0	0.0002359740563036	cluster_0_1_mixed	326	I	116.0
325_T	0.0	0.0002359718393905	cluster_0_1_mixed	325	T	115.0
527_D	0.0	0.0002348559696245	cluster_0_1_mixed	527	D	226.0
650_M	0.0	0.0002345450720948	cluster_0_1_mixed	650	M	332.0
648_V	0.0	0.0002341221644647	cluster_0_1_mixed	648	V	330.0
297_D	0.0	0.0002338624352133	cluster_0_1_mixed	297	D	97.0
411_S	0.0	0.0002336548921951	cluster_0_1_mixed	411	S	170.0
218_Y	0.0	0.0002331518364875	cluster_0_1_mixed	218	Y	44.0
433_Y	0.0	0.0002330692748844	cluster_0_1_mixed	433	Y	186.0
248_L	0.0	0.0002329034375752	cluster_0_1_mixed	248	L	66.0
279_P	0.0	0.0002328906616563	cluster_0_1_mixed	279	P	90.0
825_R	0.0	0.0002328719565574	cluster_0_1_mixed	825	R	452.0
684_Y	0.0	0.0002322937617219	cluster_0_1_mixed	684	Y	353.0
692_T	0.0	0.0002320637203249	cluster_0_1_mixed	692	T	357.0
866_C	0.0	0.0002317889685804	cluster_0_1_mixed	866	C	475.0
324_F	0.0	0.0002317108430489	cluster_0_1_mixed	324	F	114.0
258_I	0.0	0.0002315952766224	cluster_0_1_mixed	258	I	76.0
241_S	0.0	0.0002312231300605	cluster_0_1_mixed	241	S	60.0
690_T	0.0	0.0002312167896125	cluster_0_1_mixed	690	T	357.0
469_N	0.0	0.0002309784976713	cluster_0_1_mixed	469	N	212.0
702_F	0.0	0.0002307611891766	cluster_0_1_mixed	702	F	367.0
177_G	0.0	0.0002306111433431	cluster_0_1_mixed	177	G	6.0
845_I	0.0	0.0002303934103364	cluster_0_1_mixed	845	I	466.0
398_C	0.0	0.0002302022288578	cluster_0_1_mixed	398	C	157.0
698_W	0.0	0.000229677313064	cluster_0_1_mixed	698	W	363.0
332_P	0.0	0.0002291043315121	cluster_0_1_mixed	332	P	121.0
629_S	0.0	0.0002288915237837	cluster_0_1_mixed	629	S	311.0
384_M	0.0	0.0002284751083654	cluster_0_1_mixed	384	M	149.0
626_G	0.0	0.0002282475828007	cluster_0_1_mixed	626	G	309.0
731_K	0.0	0.0002281216482725	cluster_0_1_mixed	731	K	396.0
711_M	0.0	0.0002279076696412	cluster_0_1_mixed	711	M	376.0
464_G	0.0	0.0002278214867821	cluster_0_1_mixed	464	G	207.0
937_T	0.0	0.000227420704425	cluster_0_1_mixed	937	T	520.0
473_G	0.0	0.0002269138177307	cluster_0_1_mixed	473	G	216.0
923_R	0.0	0.0002267300047199	cluster_0_1_mixed	923	R	506.0
388_A	0.0	0.0002266358715629	cluster_0_1_mixed	388	A	153.0
795_D	0.0	0.0002265678159866	cluster_0_1_mixed	795	D	429.0
877_A	0.0	0.0002265537210848	cluster_0_1_mixed	877	A	486.0
334_I	0.0	0.000226293250136	cluster_0_1_mixed	334	I	123.0
694_S	0.0	0.0002261733816592	cluster_0_1_mixed	694	S	359.0
437_R	0.0	0.0002260255943307	cluster_0_1_mixed	437	R	190.0
674_A	0.0	0.0002259596873298	cluster_0_1_mixed	674	A	343.0
880_V	0.0	0.0002255403419753	cluster_0_1_mixed	880	V	489.0
428_N	0.0	0.0002255298387889	cluster_0_1_mixed	428	N	183.0
381_V	0.0	0.0002253156811036	cluster_0_1_mixed	381	V	146.0
865_E	0.0	0.0002252108400122	cluster_0_1_mixed	865	E	475.0
836_Q	0.0	0.0002250766469239	cluster_0_1_mixed	836	Q	457.0
211_F	0.0	0.0002245800072869	cluster_0_1_mixed	211	F	38.0
620_L	0.0	0.0002245113658563	cluster_0_1_mixed	620	L	303.0
208_D	0.0	0.0002244193585569	cluster_0_1_mixed	208	D	35.0
840_G	0.0	0.0002236168196893	cluster_0_1_mixed	840	G	461.0
872_D	0.0	0.0002234549753506	cluster_0_1_mixed	872	D	481.0
845_Q	0.0	0.0002234365344372	cluster_0_1_mixed	845	Q	466.0
173_S	0.0	0.0002233904506194	cluster_0_1_mixed	173	S	2.0
823_E	0.0	0.0002226087063086	cluster_0_1_mixed	823	E	450.0
412_V	0.0	0.0002225978358435	cluster_0_1_mixed	412	V	171.0
434_V	0.0	0.0002224983807185	cluster_0_1_mixed	434	V	187.0
491_S	0.0	0.0002217945610828	cluster_0_1_mixed	491	S	221.0
623_S	0.0	0.0002217294811943	cluster_0_1_mixed	623	S	306.0
246_T	0.0	0.0002217094713651	cluster_0_1_mixed	246	T	64.0
867_T	0.0	0.0002215639907411	cluster_0_1_mixed	867	T	476.0
220_I	0.0	0.0002212043446196	cluster_0_1_mixed	220	I	46.0
613_A	0.0	0.0002209797748726	cluster_0_1_mixed	613	A	296.0
702_V	0.0	0.0002205551333639	cluster_0_1_mixed	702	V	367.0
371_V	0.0	0.0002201353706512	cluster_0_1_mixed	371	V	141.0
197_E	0.0	0.0002198065058239	cluster_0_1_mixed	197	E	24.0
313_E	0.0	0.0002194178001392	cluster_0_1_mixed	313	E	103.0
181_M	0.0	0.0002193090627553	cluster_0_1_mixed	181	M	10.0
797_W	0.0	0.0002189244341442	cluster_0_1_mixed	797	W	431.0
479_T	0.0	0.000218873185046	cluster_0_1_mixed	479	T	221.0
405_D	0.0	0.0002188335302307	cluster_0_1_mixed	405	D	164.0
249_T	0.0	0.0002187974082711	cluster_0_1_mixed	249	T	67.0
722_K	0.0	0.00021852216689	cluster_0_1_mixed	722	K	387.0
915_L	0.0	0.0002184488230288	cluster_0_1_mixed	915	L	502.0
418_D	0.0	0.0002175999957242	cluster_0_1_mixed	418	D	177.0
631_G	0.0	0.0002175842655725	cluster_0_1_mixed	631	G	313.0
300_E	0.0	0.0002168799948624	cluster_0_1_mixed	300	E	100.0
714_A	0.0	0.0002168400359951	cluster_0_1_mixed	714	A	379.0
193_A	0.0	0.0002166104825066	cluster_0_1_mixed	193	A	20.0
858_D	0.0	0.0002165476226237	cluster_0_1_mixed	858	D	473.0
333_T	0.0	0.0002162782313731	cluster_0_1_mixed	333	T	122.0
593_S	0.0	0.0002162537072706	cluster_0_1_mixed	593	S	276.0
430_V	0.0	0.0002160440169201	cluster_0_1_mixed	430	V	183.0
714_V	0.0	0.0002158381031483	cluster_0_1_mixed	714	V	379.0
222_F	0.0	0.0002158254904956	cluster_0_1_mixed	222	F	48.0
606_I	0.0	0.0002157460873873	cluster_0_1_mixed	606	I	289.0
411_N	0.0	0.0002155625902446	cluster_0_1_mixed	411	N	170.0
381_W	0.0	0.0002154829033712	cluster_0_1_mixed	381	W	146.0
386_T	0.0	0.0002154796539845	cluster_0_1_mixed	386	T	151.0
657_S	0.0	0.0002154765928409	cluster_0_1_mixed	657	S	339.0
256_V	0.0	0.000214661285013	cluster_0_1_mixed	256	V	74.0
621_L	0.0	0.0002144621904831	cluster_0_1_mixed	621	L	304.0
277_S	0.0	0.000214350303788	cluster_0_1_mixed	277	S	88.0
294_I	0.0	0.0002133402748497	cluster_0_1_mixed	294	I	94.0
466_T	0.0	0.0002130664534679	cluster_0_1_mixed	466	T	209.0
604_Q	0.0	0.0002128978228809	cluster_0_1_mixed	604	Q	287.0
784_G	0.0	0.0002124743787529	cluster_0_1_mixed	784	G	426.0
870_I	0.0	0.0002124671154975	cluster_0_1_mixed	870	I	479.0
247_N	0.0	0.0002120031433328	cluster_0_1_mixed	247	N	65.0
773_L	0.0	0.0002119968067188	cluster_0_1_mixed	773	L	420.0
740_V	0.0	0.0002117676650215	cluster_0_1_mixed	740	V	405.0
225_D	0.0	0.0002114401237617	cluster_0_1_mixed	225	D	51.0
601_F	0.0	0.0002114004393092	cluster_0_1_mixed	601	F	284.0
224_T	0.0	0.0002111311930051	cluster_0_1_mixed	224	T	50.0
370_D	0.0	0.0002108541299907	cluster_0_1_mixed	370	D	141.0
470_A	0.0	0.0002107156999833	cluster_0_1_mixed	470	A	213.0
651_T	0.0	0.0002106226392853	cluster_0_1_mixed	651	T	333.0
598_R	0.0	0.0002105062066908	cluster_0_1_mixed	598	R	281.0
443_L	0.0	0.000210489043918	cluster_0_1_mixed	443	L	190.0
353_A	0.0	0.0002101972674543	cluster_0_1_mixed	353	A	134.0
677_P	0.0	0.0002100133324906	cluster_0_1_mixed	677	P	346.0
896_F	0.0	0.0002099502464497	cluster_0_1_mixed	896	F	496.0
909_H	0.0	0.0002099358760288	cluster_0_1_mixed	909	H	496.0
313_Y	0.0	0.0002098700045624	cluster_0_1_mixed	313	Y	103.0
690_G	0.0	0.0002094359480199	cluster_0_1_mixed	690	G	357.0
781_D	0.0	0.0002090271170925	cluster_0_1_mixed	781	D	425.0
853_F	0.0	0.0002090253216735	cluster_0_1_mixed	853	F	468.0
277_P	0.0	0.0002088959198613	cluster_0_1_mixed	277	P	88.0
936_S	0.0	0.0002087439278968	cluster_0_1_mixed	936	S	519.0
464_K	0.0	0.0002085622034252	cluster_0_1_mixed	464	K	207.0
415_L	0.0	0.0002085577769024	cluster_0_1_mixed	415	L	174.0
325_Q	0.0	0.0002085222383727	cluster_0_1_mixed	325	Q	115.0
347_A	0.0	0.0002084676142147	cluster_0_1_mixed	347	A	130.0
303_S	0.0	0.0002083638465233	cluster_0_1_mixed	303	S	102.0
186_D	0.0	0.0002082612941832	cluster_0_1_mixed	186	D	14.0
922_I	0.0	0.0002078340766194	cluster_0_1_mixed	922	I	505.0
599_N	0.0	0.000207773167881	cluster_0_1_mixed	599	N	282.0
588_A	0.0	0.0002072719843208	cluster_0_1_mixed	588	A	272.0
792_N	0.0	0.0002069310473534	cluster_0_1_mixed	792	N	428.0
421_D	0.0	0.0002067513800124	cluster_0_1_mixed	421	D	180.0
631_K	0.0	0.0002065601549851	cluster_0_1_mixed	631	K	313.0
685_G	0.0	0.0002063382580889	cluster_0_1_mixed	685	G	354.0
396_N	0.0	0.0002061483822884	cluster_0_1_mixed	396	N	155.0
822_G	0.0	0.0002061078141006	cluster_0_1_mixed	822	G	449.0
924_T	0.0	0.0002058858539673	cluster_0_1_mixed	924	T	507.0
731_N	0.0	0.0002055104270627	cluster_0_1_mixed	731	N	396.0
774_C	0.0	0.0002054693780493	cluster_0_1_mixed	774	C	421.0
477_D	0.0	0.0002053084531091	cluster_0_1_mixed	477	D	220.0
709_I	0.0	0.0002053032762783	cluster_0_1_mixed	709	I	374.0
773_F	0.0	0.0002052756008359	cluster_0_1_mixed	773	F	420.0
822_S	0.0	0.0002049753012919	cluster_0_1_mixed	822	S	449.0
331_A	0.0	0.000204207180294	cluster_0_1_mixed	331	A	120.0
694_G	0.0	0.0002040711900447	cluster_0_1_mixed	694	G	359.0
380_T	0.0	0.0002036677995653	cluster_0_1_mixed	380	T	145.0
256_A	0.0	0.0002033100151567	cluster_0_1_mixed	256	A	74.0
242_V	0.0	0.0002032413424348	cluster_0_1_mixed	242	V	61.0
174_S	0.0	0.0002029462610231	cluster_0_1_mixed	174	S	3.0
694_N	0.0	0.000202642365348	cluster_0_1_mixed	694	N	359.0
866_N	0.0	0.0002025883249373	cluster_0_1_mixed	866	N	475.0
532_V	0.0	0.000202455657788	cluster_0_1_mixed	532	V	231.0
933_I	0.0	0.0002019915433887	cluster_0_1_mixed	933	I	516.0
245_S	0.0	0.0002018737361328	cluster_0_1_mixed	245	S	64.0
708_V	0.0	0.0002018196043114	cluster_0_1_mixed	708	V	373.0
819_M	0.0	0.0002017256284388	cluster_0_1_mixed	819	M	446.0
819_N	0.0	0.0002016045709719	cluster_0_1_mixed	819	N	446.0
565_G	0.0	0.0002014136904879	cluster_0_1_mixed	565	G	250.0
672_S	0.0	0.0002013880997781	cluster_0_1_mixed	672	S	341.0
326_V	0.0	0.0002013781086469	cluster_0_1_mixed	326	V	116.0
725_H	0.0	0.0002013165762543	cluster_0_1_mixed	725	H	390.0
337_V	0.0	0.0002010088670762	cluster_0_1_mixed	337	V	126.0
819_K	0.0	0.0002007198213573	cluster_0_1_mixed	819	K	446.0
773_Y	0.0	0.0002006480054445	cluster_0_1_mixed	773	Y	420.0
597_L	0.0	0.0002006122034141	cluster_0_1_mixed	597	L	280.0
430_P	0.0	0.0002005691024208	cluster_0_1_mixed	430	P	183.0
252_A	0.0	0.0002005074968812	cluster_0_1_mixed	252	A	70.0
465_G	0.0	0.0002002053888155	cluster_0_1_mixed	465	G	208.0
702_A	0.0	0.0002000889286403	cluster_0_1_mixed	702	A	367.0
385_Y	0.0	0.0002000121147855	cluster_0_1_mixed	385	Y	150.0
212_S	0.0	0.0001999495972593	cluster_0_1_mixed	212	S	39.0
665_S	0.0	0.0001999182518862	cluster_0_1_mixed	665	S	339.0
857_S	0.0	0.0001995035283192	cluster_0_1_mixed	857	S	472.0
205_C	0.0	0.0001993726616501	cluster_0_1_mixed	205	C	32.0
911_L	0.0	0.0001993724665085	cluster_0_1_mixed	911	L	498.0
895_H	0.0	0.0001993708645616	cluster_0_1_mixed	895	H	496.0
214_I	0.0	0.0001993558032679	cluster_0_1_mixed	214	I	40.0
383_S	0.0	0.0001991567099519	cluster_0_1_mixed	383	S	148.0
883_A	0.0	0.0001987103236021	cluster_0_1_mixed	883	A	492.0
649_T	0.0	0.0001981761698922	cluster_0_1_mixed	649	T	331.0
810_F	0.0	0.0001978900642865	cluster_0_1_mixed	810	F	438.0
925_R	0.0	0.000197730213269	cluster_0_1_mixed	925	R	508.0
537_E	0.0	0.0001976319061917	cluster_0_1_mixed	537	E	231.0
184_V	0.0	0.0001976063611145	cluster_0_1_mixed	184	V	13.0
245_M	0.0	0.0001975555878207	cluster_0_1_mixed	245	M	64.0
579_P	0.0	0.0001974621449497	cluster_0_1_mixed	579	P	263.0
214_F	0.0	0.0001974274954789	cluster_0_1_mixed	214	F	40.0
876_I	0.0	0.0001973135720088	cluster_0_1_mixed	876	I	485.0
795_G	0.0	0.0001973108189843	cluster_0_1_mixed	795	G	429.0
460_Q	0.0	0.0001972881031296	cluster_0_1_mixed	460	Q	206.0
478_V	0.0	0.000197056223751	cluster_0_1_mixed	478	V	221.0
421_P	0.0	0.0001969831786122	cluster_0_1_mixed	421	P	180.0
300_R	0.0	0.0001969650499338	cluster_0_1_mixed	300	R	100.0
874_T	0.0	0.0001968712689074	cluster_0_1_mixed	874	T	483.0
843_L	0.0	0.0001966774385995	cluster_0_1_mixed	843	L	464.0
585_L	0.0	0.000196644358519	cluster_0_1_mixed	585	L	269.0
187_Q	0.0	0.0001965027499008	cluster_0_1_mixed	187	Q	14.0
768_Y	0.0	0.0001961179000119	cluster_0_1_mixed	768	Y	415.0
921_S	0.0	0.0001953901227704	cluster_0_1_mixed	921	S	504.0
729_S	0.0	0.0001952767687612	cluster_0_1_mixed	729	S	394.0
883_P	0.0	0.0001951304914289	cluster_0_1_mixed	883	P	492.0
191_T	0.0	0.0001950889926154	cluster_0_1_mixed	191	T	18.0
792_T	0.0	0.0001949822859155	cluster_0_1_mixed	792	T	428.0
349_I	0.0	0.0001944379561293	cluster_0_1_mixed	349	I	131.0
570_E	0.0	0.0001940786454851	cluster_0_1_mixed	570	E	254.0
416_R	0.0	0.0001939959738372	cluster_0_1_mixed	416	R	175.0
846_K	0.0	0.0001939599227525	cluster_0_1_mixed	846	K	467.0
224_F	0.0	0.0001936151294304	cluster_0_1_mixed	224	F	50.0
336_T	0.0	0.0001929884996921	cluster_0_1_mixed	336	T	125.0
356_M	0.0	0.0001929815190609	cluster_0_1_mixed	356	M	134.0
349_S	0.0	0.0001929456336172	cluster_0_1_mixed	349	S	131.0
634_A	0.0	0.000192693583776	cluster_0_1_mixed	634	A	316.0
826_T	0.0	0.0001926695209915	cluster_0_1_mixed	826	T	453.0
713_N	0.0	0.0001924954861896	cluster_0_1_mixed	713	N	378.0
916_F	0.0	0.0001924216227493	cluster_0_1_mixed	916	F	502.0
774_Y	0.0	0.0001924200375974	cluster_0_1_mixed	774	Y	421.0
314_T	0.0	0.0001921997348414	cluster_0_1_mixed	314	T	104.0
247_M	0.0	0.000192082515606	cluster_0_1_mixed	247	M	65.0
884_T	0.0	0.0001919096058994	cluster_0_1_mixed	884	T	493.0
672_T	0.0	0.0001912277024213	cluster_0_1_mixed	672	T	341.0
203_F	0.0	0.0001912203575255	cluster_0_1_mixed	203	F	30.0
684_V	0.0	0.0001904659821003	cluster_0_1_mixed	684	V	353.0
898_L	0.0	0.0001904378206869	cluster_0_1_mixed	898	L	496.0
246_H	0.0	0.0001902594506785	cluster_0_1_mixed	246	H	64.0
434_T	0.0	0.0001901613345212	cluster_0_1_mixed	434	T	187.0
467_D	0.0	0.0001899279509186	cluster_0_1_mixed	467	D	210.0
245_T	0.0	0.0001896390237711	cluster_0_1_mixed	245	T	64.0
803_G	0.0	0.0001895866724544	cluster_0_1_mixed	803	G	437.0
924_A	0.0	0.0001892666492053	cluster_0_1_mixed	924	A	507.0
922_M	0.0	0.0001891486241789	cluster_0_1_mixed	922	M	505.0
186_T	0.0	0.0001890493785967	cluster_0_1_mixed	186	T	14.0
675_V	0.0	0.0001889944846853	cluster_0_1_mixed	675	V	344.0
425_G	0.0	0.0001888305585837	cluster_0_1_mixed	425	G	181.0
347_Y	0.0	0.0001888107835338	cluster_0_1_mixed	347	Y	130.0
298_F	0.0	0.0001887225459369	cluster_0_1_mixed	298	F	98.0
812_E	0.0	0.0001886322946381	cluster_0_1_mixed	812	E	439.0
671_T	0.0	0.0001884542930907	cluster_0_1_mixed	671	T	340.0
316_I	0.0	0.000188440566757	cluster_0_1_mixed	316	I	106.0
782_G	0.0	0.0001881366014866	cluster_0_1_mixed	782	G	426.0
243_K	0.0	0.0001878331223679	cluster_0_1_mixed	243	K	62.0
674_G	0.0	0.000187753084298	cluster_0_1_mixed	674	G	343.0
469_S	0.0	0.0001877057250321	cluster_0_1_mixed	469	S	212.0
377_G	0.0	0.0001876746646769	cluster_0_1_mixed	377	G	142.0
172_Q	0.0	0.0001876336587794	cluster_0_1_mixed	172	Q	1.0
770_Q	0.0	0.0001875742601924	cluster_0_1_mixed	770	Q	417.0
457_P	0.0	0.0001873753449549	cluster_0_1_mixed	457	P	203.0
660_D	0.0	0.0001873176326188	cluster_0_1_mixed	660	D	339.0
477_P	0.0	0.0001873108062896	cluster_0_1_mixed	477	P	220.0
311_G	0.0	0.0001870479929794	cluster_0_1_mixed	311	G	102.0
607_F	0.0	0.0001868001118351	cluster_0_1_mixed	607	F	290.0
469_E	0.0	0.000186797031747	cluster_0_1_mixed	469	E	212.0
372_Q	0.0	0.0001856928845345	cluster_0_1_mixed	372	Q	141.0
820_L	0.0	0.0001856096785383	cluster_0_1_mixed	820	L	447.0
699_N	0.0	0.0001851058728522	cluster_0_1_mixed	699	N	364.0
558_S	0.0	0.0001846811867328	cluster_0_1_mixed	558	S	245.0
444_N	0.0	0.0001846180693067	cluster_0_1_mixed	444	N	190.0
627_G	0.0	0.0001844070014034	cluster_0_1_mixed	627	G	309.0
380_N	0.0	0.000184404453499	cluster_0_1_mixed	380	N	145.0
929_P	0.0	0.0001843532552182	cluster_0_1_mixed	929	P	512.0
922_V	0.0	0.0001841992807189	cluster_0_1_mixed	922	V	505.0
225_T	0.0	0.0001839234107512	cluster_0_1_mixed	225	T	51.0
413_V	0.0	0.0001838453023022	cluster_0_1_mixed	413	V	172.0
376_A	0.0	0.0001835917709819	cluster_0_1_mixed	376	A	141.0
301_F	0.0	0.0001835213416947	cluster_0_1_mixed	301	F	101.0
895_Q	0.0	0.0001833832175981	cluster_0_1_mixed	895	Q	496.0
936_G	0.0	0.0001830351623252	cluster_0_1_mixed	936	G	519.0
718_T	0.0	0.0001829791049567	cluster_0_1_mixed	718	T	383.0
915_I	0.0	0.0001829752137899	cluster_0_1_mixed	915	I	502.0
846_G	0.0	0.0001825931486032	cluster_0_1_mixed	846	G	467.0
619_E	0.0	0.0001823511117971	cluster_0_1_mixed	619	E	302.0
897_I	0.0	0.0001822727585255	cluster_0_1_mixed	897	I	496.0
237_G	0.0	0.000182116008064	cluster_0_1_mixed	237	G	56.0
709_M	0.0	0.0001820364107887	cluster_0_1_mixed	709	M	374.0
434_Q	0.0	0.0001819072067182	cluster_0_1_mixed	434	Q	187.0
575_T	0.0	0.000181786243114	cluster_0_1_mixed	575	T	259.0
783_A	0.0	0.000181671500426	cluster_0_1_mixed	783	A	426.0
455_S	0.0	0.0001815020575743	cluster_0_1_mixed	455	S	201.0
524_Q	0.0	0.0001813736839663	cluster_0_1_mixed	524	Q	223.0
665_G	0.0	0.0001811962233408	cluster_0_1_mixed	665	G	339.0
776_Q	0.0	0.000180557786662	cluster_0_1_mixed	776	Q	422.0
628_I	0.0	0.0001802486694977	cluster_0_1_mixed	628	I	310.0
328_P	0.0	0.0001797933539993	cluster_0_1_mixed	328	P	118.0
630_S	0.0	0.0001794658422439	cluster_0_1_mixed	630	S	312.0
180_A	0.0	0.0001789045605507	cluster_0_1_mixed	180	A	9.0
195_Q	0.0	0.0001788746768948	cluster_0_1_mixed	195	Q	22.0
931_N	0.0	0.0001787270157055	cluster_0_1_mixed	931	N	514.0
520_G	0.0	0.0001784435148926	cluster_0_1_mixed	520	G	223.0
396_Q	0.0	0.0001782731711871	cluster_0_1_mixed	396	Q	155.0
884_S	0.0	0.0001782239176368	cluster_0_1_mixed	884	S	493.0
376_N	0.0	0.0001781997928768	cluster_0_1_mixed	376	N	141.0
475_T	0.0	0.0001780921373893	cluster_0_1_mixed	475	T	218.0
682_G	0.0	0.0001780730272504	cluster_0_1_mixed	682	G	351.0
367_L	0.0	0.000177882324503	cluster_0_1_mixed	367	L	139.0
417_T	0.0	0.0001778367457707	cluster_0_1_mixed	417	T	176.0
775_D	0.0	0.0001777928546634	cluster_0_1_mixed	775	D	422.0
835_P	0.0	0.0001777273612156	cluster_0_1_mixed	835	P	456.0
674_T	0.0	0.0001777030212942	cluster_0_1_mixed	674	T	343.0
551_N	0.0	0.0001776849555821	cluster_0_1_mixed	551	N	242.0
197_R	0.0	0.0001774475891506	cluster_0_1_mixed	197	R	24.0
213_M	0.0	0.0001773085278264	cluster_0_1_mixed	213	M	40.0
913_Q	0.0	0.0001771824090468	cluster_0_1_mixed	913	Q	500.0
246_S	0.0	0.0001771364721265	cluster_0_1_mixed	246	S	64.0
774_V	0.0	0.0001770468785883	cluster_0_1_mixed	774	V	421.0
642_G	0.0	0.0001769629413231	cluster_0_1_mixed	642	G	324.0
481_D	0.0	0.0001766030674918	cluster_0_1_mixed	481	D	221.0
645_T	0.0	0.000176488282879	cluster_0_1_mixed	645	T	327.0
925_V	0.0	0.0001755630356993	cluster_0_1_mixed	925	V	508.0
280_V	0.0	0.000175447739017	cluster_0_1_mixed	280	V	91.0
771_E	0.0	0.0001753801222427	cluster_0_1_mixed	771	E	418.0
314_A	0.0	0.0001753750226979	cluster_0_1_mixed	314	A	104.0
671_A	0.0	0.0001752608935198	cluster_0_1_mixed	671	A	340.0
420_G	0.0	0.0001750723570395	cluster_0_1_mixed	420	G	179.0
779_D	0.0	0.0001749997074853	cluster_0_1_mixed	779	D	423.0
537_G	0.0	0.0001749109145027	cluster_0_1_mixed	537	G	231.0
348_G	0.0	0.0001749083024627	cluster_0_1_mixed	348	G	131.0
674_D	0.0	0.0001748999197229	cluster_0_1_mixed	674	D	343.0
583_V	0.0	0.0001748181317633	cluster_0_1_mixed	583	V	267.0
467_G	0.0	0.0001747733376043	cluster_0_1_mixed	467	G	210.0
316_D	0.0	0.0001746008067945	cluster_0_1_mixed	316	D	106.0
329_V	0.0	0.0001744949916356	cluster_0_1_mixed	329	V	118.0
668_A	0.0	0.0001743744042911	cluster_0_1_mixed	668	A	340.0
587_N	0.0	0.0001743137194792	cluster_0_1_mixed	587	N	271.0
680_D	0.0	0.0001738842345963	cluster_0_1_mixed	680	D	349.0
924_M	0.0	0.0001737384724181	cluster_0_1_mixed	924	M	507.0
850_S	0.0	0.0001736436489715	cluster_0_1_mixed	850	S	467.0
268_Y	0.0	0.0001735562966486	cluster_0_1_mixed	268	Y	86.0
219_L	0.0	0.0001735297707348	cluster_0_1_mixed	219	L	45.0
173_P	0.0	0.0001733995017575	cluster_0_1_mixed	173	P	2.0
633_A	0.0	0.0001733678847918	cluster_0_1_mixed	633	A	315.0
413_P	0.0	0.0001732121705983	cluster_0_1_mixed	413	P	172.0
572_G	0.0	0.0001730315447339	cluster_0_1_mixed	572	G	256.0
185_T	0.0	0.0001730072084588	cluster_0_1_mixed	185	T	14.0
626_F	0.0	0.0001730058156348	cluster_0_1_mixed	626	F	309.0
769_Q	0.0	0.0001727630021601	cluster_0_1_mixed	769	Q	416.0
845_E	0.0	0.0001721044299534	cluster_0_1_mixed	845	E	466.0
934_P	0.0	0.000171417326022	cluster_0_1_mixed	934	P	517.0
566_A	0.0	0.0001713617643572	cluster_0_1_mixed	566	A	251.0
388_S	0.0	0.0001711999727729	cluster_0_1_mixed	388	S	153.0
856_P	0.0	0.0001711575378584	cluster_0_1_mixed	856	P	471.0
802_R	0.0	0.0001710827372036	cluster_0_1_mixed	802	R	436.0
174_M	0.0	0.0001710068951888	cluster_0_1_mixed	174	M	3.0
352_I	0.0	0.0001709504805027	cluster_0_1_mixed	352	I	133.0
478_L	0.0	0.0001706737594023	cluster_0_1_mixed	478	L	221.0
869_E	0.0	0.0001706441111906	cluster_0_1_mixed	869	E	478.0
239_K	0.0	0.0001706336159823	cluster_0_1_mixed	239	K	58.0
848_T	0.0	0.0001706268170853	cluster_0_1_mixed	848	T	467.0
558_D	0.0	0.0001706169692971	cluster_0_1_mixed	558	D	245.0
676_S	0.0	0.0001705290749233	cluster_0_1_mixed	676	S	345.0
487_Q	0.0	0.0001705247529442	cluster_0_1_mixed	487	Q	221.0
327_E	0.0	0.0001702094164148	cluster_0_1_mixed	327	E	117.0
266_I	0.0	0.0001699919262866	cluster_0_1_mixed	266	I	84.0
194_I	0.0	0.000169039395203	cluster_0_1_mixed	194	I	21.0
867_S	0.0	0.0001687919849334	cluster_0_1_mixed	867	S	476.0
791_A	0.0	0.0001687709287506	cluster_0_1_mixed	791	A	428.0
913_D	0.0	0.0001685873374596	cluster_0_1_mixed	913	D	500.0
270_F	0.0	0.0001685850162721	cluster_0_1_mixed	270	F	87.0
277_Y	0.0	0.0001685313146684	cluster_0_1_mixed	277	Y	88.0
725_D	0.0	0.0001682681744314	cluster_0_1_mixed	725	D	390.0
346_G	0.0	0.0001675673185548	cluster_0_1_mixed	346	G	130.0
555_T	0.0	0.0001675417649812	cluster_0_1_mixed	555	T	243.0
670_S	0.0	0.0001674500416912	cluster_0_1_mixed	670	S	340.0
366_G	0.0	0.0001674237546748	cluster_0_1_mixed	366	G	139.0
618_V	0.0	0.000167354333044	cluster_0_1_mixed	618	V	301.0
218_D	0.0	0.0001673356275612	cluster_0_1_mixed	218	D	44.0
646_A	0.0	0.0001668212042044	cluster_0_1_mixed	646	A	328.0
868_P	0.0	0.0001668185574204	cluster_0_1_mixed	868	P	477.0
833_S	0.0	0.0001667949736136	cluster_0_1_mixed	833	S	454.0
571_D	0.0	0.0001667786258888	cluster_0_1_mixed	571	D	255.0
687_A	0.0	0.0001666214709248	cluster_0_1_mixed	687	A	356.0
579_R	0.0	0.0001663198344367	cluster_0_1_mixed	579	R	263.0
485_G	0.0	0.0001662979232099	cluster_0_1_mixed	485	G	221.0
391_L	0.0	0.0001662759853787	cluster_0_1_mixed	391	L	155.0
280_I	0.0	0.0001661056841759	cluster_0_1_mixed	280	I	91.0
243_R	0.0	0.0001658605824105	cluster_0_1_mixed	243	R	62.0
852_T	0.0	0.0001656329796849	cluster_0_1_mixed	852	T	467.0
416_T	0.0	0.0001655818050024	cluster_0_1_mixed	416	T	175.0
870_E	0.0	0.0001650746458174	cluster_0_1_mixed	870	E	479.0
649_Q	0.0	0.00016497156857	cluster_0_1_mixed	649	Q	331.0
340_N	0.0	0.0001647507209454	cluster_0_1_mixed	340	N	129.0
693_S	0.0	0.0001647461603645	cluster_0_1_mixed	693	S	358.0
568_A	0.0	0.0001646210786476	cluster_0_1_mixed	568	A	253.0
885_S	0.0	0.0001645921704096	cluster_0_1_mixed	885	S	494.0
937_V	0.0	0.0001642936468797	cluster_0_1_mixed	937	V	520.0
225_M	0.0	0.0001639984291414	cluster_0_1_mixed	225	M	51.0
781_T	0.0	0.0001636040428846	cluster_0_1_mixed	781	T	425.0
353_G	0.0	0.0001634734020467	cluster_0_1_mixed	353	G	134.0
431_A	0.0	0.0001634051096914	cluster_0_1_mixed	431	A	184.0
582_E	0.0	0.0001630467811278	cluster_0_1_mixed	582	E	266.0
703_P	0.0	0.00016294213012	cluster_0_1_mixed	703	P	368.0
385_H	0.0	0.0001628841697512	cluster_0_1_mixed	385	H	150.0
523_D	0.0	0.0001628168069565	cluster_0_1_mixed	523	D	223.0
709_L	0.0	0.0001627840205303	cluster_0_1_mixed	709	L	374.0
876_D	0.0	0.0001627116838762	cluster_0_1_mixed	876	D	485.0
696_N	0.0	0.0001626848814569	cluster_0_1_mixed	696	N	361.0
460_W	0.0	0.0001623943359541	cluster_0_1_mixed	460	W	206.0
303_K	0.0	0.0001623200933676	cluster_0_1_mixed	303	K	102.0
832_F	0.0	0.0001620338634934	cluster_0_1_mixed	832	F	454.0
860_I	0.0	0.0001616479148388	cluster_0_1_mixed	860	I	475.0
353_Y	0.0	0.0001614386389031	cluster_0_1_mixed	353	Y	134.0
544_Y	0.0	0.0001613497792778	cluster_0_1_mixed	544	Y	238.0
482_D	0.0	0.0001610844107291	cluster_0_1_mixed	482	D	221.0
540_G	0.0	0.0001610360495743	cluster_0_1_mixed	540	G	234.0
314_Q	0.0	0.0001609153157842	cluster_0_1_mixed	314	Q	104.0
587_A	0.0	0.0001608342419745	cluster_0_1_mixed	587	A	271.0
581_I	0.0	0.0001604546159449	cluster_0_1_mixed	581	I	265.0
461_K	0.0	0.0001603521815289	cluster_0_1_mixed	461	K	206.0
445_R	0.0	0.0001603372371853	cluster_0_1_mixed	445	R	191.0
893_V	0.0	0.0001600803030256	cluster_0_1_mixed	893	V	496.0
579_T	0.0	0.0001599707505075	cluster_0_1_mixed	579	T	263.0
834_Y	0.0	0.0001599439774587	cluster_0_1_mixed	834	Y	455.0
795_T	0.0	0.0001598688432871	cluster_0_1_mixed	795	T	429.0
675_A	0.0	0.0001597800778906	cluster_0_1_mixed	675	A	344.0
372_G	0.0	0.0001597396442766	cluster_0_1_mixed	372	G	141.0
779_G	0.0	0.0001595686608026	cluster_0_1_mixed	779	G	423.0
430_D	0.0	0.0001595299941919	cluster_0_1_mixed	430	D	183.0
895_N	0.0	0.0001592933823939	cluster_0_1_mixed	895	N	496.0
649_V	0.0	0.0001592103994767	cluster_0_1_mixed	649	V	331.0
728_Y	0.0	0.0001590914042715	cluster_0_1_mixed	728	Y	393.0
183_Q	0.0	0.0001590675086244	cluster_0_1_mixed	183	Q	12.0
182_M	0.0	0.0001589719988212	cluster_0_1_mixed	182	M	11.0
423_D	0.0	0.0001588320156235	cluster_0_1_mixed	423	D	180.0
336_L	0.0	0.000158644460654	cluster_0_1_mixed	336	L	125.0
879_N	0.0	0.0001586122447179	cluster_0_1_mixed	879	N	488.0
684_I	0.0	0.0001582433139774	cluster_0_1_mixed	684	I	353.0
571_G	0.0	0.0001582343608418	cluster_0_1_mixed	571	G	255.0
475_V	0.0	0.0001580901195284	cluster_0_1_mixed	475	V	218.0
628_Q	0.0	0.000157858962256	cluster_0_1_mixed	628	Q	310.0
319_D	0.0	0.0001572262832306	cluster_0_1_mixed	319	D	109.0
839_P	0.0	0.0001568951682747	cluster_0_1_mixed	839	P	460.0
729_T	0.0	0.000156794609052	cluster_0_1_mixed	729	T	394.0
385_C	0.0	0.0001566718507482	cluster_0_1_mixed	385	C	150.0
687_S	0.0	0.0001566473253647	cluster_0_1_mixed	687	S	356.0
812_W	0.0	0.0001563671412322	cluster_0_1_mixed	812	W	439.0
817_P	0.0	0.0001561451111064	cluster_0_1_mixed	817	P	444.0
280_M	0.0	0.0001560278268441	cluster_0_1_mixed	280	M	91.0
928_L	0.0	0.0001558240805549	cluster_0_1_mixed	928	L	511.0
615_A	0.0	0.0001558166970616	cluster_0_1_mixed	615	A	298.0
684_L	0.0	0.0001557934452646	cluster_0_1_mixed	684	L	353.0
854_V	0.0	0.0001557608794622	cluster_0_1_mixed	854	V	469.0
846_H	0.0	0.0001556909968551	cluster_0_1_mixed	846	H	467.0
727_Q	0.0	0.0001555978650574	cluster_0_1_mixed	727	Q	392.0
886_P	0.0	0.0001552348623095	cluster_0_1_mixed	886	P	495.0
706_T	0.0	0.0001548311969353	cluster_0_1_mixed	706	T	371.0
927_A	0.0	0.0001547871806918	cluster_0_1_mixed	927	A	510.0
668_S	0.0	0.0001546957883931	cluster_0_1_mixed	668	S	340.0
921_N	0.0	0.0001546565948738	cluster_0_1_mixed	921	N	504.0
567_A	0.0	0.0001543675184931	cluster_0_1_mixed	567	A	252.0
426_G	0.0	0.0001542230006277	cluster_0_1_mixed	426	G	182.0
790_S	0.0	0.0001541345877513	cluster_0_1_mixed	790	S	428.0
872_P	0.0	0.0001541196770227	cluster_0_1_mixed	872	P	481.0
867_A	0.0	0.0001534423611881	cluster_0_1_mixed	867	A	476.0
900_S	0.0	0.0001534276234462	cluster_0_1_mixed	900	S	496.0
559_A	0.0	0.0001533784114804	cluster_0_1_mixed	559	A	245.0
927_P	0.0	0.0001533702893956	cluster_0_1_mixed	927	P	510.0
423_G	0.0	0.0001533242654018	cluster_0_1_mixed	423	G	180.0
633_D	0.0	0.0001532273453256	cluster_0_1_mixed	633	D	315.0
262_I	0.0	0.0001531578813552	cluster_0_1_mixed	262	I	80.0
853_L	0.0	0.0001531529877109	cluster_0_1_mixed	853	L	468.0
707_L	0.0	0.0001531062030583	cluster_0_1_mixed	707	L	372.0
622_Y	0.0	0.0001525655408789	cluster_0_1_mixed	622	Y	305.0
352_M	0.0	0.0001520765016592	cluster_0_1_mixed	352	M	133.0
575_G	0.0	0.0001519229756565	cluster_0_1_mixed	575	G	259.0
858_L	0.0	0.0001519146074092	cluster_0_1_mixed	858	L	473.0
686_G	0.0	0.0001517090071695	cluster_0_1_mixed	686	G	355.0
611_N	0.0	0.0001515644998639	cluster_0_1_mixed	611	N	294.0
414_M	0.0	0.0001515522643689	cluster_0_1_mixed	414	M	173.0
802_A	0.0	0.0001511812203789	cluster_0_1_mixed	802	A	436.0
461_Q	0.0	0.0001511672445397	cluster_0_1_mixed	461	Q	206.0
848_E	0.0	0.0001509415541531	cluster_0_1_mixed	848	E	467.0
205_M	0.0	0.0001509072100944	cluster_0_1_mixed	205	M	32.0
579_S	0.0	0.0001508656552781	cluster_0_1_mixed	579	S	263.0
296_S	0.0	0.0001508581008348	cluster_0_1_mixed	296	S	96.0
796_I	0.0	0.000150793296352	cluster_0_1_mixed	796	I	430.0
877_Q	0.0	0.0001506316068081	cluster_0_1_mixed	877	Q	486.0
329_P	0.0	0.0001502807933555	cluster_0_1_mixed	329	P	118.0
554_G	0.0	0.0001502023954256	cluster_0_1_mixed	554	G	242.0
375_G	0.0	0.000150126370128	cluster_0_1_mixed	375	G	141.0
369_Q	0.0	0.0001499650896084	cluster_0_1_mixed	369	Q	140.0
868_A	0.0	0.0001495710793872	cluster_0_1_mixed	868	A	477.0
242_S	0.0	0.000149567918759	cluster_0_1_mixed	242	S	61.0
664_S	0.0	0.0001495369025199	cluster_0_1_mixed	664	S	339.0
818_S	0.0	0.0001494516295234	cluster_0_1_mixed	818	S	445.0
930_I	0.0	0.0001493771959193	cluster_0_1_mixed	930	I	513.0
545_G	0.0	0.0001492257720357	cluster_0_1_mixed	545	G	239.0
526_F	0.0	0.0001492108077633	cluster_0_1_mixed	526	F	225.0
567_G	0.0	0.0001491956826367	cluster_0_1_mixed	567	G	252.0
175_G	0.0	0.0001489993106557	cluster_0_1_mixed	175	G	4.0
595_N	0.0	0.0001489383795763	cluster_0_1_mixed	595	N	278.0
881_I	0.0	0.0001487513045012	cluster_0_1_mixed	881	I	490.0
465_D	0.0	0.0001484682647785	cluster_0_1_mixed	465	D	208.0
371_G	0.0	0.0001483375512754	cluster_0_1_mixed	371	G	141.0
539_T	0.0	0.0001483272755308	cluster_0_1_mixed	539	T	233.0
798_G	0.0	0.0001483100079948	cluster_0_1_mixed	798	G	432.0
558_G	0.0	0.0001482792692627	cluster_0_1_mixed	558	G	245.0
841_W	0.0	0.0001482729773031	cluster_0_1_mixed	841	W	462.0
774_F	0.0	0.0001482160254879	cluster_0_1_mixed	774	F	421.0
719_N	0.0	0.0001479856219711	cluster_0_1_mixed	719	N	384.0
209_R	0.0	0.0001478654280757	cluster_0_1_mixed	209	R	36.0
795_K	0.0	0.0001478620812198	cluster_0_1_mixed	795	K	429.0
432_N	0.0	0.0001476881137957	cluster_0_1_mixed	432	N	185.0
691_G	0.0	0.0001473267313087	cluster_0_1_mixed	691	G	357.0
198_A	0.0	0.0001473153950792	cluster_0_1_mixed	198	A	25.0
795_E	0.0	0.0001472995126951	cluster_0_1_mixed	795	E	429.0
835_G	0.0	0.0001472568090849	cluster_0_1_mixed	835	G	456.0
923_Y	0.0	0.0001471799831131	cluster_0_1_mixed	923	Y	506.0
570_L	0.0	0.000147044304079	cluster_0_1_mixed	570	L	254.0
857_Q	0.0	0.0001468013205656	cluster_0_1_mixed	857	Q	472.0
575_N	0.0	0.0001467341032241	cluster_0_1_mixed	575	N	259.0
339_N	0.0	0.0001466547205288	cluster_0_1_mixed	339	N	128.0
420_V	0.0	0.000146643087052	cluster_0_1_mixed	420	V	179.0
794_E	0.0	0.0001465554172035	cluster_0_1_mixed	794	E	429.0
442_L	0.0	0.0001465293743294	cluster_0_1_mixed	442	L	190.0
384_W	0.0	0.0001465278458776	cluster_0_1_mixed	384	W	149.0
264_A	0.0	0.0001464043583119	cluster_0_1_mixed	264	A	82.0
202_Q	0.0	0.0001463683090574	cluster_0_1_mixed	202	Q	29.0
322_Y	0.0	0.0001463447171344	cluster_0_1_mixed	322	Y	112.0
831_R	0.0	0.0001462962900615	cluster_0_1_mixed	831	R	454.0
580_Q	0.0	0.000146041936743	cluster_0_1_mixed	580	Q	264.0
718_S	0.0	0.0001458041797372	cluster_0_1_mixed	718	S	383.0
781_Q	0.0	0.000145618045844	cluster_0_1_mixed	781	Q	425.0
518_G	0.0	0.0001455734705191	cluster_0_1_mixed	518	G	223.0
801_A	0.0	0.0001455595108914	cluster_0_1_mixed	801	A	435.0
538_S	0.0	0.0001455458501217	cluster_0_1_mixed	538	S	232.0
834_S	0.0	0.0001451858757784	cluster_0_1_mixed	834	S	455.0
746_G	0.0	0.0001451683195747	cluster_0_1_mixed	746	G	411.0
261_K	0.0	0.0001448348720354	cluster_0_1_mixed	261	K	79.0
218_L	0.0	0.0001446813533294	cluster_0_1_mixed	218	L	44.0
779_A	0.0	0.0001446741171374	cluster_0_1_mixed	779	A	423.0
175_S	0.0	0.0001446649385608	cluster_0_1_mixed	175	S	4.0
835_S	0.0	0.0001446595084842	cluster_0_1_mixed	835	S	456.0
643_G	0.0	0.0001446229467956	cluster_0_1_mixed	643	G	325.0
632_D	0.0	0.0001445230108528	cluster_0_1_mixed	632	D	314.0
515_I	0.0	0.0001444739099159	cluster_0_1_mixed	515	I	221.0
375_D	0.0	0.0001444242886488	cluster_0_1_mixed	375	D	141.0
875_N	0.0	0.0001443985512467	cluster_0_1_mixed	875	N	484.0
803_F	0.0	0.0001440717856724	cluster_0_1_mixed	803	F	437.0
485_T	0.0	0.000143978960575	cluster_0_1_mixed	485	T	221.0
316_R	0.0	0.0001438879870337	cluster_0_1_mixed	316	R	106.0
629_V	0.0	0.0001438255789518	cluster_0_1_mixed	629	V	311.0
415_N	0.0	0.000143787467125	cluster_0_1_mixed	415	N	174.0
729_K	0.0	0.0001436202549499	cluster_0_1_mixed	729	K	394.0
647_E	0.0	0.0001435237572588	cluster_0_1_mixed	647	E	329.0
454_G	0.0	0.0001434488736159	cluster_0_1_mixed	454	G	200.0
350_E	0.0	0.000143305530349	cluster_0_1_mixed	350	E	131.0
813_Y	0.0	0.0001431849654131	cluster_0_1_mixed	813	Y	440.0
879_D	0.0	0.0001430882673003	cluster_0_1_mixed	879	D	488.0
914_F	0.0	0.0001429738080859	cluster_0_1_mixed	914	F	501.0
696_D	0.0	0.000142966663801	cluster_0_1_mixed	696	D	361.0
597_I	0.0	0.0001429519563174	cluster_0_1_mixed	597	I	280.0
312_N	0.0	0.000142768494586	cluster_0_1_mixed	312	N	102.0
907_E	0.0	0.0001424687484029	cluster_0_1_mixed	907	E	496.0
609_Y	0.0	0.0001424337916866	cluster_0_1_mixed	609	Y	292.0
345_A	0.0	0.0001422305739248	cluster_0_1_mixed	345	A	130.0
839_N	0.0	0.0001419418277635	cluster_0_1_mixed	839	N	460.0
190_F	0.0	0.0001418636628553	cluster_0_1_mixed	190	F	17.0
689_G	0.0	0.000141827406614	cluster_0_1_mixed	689	G	357.0
377_L	0.0	0.0001417856772768	cluster_0_1_mixed	377	L	142.0
384_I	0.0	0.000141625138175	cluster_0_1_mixed	384	I	149.0
429_D	0.0	0.0001415868299853	cluster_0_1_mixed	429	D	183.0
337_T	0.0	0.000141399728615	cluster_0_1_mixed	337	T	126.0
847_Y	0.0	0.0001413670931515	cluster_0_1_mixed	847	Y	467.0
472_L	0.0	0.0001413651661554	cluster_0_1_mixed	472	L	215.0
721_S	0.0	0.0001412282387967	cluster_0_1_mixed	721	S	386.0
379_I	0.0	0.0001411459692782	cluster_0_1_mixed	379	I	144.0
424_D	0.0	0.0001411150055693	cluster_0_1_mixed	424	D	180.0
727_F	0.0	0.0001410121072273	cluster_0_1_mixed	727	F	392.0
424_T	0.0	0.0001409996885858	cluster_0_1_mixed	424	T	180.0
918_A	0.0	0.0001409812074383	cluster_0_1_mixed	918	A	502.0
637_R	0.0	0.0001408762668785	cluster_0_1_mixed	637	R	319.0
176_R	0.0	0.0001406266589494	cluster_0_1_mixed	176	R	5.0
472_P	0.0	0.0001405011082401	cluster_0_1_mixed	472	P	215.0
782_Y	0.0	0.0001404397934463	cluster_0_1_mixed	782	Y	426.0
878_R	0.0	0.0001402334315571	cluster_0_1_mixed	878	R	487.0
555_G	0.0	0.0001401803788005	cluster_0_1_mixed	555	G	243.0
480_Y	0.0	0.0001401359600998	cluster_0_1_mixed	480	Y	221.0
587_Q	0.0	0.0001399399951665	cluster_0_1_mixed	587	Q	271.0
670_V	0.0	0.000139672799149	cluster_0_1_mixed	670	V	340.0
564_A	0.0	0.0001395733258593	cluster_0_1_mixed	564	A	249.0
651_H	0.0	0.0001393721622333	cluster_0_1_mixed	651	H	333.0
707_T	0.0	0.000139205202449	cluster_0_1_mixed	707	T	372.0
331_I	0.0	0.0001388812678937	cluster_0_1_mixed	331	I	120.0
840_P	0.0	0.0001388184092864	cluster_0_1_mixed	840	P	461.0
587_T	0.0	0.0001386765499959	cluster_0_1_mixed	587	T	271.0
210_K	0.0	0.0001386684815572	cluster_0_1_mixed	210	K	37.0
417_Q	0.0	0.0001385584563632	cluster_0_1_mixed	417	Q	176.0
374_T	0.0	0.0001382764169215	cluster_0_1_mixed	374	T	141.0
632_Y	0.0	0.0001381590268745	cluster_0_1_mixed	632	Y	314.0
629_L	0.0	0.0001381091641016	cluster_0_1_mixed	629	L	311.0
561_D	0.0	0.0001380551388834	cluster_0_1_mixed	561	D	246.0
674_Q	0.0	0.0001380207327235	cluster_0_1_mixed	674	Q	343.0
622_D	0.0	0.0001379568158709	cluster_0_1_mixed	622	D	305.0
589_T	0.0	0.0001379380680304	cluster_0_1_mixed	589	T	272.0
607_A	0.0	0.0001378567495793	cluster_0_1_mixed	607	A	290.0
425_P	0.0	0.0001376618556041	cluster_0_1_mixed	425	P	181.0
300_D	0.0	0.0001376449002376	cluster_0_1_mixed	300	D	100.0
911_I	0.0	0.0001374994460811	cluster_0_1_mixed	911	I	498.0
768_E	0.0	0.0001374720708287	cluster_0_1_mixed	768	E	415.0
538_D	0.0	0.0001373833220419	cluster_0_1_mixed	538	D	232.0
930_L	0.0	0.0001373050158084	cluster_0_1_mixed	930	L	513.0
922_Y	0.0	0.0001372342089751	cluster_0_1_mixed	922	Y	505.0
554_A	0.0	0.0001372161842467	cluster_0_1_mixed	554	A	242.0
784_V	0.0	0.0001371391798635	cluster_0_1_mixed	784	V	426.0
876_G	0.0	0.0001370962870966	cluster_0_1_mixed	876	G	485.0
339_V	0.0	0.0001368827127958	cluster_0_1_mixed	339	V	128.0
866_G	0.0	0.0001367785094893	cluster_0_1_mixed	866	G	475.0
462_P	0.0	0.0001367462563692	cluster_0_1_mixed	462	P	206.0
207_F	0.0	0.0001366734059196	cluster_0_1_mixed	207	F	34.0
535_Y	0.0	0.0001365730127409	cluster_0_1_mixed	535	Y	231.0
692_A	0.0	0.0001364965475802	cluster_0_1_mixed	692	A	357.0
258_Y	0.0	0.0001363933106533	cluster_0_1_mixed	258	Y	76.0
595_D	0.0	0.0001362892207315	cluster_0_1_mixed	595	D	278.0
560_S	0.0	0.0001362254753522	cluster_0_1_mixed	560	S	245.0
409_I	0.0	0.0001361971186265	cluster_0_1_mixed	409	I	168.0
570_G	0.0	0.0001358529345408	cluster_0_1_mixed	570	G	254.0
641_L	0.0	0.000135616560673	cluster_0_1_mixed	641	L	323.0
432_G	0.0	0.0001355953865146	cluster_0_1_mixed	432	G	185.0
247_Q	0.0	0.0001355789284579	cluster_0_1_mixed	247	Q	65.0
332_A	0.0	0.0001354216267781	cluster_0_1_mixed	332	A	121.0
882_T	0.0	0.0001354138433695	cluster_0_1_mixed	882	T	491.0
432_T	0.0	0.000135354453758	cluster_0_1_mixed	432	T	185.0
671_D	0.0	0.0001351407686108	cluster_0_1_mixed	671	D	340.0
905_A	0.0	0.0001350252088855	cluster_0_1_mixed	905	A	496.0
535_E	0.0	0.0001349884477742	cluster_0_1_mixed	535	E	231.0
583_T	0.0	0.0001346674065721	cluster_0_1_mixed	583	T	267.0
182_I	0.0	0.0001338665336981	cluster_0_1_mixed	182	I	11.0
840_V	0.0	0.0001338561532397	cluster_0_1_mixed	840	V	461.0
366_L	0.0	0.0001338393233161	cluster_0_1_mixed	366	L	139.0
790_D	0.0	0.0001337290731489	cluster_0_1_mixed	790	D	428.0
330_P	0.0	0.0001336728454231	cluster_0_1_mixed	330	P	119.0
588_T	0.0	0.0001336058703955	cluster_0_1_mixed	588	T	272.0
542_K	0.0	0.0001335346419689	cluster_0_1_mixed	542	K	236.0
675_P	0.0	0.0001334511756039	cluster_0_1_mixed	675	P	344.0
745_Y	0.0	0.0001332764260386	cluster_0_1_mixed	745	Y	410.0
912_P	0.0	0.0001332118740155	cluster_0_1_mixed	912	P	499.0
185_S	0.0	0.000132962919555	cluster_0_1_mixed	185	S	14.0
259_I	0.0	0.0001328603850314	cluster_0_1_mixed	259	I	77.0
628_E	0.0	0.0001328414484277	cluster_0_1_mixed	628	E	310.0
329_L	0.0	0.0001328237785525	cluster_0_1_mixed	329	L	118.0
542_S	0.0	0.0001324970194305	cluster_0_1_mixed	542	S	236.0
825_K	0.0	0.0001324804490533	cluster_0_1_mixed	825	K	452.0
215_A	0.0	0.0001323611204101	cluster_0_1_mixed	215	A	41.0
735_D	0.0	0.0001323413141838	cluster_0_1_mixed	735	D	400.0
573_G	0.0	0.0001323205325296	cluster_0_1_mixed	573	G	257.0
622_M	0.0	0.0001321338214769	cluster_0_1_mixed	622	M	305.0
375_V	0.0	0.0001319739773602	cluster_0_1_mixed	375	V	141.0
783_T	0.0	0.0001318853066338	cluster_0_1_mixed	783	T	426.0
858_A	0.0	0.0001316946229388	cluster_0_1_mixed	858	A	473.0
332_G	0.0	0.0001316280237752	cluster_0_1_mixed	332	G	121.0
629_I	0.0	0.0001315312787455	cluster_0_1_mixed	629	I	311.0
816_A	0.0	0.0001314789318458	cluster_0_1_mixed	816	A	443.0
573_V	0.0	0.0001314493074172	cluster_0_1_mixed	573	V	257.0
852_N	0.0	0.000131308444731	cluster_0_1_mixed	852	N	467.0
180_G	0.0	0.0001312786489618	cluster_0_1_mixed	180	G	9.0
379_P	0.0	0.0001312497202389	cluster_0_1_mixed	379	P	144.0
713_T	0.0	0.0001311791874205	cluster_0_1_mixed	713	T	378.0
330_F	0.0	0.0001311572262274	cluster_0_1_mixed	330	F	119.0
187_S	0.0	0.0001311428107094	cluster_0_1_mixed	187	S	14.0
608_N	0.0	0.0001310427317681	cluster_0_1_mixed	608	N	291.0
884_Q	0.0	0.0001309292112482	cluster_0_1_mixed	884	Q	493.0
792_D	0.0	0.000130841288207	cluster_0_1_mixed	792	D	428.0
347_T	0.0	0.0001308236660207	cluster_0_1_mixed	347	T	130.0
773_I	0.0	0.000130617345167	cluster_0_1_mixed	773	I	420.0
871_V	0.0	0.0001303869138353	cluster_0_1_mixed	871	V	480.0
543_T	0.0	0.0001303817261134	cluster_0_1_mixed	543	T	237.0
897_L	0.0	0.0001302831015826	cluster_0_1_mixed	897	L	496.0
438_N	0.0	0.0001297930191615	cluster_0_1_mixed	438	N	190.0
176_H	0.0	0.0001297846528761	cluster_0_1_mixed	176	H	5.0
479_S	0.0	0.0001295632371233	cluster_0_1_mixed	479	S	221.0
195_S	0.0	0.0001295301765595	cluster_0_1_mixed	195	S	22.0
266_V	0.0	0.0001293553162929	cluster_0_1_mixed	266	V	84.0
557_T	0.0	0.0001292105044153	cluster_0_1_mixed	557	T	245.0
381_A	0.0	0.0001291287377195	cluster_0_1_mixed	381	A	146.0
549_A	0.0	0.000129003622842	cluster_0_1_mixed	549	A	242.0
545_A	0.0	0.0001288645586752	cluster_0_1_mixed	545	A	239.0
423_L	0.0	0.000128828015416	cluster_0_1_mixed	423	L	180.0
721_T	0.0	0.0001288189733475	cluster_0_1_mixed	721	T	386.0
712_I	0.0	0.0001288071462911	cluster_0_1_mixed	712	I	377.0
625_Y	0.0	0.0001287334552079	cluster_0_1_mixed	625	Y	308.0
251_M	0.0	0.0001286629490073	cluster_0_1_mixed	251	M	69.0
693_I	0.0	0.0001286537295514	cluster_0_1_mixed	693	I	358.0
727_D	0.0	0.0001285742685747	cluster_0_1_mixed	727	D	392.0
350_I	0.0	0.0001284886590457	cluster_0_1_mixed	350	I	131.0
338_A	0.0	0.0001284339054025	cluster_0_1_mixed	338	A	127.0
742_P	0.0	0.0001283274045807	cluster_0_1_mixed	742	P	407.0
832_A	0.0	0.0001283077807612	cluster_0_1_mixed	832	A	454.0
784_D	0.0	0.0001282534731843	cluster_0_1_mixed	784	D	426.0
805_E	0.0	0.0001281337372054	cluster_0_1_mixed	805	E	438.0
358_L	0.0	0.0001279083628675	cluster_0_1_mixed	358	L	134.0
175_A	0.0	0.0001278559812232	cluster_0_1_mixed	175	A	4.0
335_P	0.0	0.0001277694902647	cluster_0_1_mixed	335	P	124.0
437_K	0.0	0.0001277689287474	cluster_0_1_mixed	437	K	190.0
366_K	0.0	0.0001277559817645	cluster_0_1_mixed	366	K	139.0
925_N	0.0	0.0001274549039923	cluster_0_1_mixed	925	N	508.0
899_D	0.0	0.0001273473366583	cluster_0_1_mixed	899	D	496.0
582_T	0.0	0.0001273382977148	cluster_0_1_mixed	582	T	266.0
672_A	0.0	0.0001272857849225	cluster_0_1_mixed	672	A	341.0
186_N	0.0	0.0001272826201579	cluster_0_1_mixed	186	N	14.0
331_G	0.0	0.0001271678165988	cluster_0_1_mixed	331	G	120.0
260_I	0.0	0.0001271107829181	cluster_0_1_mixed	260	I	78.0
296_N	0.0	0.0001270615545184	cluster_0_1_mixed	296	N	96.0
243_S	0.0	0.0001270000754037	cluster_0_1_mixed	243	S	62.0
476_A	0.0	0.0001268750963121	cluster_0_1_mixed	476	A	219.0
898_F	0.0	0.0001267900514143	cluster_0_1_mixed	898	F	496.0
851_A	0.0	0.0001267588054075	cluster_0_1_mixed	851	A	467.0
177_T	0.0	0.0001266470643505	cluster_0_1_mixed	177	T	6.0
912_F	0.0	0.0001266416712298	cluster_0_1_mixed	912	F	499.0
546_A	0.0	0.0001265668031505	cluster_0_1_mixed	546	A	240.0
694_K	0.0	0.0001265502881743	cluster_0_1_mixed	694	K	359.0
183_R	0.0	0.0001265486572615	cluster_0_1_mixed	183	R	12.0
223_M	0.0	0.0001263713137204	cluster_0_1_mixed	223	M	49.0
612_I	0.0	0.0001262082209351	cluster_0_1_mixed	612	I	295.0
686_V	0.0	0.0001261748705807	cluster_0_1_mixed	686	V	355.0
368_G	0.0	0.0001259816984775	cluster_0_1_mixed	368	G	139.0
856_L	0.0	0.0001259771707533	cluster_0_1_mixed	856	L	471.0
536_L	0.0	0.0001258301960627	cluster_0_1_mixed	536	L	231.0
766_S	0.0	0.0001256741751274	cluster_0_1_mixed	766	S	413.0
528_S	0.0	0.0001255948127837	cluster_0_1_mixed	528	S	227.0
540_T	0.0	0.0001255562150681	cluster_0_1_mixed	540	T	234.0
316_P	0.0	0.0001254472361606	cluster_0_1_mixed	316	P	106.0
617_Y	0.0	0.0001253878913366	cluster_0_1_mixed	617	Y	300.0
554_Y	0.0	0.0001253028806546	cluster_0_1_mixed	554	Y	242.0
480_G	0.0	0.0001251993398889	cluster_0_1_mixed	480	G	221.0
711_I	0.0	0.0001251079123366	cluster_0_1_mixed	711	I	376.0
707_M	0.0	0.0001250288067282	cluster_0_1_mixed	707	M	372.0
556_S	0.0	0.0001248602166355	cluster_0_1_mixed	556	S	244.0
345_T	0.0	0.0001248155086158	cluster_0_1_mixed	345	T	130.0
735_E	0.0	0.0001247045584077	cluster_0_1_mixed	735	E	400.0
677_S	0.0	0.0001245732352838	cluster_0_1_mixed	677	S	346.0
834_F	0.0	0.0001244267319129	cluster_0_1_mixed	834	F	455.0
687_V	0.0	0.0001243992010384	cluster_0_1_mixed	687	V	356.0
578_A	0.0	0.0001243557510002	cluster_0_1_mixed	578	A	262.0
588_G	0.0	0.0001242987103282	cluster_0_1_mixed	588	G	272.0
330_V	0.0	0.0001242971947365	cluster_0_1_mixed	330	V	119.0
516_K	0.0	0.0001240754407526	cluster_0_1_mixed	516	K	222.0
796_K	0.0	0.000124010791997	cluster_0_1_mixed	796	K	430.0
793_N	0.0	0.0001239924140127	cluster_0_1_mixed	793	N	428.0
604_Y	0.0	0.000123802599999	cluster_0_1_mixed	604	Y	287.0
779_T	0.0	0.0001237764092879	cluster_0_1_mixed	779	T	423.0
939_R	0.0	0.0001233698303789	cluster_0_1_mixed	939	R	522.0
536_Q	0.0	0.0001233652202952	cluster_0_1_mixed	536	Q	231.0
377_N	0.0	0.0001233626073235	cluster_0_1_mixed	377	N	142.0
209_G	0.0	0.0001233429572977	cluster_0_1_mixed	209	G	36.0
819_E	0.0	0.0001232416419607	cluster_0_1_mixed	819	E	446.0
563_G	0.0	0.0001231446764147	cluster_0_1_mixed	563	G	248.0
810_W	0.0	0.0001231071908614	cluster_0_1_mixed	810	W	438.0
566_G	0.0	0.000122973860893	cluster_0_1_mixed	566	G	251.0
187_K	0.0	0.0001229710666514	cluster_0_1_mixed	187	K	14.0
918_W	0.0	0.0001228595677446	cluster_0_1_mixed	918	W	502.0
425_D	0.0	0.0001228571856609	cluster_0_1_mixed	425	D	181.0
596_A	0.0	0.0001227733842981	cluster_0_1_mixed	596	A	279.0
611_M	0.0	0.0001226641832816	cluster_0_1_mixed	611	M	294.0
331_T	0.0	0.0001225721154979	cluster_0_1_mixed	331	T	120.0
214_M	0.0	0.0001225315523227	cluster_0_1_mixed	214	M	40.0
766_D	0.0	0.0001224524365101	cluster_0_1_mixed	766	D	413.0
605_H	0.0	0.0001224254653708	cluster_0_1_mixed	605	H	288.0
842_H	0.0	0.0001223646022524	cluster_0_1_mixed	842	H	463.0
800_I	0.0	0.0001223377434258	cluster_0_1_mixed	800	I	434.0
856_G	0.0	0.0001223334735651	cluster_0_1_mixed	856	G	471.0
547_A	0.0	0.0001223179053962	cluster_0_1_mixed	547	A	241.0
474_G	0.0	0.0001222807708434	cluster_0_1_mixed	474	G	217.0
544_L	0.0	0.0001222642766055	cluster_0_1_mixed	544	L	238.0
539_S	0.0	0.0001220712214875	cluster_0_1_mixed	539	S	233.0
570_A	0.0	0.000122022749715	cluster_0_1_mixed	570	A	254.0
689_A	0.0	0.0001219621455118	cluster_0_1_mixed	689	A	357.0
592_M	0.0	0.0001219309367813	cluster_0_1_mixed	592	M	275.0
780_V	0.0	0.0001219032882433	cluster_0_1_mixed	780	V	424.0
580_S	0.0	0.0001217156963483	cluster_0_1_mixed	580	S	264.0
534_Y	0.0	0.0001217154266231	cluster_0_1_mixed	534	Y	231.0
578_G	0.0	0.0001216196042892	cluster_0_1_mixed	578	G	262.0
182_L	0.0	0.0001215885108143	cluster_0_1_mixed	182	L	11.0
920_I	0.0	0.0001214915685183	cluster_0_1_mixed	920	I	503.0
493_N	0.0	0.0001214454961335	cluster_0_1_mixed	493	N	221.0
561_G	0.0	0.0001214229142626	cluster_0_1_mixed	561	G	246.0
560_L	0.0	0.0001213540436587	cluster_0_1_mixed	560	L	245.0
647_M	0.0	0.0001212656385289	cluster_0_1_mixed	647	M	329.0
208_L	0.0	0.0001212489232402	cluster_0_1_mixed	208	L	35.0
378_T	0.0	0.0001211253723399	cluster_0_1_mixed	378	T	143.0
208_A	0.0	0.0001211181363184	cluster_0_1_mixed	208	A	35.0
462_G	0.0	0.0001210672974652	cluster_0_1_mixed	462	G	206.0
478_I	0.0	0.0001210032409058	cluster_0_1_mixed	478	I	221.0
664_T	0.0	0.000120978987386	cluster_0_1_mixed	664	T	339.0
455_V	0.0	0.0001209543332682	cluster_0_1_mixed	455	V	201.0
879_I	0.0	0.0001208568127127	cluster_0_1_mixed	879	I	488.0
857_V	0.0	0.0001208122237388	cluster_0_1_mixed	857	V	472.0
572_T	0.0	0.0001206894625962	cluster_0_1_mixed	572	T	256.0
799_K	0.0	0.0001206770984712	cluster_0_1_mixed	799	K	433.0
562_T	0.0	0.0001205741990086	cluster_0_1_mixed	562	T	247.0
331_S	0.0	0.0001205250432524	cluster_0_1_mixed	331	S	120.0
594_I	0.0	0.000120382247046	cluster_0_1_mixed	594	I	277.0
740_G	0.0	0.0001203178560555	cluster_0_1_mixed	740	G	405.0
927_L	0.0	0.0001202939363321	cluster_0_1_mixed	927	L	510.0
320_S	0.0	0.0001202727368407	cluster_0_1_mixed	320	S	110.0
200_H	0.0	0.0001201413633317	cluster_0_1_mixed	200	H	27.0
329_Y	0.0	0.0001201324764187	cluster_0_1_mixed	329	Y	118.0
171_K	0.0	0.0001200475473594	cluster_0_1_mixed	171	K	0.0
170_M	0.0	0.0001199460243536	cluster_0_1_mixed	170	M	0.0
434_N	0.0	0.0001198150736374	cluster_0_1_mixed	434	N	187.0
665_A	0.0	0.0001197282431228	cluster_0_1_mixed	665	A	339.0
373_D	0.0	0.0001196521645007	cluster_0_1_mixed	373	D	141.0
697_R	0.0	0.0001194956184084	cluster_0_1_mixed	697	R	362.0
593_G	0.0	0.0001194635427595	cluster_0_1_mixed	593	G	276.0
332_T	0.0	0.0001191894568732	cluster_0_1_mixed	332	T	121.0
582_Q	0.0	0.0001191872676583	cluster_0_1_mixed	582	Q	266.0
795_Q	0.0	0.0001191762703617	cluster_0_1_mixed	795	Q	429.0
738_I	0.0	0.0001190813481392	cluster_0_1_mixed	738	I	403.0
176_P	0.0	0.0001189277619962	cluster_0_1_mixed	176	P	5.0
536_A	0.0	0.0001187775568583	cluster_0_1_mixed	536	A	231.0
843_Y	0.0	0.0001186396426233	cluster_0_1_mixed	843	Y	464.0
284_W	0.0	0.0001185835187258	cluster_0_1_mixed	284	W	93.0
565_T	0.0	0.000118580336136	cluster_0_1_mixed	565	T	250.0
538_G	0.0	0.0001185417083527	cluster_0_1_mixed	538	G	232.0
791_S	0.0	0.0001184755501981	cluster_0_1_mixed	791	S	428.0
765_Q	0.0	0.0001184748923853	cluster_0_1_mixed	765	Q	413.0
592_F	0.0	0.0001182775400064	cluster_0_1_mixed	592	F	275.0
926_R	0.0	0.0001182416557556	cluster_0_1_mixed	926	R	509.0
546_G	0.0	0.0001182168109166	cluster_0_1_mixed	546	G	240.0
539_G	0.0	0.0001180962415977	cluster_0_1_mixed	539	G	233.0
580_A	0.0	0.0001179972631289	cluster_0_1_mixed	580	A	264.0
729_N	0.0	0.0001179327531758	cluster_0_1_mixed	729	N	394.0
582_F	0.0	0.000117924887187	cluster_0_1_mixed	582	F	266.0
262_V	0.0	0.0001178378397603	cluster_0_1_mixed	262	V	80.0
572_A	0.0	0.0001178223073998	cluster_0_1_mixed	572	A	256.0
476_G	0.0	0.0001176632644599	cluster_0_1_mixed	476	G	219.0
431_Y	0.0	0.0001176323495212	cluster_0_1_mixed	431	Y	184.0
282_V	0.0	0.0001176103219091	cluster_0_1_mixed	282	V	93.0
189_N	0.0	0.0001175325879171	cluster_0_1_mixed	189	N	16.0
484_T	0.0	0.0001175221339305	cluster_0_1_mixed	484	T	221.0
578_P	0.0	0.0001173622472281	cluster_0_1_mixed	578	P	262.0
245_V	0.0	0.0001173513709036	cluster_0_1_mixed	245	V	64.0
725_E	0.0	0.0001173325099917	cluster_0_1_mixed	725	E	390.0
752_I	0.0	0.0001173008880631	cluster_0_1_mixed	752	I	413.0
852_A	0.0	0.000117206998039	cluster_0_1_mixed	852	A	467.0
565_S	0.0	0.0001171271669827	cluster_0_1_mixed	565	S	250.0
558_A	0.0	0.0001170751467358	cluster_0_1_mixed	558	A	245.0
873_D	0.0	0.000117034846244	cluster_0_1_mixed	873	D	482.0
738_Y	0.0	0.00011690302736	cluster_0_1_mixed	738	Y	403.0
496_S	0.0	0.0001168722048832	cluster_0_1_mixed	496	S	221.0
374_G	0.0	0.0001168632182562	cluster_0_1_mixed	374	G	141.0
193_N	0.0	0.0001166650608113	cluster_0_1_mixed	193	N	20.0
766_T	0.0	0.0001166544435961	cluster_0_1_mixed	766	T	413.0
317_A	0.0	0.0001165433550188	cluster_0_1_mixed	317	A	107.0
789_F	0.0	0.000116530649746	cluster_0_1_mixed	789	F	427.0
679_G	0.0	0.0001164678824875	cluster_0_1_mixed	679	G	348.0
577_G	0.0	0.0001164410282462	cluster_0_1_mixed	577	G	261.0
378_A	0.0	0.000116413769321	cluster_0_1_mixed	378	A	143.0
215_N	0.0	0.000116316261822	cluster_0_1_mixed	215	N	41.0
350_N	0.0	0.0001163022589809	cluster_0_1_mixed	350	N	131.0
490_G	0.0	0.0001162809955758	cluster_0_1_mixed	490	G	221.0
221_P	0.0	0.000116259936178	cluster_0_1_mixed	221	P	47.0
526_Y	0.0	0.0001159659459971	cluster_0_1_mixed	526	Y	225.0
900_M	0.0	0.0001159013464128	cluster_0_1_mixed	900	M	496.0
369_E	0.0	0.0001158256192569	cluster_0_1_mixed	369	E	140.0
186_S	0.0	0.0001158202484877	cluster_0_1_mixed	186	S	14.0
567_V	0.0	0.0001158140009843	cluster_0_1_mixed	567	V	252.0
383_T	0.0	0.0001157610760042	cluster_0_1_mixed	383	T	148.0
296_T	0.0	0.0001157516065202	cluster_0_1_mixed	296	T	96.0
541_T	0.0	0.0001157161995096	cluster_0_1_mixed	541	T	235.0
670_P	0.0	0.0001156588779458	cluster_0_1_mixed	670	P	340.0
480_N	0.0	0.0001156179518506	cluster_0_1_mixed	480	N	221.0
572_D	0.0	0.00011540111059	cluster_0_1_mixed	572	D	256.0
377_S	0.0	0.0001152601939563	cluster_0_1_mixed	377	S	142.0
549_G	0.0	0.000115243490153	cluster_0_1_mixed	549	G	242.0
335_T	0.0	0.0001150774371362	cluster_0_1_mixed	335	T	124.0
361_F	0.0	0.000114988557917	cluster_0_1_mixed	361	F	135.0
673_S	0.0	0.0001149690699	cluster_0_1_mixed	673	S	342.0
376_S	0.0	0.0001148649585007	cluster_0_1_mixed	376	S	141.0
536_T	0.0	0.0001147534983087	cluster_0_1_mixed	536	T	231.0
475_K	0.0	0.0001147505626433	cluster_0_1_mixed	475	K	218.0
648_L	0.0	0.0001147424296885	cluster_0_1_mixed	648	L	330.0
195_T	0.0	0.0001145153965492	cluster_0_1_mixed	195	T	22.0
313_A	0.0	0.0001144825964597	cluster_0_1_mixed	313	A	103.0
560_T	0.0	0.0001144787460359	cluster_0_1_mixed	560	T	245.0
670_T	0.0	0.0001144463424165	cluster_0_1_mixed	670	T	340.0
568_D	0.0	0.0001144326547837	cluster_0_1_mixed	568	D	253.0
200_S	0.0	0.000114357440675	cluster_0_1_mixed	200	S	27.0
747_N	0.0	0.0001142321550753	cluster_0_1_mixed	747	N	412.0
547_S	0.0	0.0001142141923738	cluster_0_1_mixed	547	S	241.0
577_E	0.0	0.0001141503098755	cluster_0_1_mixed	577	E	261.0
802_E	0.0	0.0001141429115671	cluster_0_1_mixed	802	E	436.0
377_E	0.0	0.000114104759977	cluster_0_1_mixed	377	E	142.0
485_A	0.0	0.0001140954619338	cluster_0_1_mixed	485	A	221.0
180_F	0.0	0.0001140748805514	cluster_0_1_mixed	180	F	9.0
415_E	0.0	0.0001140301680411	cluster_0_1_mixed	415	E	174.0
370_K	0.0	0.0001140197779059	cluster_0_1_mixed	370	K	141.0
815_Y	0.0	0.0001137242160277	cluster_0_1_mixed	815	Y	442.0
537_S	0.0	0.0001136627812832	cluster_0_1_mixed	537	S	231.0
368_T	0.0	0.0001136332552734	cluster_0_1_mixed	368	T	139.0
795_N	0.0	0.000113427469425	cluster_0_1_mixed	795	N	429.0
427_P	0.0	0.000113252908284	cluster_0_1_mixed	427	P	183.0
913_H	0.0	0.0001132342471547	cluster_0_1_mixed	913	H	500.0
486_T	0.0	0.00011315304746	cluster_0_1_mixed	486	T	221.0
554_W	0.0	0.0001131128428677	cluster_0_1_mixed	554	W	242.0
574_S	0.0	0.000112954697019	cluster_0_1_mixed	574	S	258.0
347_S	0.0	0.0001128850591686	cluster_0_1_mixed	347	S	130.0
580_N	0.0	0.0001128789325789	cluster_0_1_mixed	580	N	264.0
258_L	0.0	0.0001128784341822	cluster_0_1_mixed	258	L	76.0
458_F	0.0	0.0001128351691668	cluster_0_1_mixed	458	F	204.0
770_G	0.0	0.0001127843061144	cluster_0_1_mixed	770	G	417.0
649_E	0.0	0.0001127710800144	cluster_0_1_mixed	649	E	331.0
674_S	0.0	0.0001127233003056	cluster_0_1_mixed	674	S	343.0
283_L	0.0	0.0001126143002973	cluster_0_1_mixed	283	L	93.0
388_L	0.0	0.0001125902082417	cluster_0_1_mixed	388	L	153.0
614_G	0.0	0.0001125779853115	cluster_0_1_mixed	614	G	297.0
531_Y	0.0	0.0001125761980594	cluster_0_1_mixed	531	Y	230.0
518_A	0.0	0.0001125552402547	cluster_0_1_mixed	518	A	223.0
492_D	0.0	0.0001125323984641	cluster_0_1_mixed	492	D	221.0
546_T	0.0	0.0001123388908391	cluster_0_1_mixed	546	T	240.0
481_N	0.0	0.0001123319447207	cluster_0_1_mixed	481	N	221.0
822_P	0.0	0.0001122937924339	cluster_0_1_mixed	822	P	449.0
475_D	0.0	0.0001122920650024	cluster_0_1_mixed	475	D	218.0
257_P	0.0	0.000112239193431	cluster_0_1_mixed	257	P	75.0
379_T	0.0	0.0001122352679085	cluster_0_1_mixed	379	T	144.0
230_G	0.0	0.0001122286233977	cluster_0_1_mixed	230	G	55.0
546_P	0.0	0.0001121979365646	cluster_0_1_mixed	546	P	240.0
325_I	0.0	0.0001121655390912	cluster_0_1_mixed	325	I	115.0
652_S	0.0	0.000112034964586	cluster_0_1_mixed	652	S	334.0
674_E	0.0	0.0001119421570643	cluster_0_1_mixed	674	E	343.0
350_L	0.0	0.0001118978710375	cluster_0_1_mixed	350	L	131.0
316_V	0.0	0.0001118411623157	cluster_0_1_mixed	316	V	106.0
533_V	0.0	0.0001118193398709	cluster_0_1_mixed	533	V	231.0
391_Y	0.0	0.0001117786527943	cluster_0_1_mixed	391	Y	155.0
799_Y	0.0	0.0001117131760999	cluster_0_1_mixed	799	Y	433.0
366_A	0.0	0.0001116833423455	cluster_0_1_mixed	366	A	139.0
543_Y	0.0	0.0001116597065431	cluster_0_1_mixed	543	Y	237.0
314_G	0.0	0.0001116274967192	cluster_0_1_mixed	314	G	104.0
555_A	0.0	0.0001116037872065	cluster_0_1_mixed	555	A	243.0
668_Y	0.0	0.0001114059296354	cluster_0_1_mixed	668	Y	340.0
792_A	0.0	0.0001113380343475	cluster_0_1_mixed	792	A	428.0
689_T	0.0	0.0001113256607801	cluster_0_1_mixed	689	T	357.0
768_K	0.0	0.0001112842715296	cluster_0_1_mixed	768	K	415.0
553_S	0.0	0.0001112827705162	cluster_0_1_mixed	553	S	242.0
606_M	0.0	0.0001112290323913	cluster_0_1_mixed	606	M	289.0
317_G	0.0	0.0001112180105545	cluster_0_1_mixed	317	G	107.0
259_A	0.0	0.0001111097666759	cluster_0_1_mixed	259	A	77.0
564_G	0.0	0.000111057011741	cluster_0_1_mixed	564	G	249.0
431_N	0.0	0.0001108985560766	cluster_0_1_mixed	431	N	184.0
594_V	0.0	0.0001108477353531	cluster_0_1_mixed	594	V	277.0
568_S	0.0	0.0001106705692418	cluster_0_1_mixed	568	S	253.0
545_D	0.0	0.0001106612738262	cluster_0_1_mixed	545	D	239.0
481_V	0.0	0.0001106563348285	cluster_0_1_mixed	481	V	221.0
567_E	0.0	0.0001105939813612	cluster_0_1_mixed	567	E	252.0
198_T	0.0	0.0001105762398686	cluster_0_1_mixed	198	T	25.0
537_D	0.0	0.0001104794070296	cluster_0_1_mixed	537	D	231.0
634_E	0.0	0.000110437745814	cluster_0_1_mixed	634	E	316.0
535_V	0.0	0.0001104042069692	cluster_0_1_mixed	535	V	231.0
375_K	0.0	0.0001104020614421	cluster_0_1_mixed	375	K	141.0
794_S	0.0	0.0001103590723602	cluster_0_1_mixed	794	S	429.0
352_V	0.0	0.0001103137638419	cluster_0_1_mixed	352	V	133.0
790_A	0.0	0.000110310917404	cluster_0_1_mixed	790	A	428.0
467_Y	0.0	0.0001102618528314	cluster_0_1_mixed	467	Y	210.0
216_S	0.0	0.0001102600801711	cluster_0_1_mixed	216	S	42.0
469_K	0.0	0.0001102196300607	cluster_0_1_mixed	469	K	212.0
536_G	0.0	0.0001102068546441	cluster_0_1_mixed	536	G	231.0
373_V	0.0	0.0001101383417174	cluster_0_1_mixed	373	V	141.0
377_P	0.0	0.0001097433251274	cluster_0_1_mixed	377	P	142.0
407_D	0.0	0.0001096706337412	cluster_0_1_mixed	407	D	166.0
724_V	0.0	0.0001096447068545	cluster_0_1_mixed	724	V	389.0
479_G	0.0	0.000109621637429	cluster_0_1_mixed	479	G	221.0
553_T	0.0	0.0001096216260714	cluster_0_1_mixed	553	T	242.0
381_Y	0.0	0.0001095083499496	cluster_0_1_mixed	381	Y	146.0
250_R	0.0	0.0001094969813859	cluster_0_1_mixed	250	R	68.0
176_F	0.0	0.0001094732395831	cluster_0_1_mixed	176	F	5.0
846_A	0.0	0.0001093008811323	cluster_0_1_mixed	846	A	467.0
719_S	0.0	0.0001092957596067	cluster_0_1_mixed	719	S	384.0
435_Q	0.0	0.0001092685515401	cluster_0_1_mixed	435	Q	188.0
563_A	0.0	0.0001091898875008	cluster_0_1_mixed	563	A	248.0
743_Q	0.0	0.000109161889248	cluster_0_1_mixed	743	Q	408.0
777_A	0.0	0.0001091458345249	cluster_0_1_mixed	777	A	422.0
370_T	0.0	0.0001091408507679	cluster_0_1_mixed	370	T	141.0
370_I	0.0	0.0001090627991211	cluster_0_1_mixed	370	I	141.0
733_L	0.0	0.0001090026767671	cluster_0_1_mixed	733	L	398.0
554_E	0.0	0.0001089292696072	cluster_0_1_mixed	554	E	242.0
178_M	0.0	0.0001088794202221	cluster_0_1_mixed	178	M	7.0
534_S	0.0	0.0001087115582723	cluster_0_1_mixed	534	S	231.0
735_Y	0.0	0.0001086574147213	cluster_0_1_mixed	735	Y	400.0
936_M	0.0	0.0001085360338779	cluster_0_1_mixed	936	M	519.0
791_D	0.0	0.0001084810410928	cluster_0_1_mixed	791	D	428.0
720_A	0.0	0.0001084207885669	cluster_0_1_mixed	720	A	385.0
817_Q	0.0	0.000108392200773	cluster_0_1_mixed	817	Q	444.0
932_A	0.0	0.0001081783040602	cluster_0_1_mixed	932	A	515.0
574_A	0.0	0.0001081770615722	cluster_0_1_mixed	574	A	258.0
695_R	0.0	0.0001081726630838	cluster_0_1_mixed	695	R	360.0
553_A	0.0	0.0001081564819941	cluster_0_1_mixed	553	A	242.0
562_A	0.0	0.0001081484365805	cluster_0_1_mixed	562	A	247.0
533_Y	0.0	0.0001081084176736	cluster_0_1_mixed	533	Y	231.0
187_T	0.0	0.000108091413727	cluster_0_1_mixed	187	T	14.0
381_T	0.0	0.000108073345093	cluster_0_1_mixed	381	T	146.0
775_A	0.0	0.0001080391092855	cluster_0_1_mixed	775	A	422.0
559_P	0.0	0.0001080290550921	cluster_0_1_mixed	559	P	245.0
552_V	0.0	0.0001080027050765	cluster_0_1_mixed	552	V	242.0
819_L	0.0	0.0001079780865184	cluster_0_1_mixed	819	L	446.0
463_F	0.0	0.000107959995527	cluster_0_1_mixed	463	F	206.0
602_H	0.0	0.0001079123686453	cluster_0_1_mixed	602	H	285.0
723_G	0.0	0.0001078610412722	cluster_0_1_mixed	723	G	388.0
578_F	0.0	0.0001078605704201	cluster_0_1_mixed	578	F	262.0
557_P	0.0	0.000107753722144	cluster_0_1_mixed	557	P	245.0
559_G	0.0	0.0001076217606999	cluster_0_1_mixed	559	G	245.0
587_S	0.0	0.0001074368482076	cluster_0_1_mixed	587	S	271.0
730_Y	0.0	0.0001073212784136	cluster_0_1_mixed	730	Y	395.0
577_Y	0.0	0.000107283971184	cluster_0_1_mixed	577	Y	261.0
686_I	0.0	0.0001071857471716	cluster_0_1_mixed	686	I	355.0
486_G	0.0	0.0001071340479694	cluster_0_1_mixed	486	G	221.0
672_P	0.0	0.0001070815857148	cluster_0_1_mixed	672	P	341.0
560_E	0.0	0.0001070642146033	cluster_0_1_mixed	560	E	245.0
713_L	0.0	0.0001070418967251	cluster_0_1_mixed	713	L	378.0
395_F	0.0	0.000106738880987	cluster_0_1_mixed	395	F	155.0
424_I	0.0	0.0001065606440828	cluster_0_1_mixed	424	I	180.0
552_S	0.0	0.0001065456611889	cluster_0_1_mixed	552	S	242.0
369_I	0.0	0.0001065312826285	cluster_0_1_mixed	369	I	140.0
769_S	0.0	0.0001064991272341	cluster_0_1_mixed	769	S	416.0
859_G	0.0	0.0001064829846663	cluster_0_1_mixed	859	G	474.0
377_I	0.0	0.0001064813677734	cluster_0_1_mixed	377	I	142.0
327_F	0.0	0.0001063540736365	cluster_0_1_mixed	327	F	117.0
314_R	0.0	0.0001062018139891	cluster_0_1_mixed	314	R	104.0
790_T	0.0	0.000106188248136	cluster_0_1_mixed	790	T	428.0
627_H	0.0	0.0001060491936122	cluster_0_1_mixed	627	H	309.0
530_P	0.0	0.0001060457655665	cluster_0_1_mixed	530	P	229.0
383_K	0.0	0.0001059543963352	cluster_0_1_mixed	383	K	148.0
429_T	0.0	0.0001058753718601	cluster_0_1_mixed	429	T	183.0
557_N	0.0	0.0001057117791012	cluster_0_1_mixed	557	N	245.0
866_S	0.0	0.0001056954689785	cluster_0_1_mixed	866	S	475.0
554_S	0.0	0.0001055922039663	cluster_0_1_mixed	554	S	242.0
563_S	0.0	0.0001055618414664	cluster_0_1_mixed	563	S	248.0
694_T	0.0	0.000105537540508	cluster_0_1_mixed	694	T	359.0
541_A	0.0	0.0001055129984341	cluster_0_1_mixed	541	A	235.0
365_I	0.0	0.0001055078110538	cluster_0_1_mixed	365	I	139.0
267_Y	0.0	0.0001054655061967	cluster_0_1_mixed	267	Y	85.0
741_D	0.0	0.0001054442442296	cluster_0_1_mixed	741	D	406.0
551_T	0.0	0.0001053943123846	cluster_0_1_mixed	551	T	242.0
554_T	0.0	0.0001053752602789	cluster_0_1_mixed	554	T	242.0
557_G	0.0	0.0001053663214881	cluster_0_1_mixed	557	G	245.0
252_S	0.0	0.0001053066541148	cluster_0_1_mixed	252	S	70.0
858_V	0.0	0.0001051821162217	cluster_0_1_mixed	858	V	473.0
454_S	0.0	0.000105150817443	cluster_0_1_mixed	454	S	200.0
383_C	0.0	0.000105148610805	cluster_0_1_mixed	383	C	148.0
678_T	0.0	0.0001050941652353	cluster_0_1_mixed	678	T	347.0
550_L	0.0	0.0001050039401059	cluster_0_1_mixed	550	L	242.0
938_N	0.0	0.0001049224892518	cluster_0_1_mixed	938	N	521.0
554_D	0.0	0.0001048816783138	cluster_0_1_mixed	554	D	242.0
214_K	0.0	0.0001047727823532	cluster_0_1_mixed	214	K	40.0
734_T	0.0	0.0001046504504879	cluster_0_1_mixed	734	T	399.0
568_N	0.0	0.000104649111558	cluster_0_1_mixed	568	N	253.0
568_G	0.0	0.0001045596591432	cluster_0_1_mixed	568	G	253.0
671_V	0.0	0.0001045023199337	cluster_0_1_mixed	671	V	340.0
535_L	0.0	0.0001043519200956	cluster_0_1_mixed	535	L	231.0
647_T	0.0	0.0001042904230829	cluster_0_1_mixed	647	T	329.0
294_Y	0.0	0.0001042164775905	cluster_0_1_mixed	294	Y	94.0
540_A	0.0	0.0001041885182744	cluster_0_1_mixed	540	A	234.0
431_G	0.0	0.0001039006355214	cluster_0_1_mixed	431	G	184.0
378_V	0.0	0.0001037856076686	cluster_0_1_mixed	378	V	143.0
241_K	0.0	0.0001037731030018	cluster_0_1_mixed	241	K	60.0
542_L	0.0	0.000103664367308	cluster_0_1_mixed	542	L	236.0
428_Y	0.0	0.0001036182775772	cluster_0_1_mixed	428	Y	183.0
552_A	0.0	0.0001035961655534	cluster_0_1_mixed	552	A	242.0
869_L	0.0	0.0001035336815794	cluster_0_1_mixed	869	L	478.0
645_Q	0.0	0.000103492840503	cluster_0_1_mixed	645	Q	327.0
867_R	0.0	0.0001033877372627	cluster_0_1_mixed	867	R	476.0
934_M	0.0	0.0001033562042524	cluster_0_1_mixed	934	M	517.0
716_S	0.0	0.0001032662796151	cluster_0_1_mixed	716	S	381.0
333_L	0.0	0.0001031764071927	cluster_0_1_mixed	333	L	122.0
615_M	0.0	0.0001031756491507	cluster_0_1_mixed	615	M	298.0
479_K	0.0	0.0001030877852878	cluster_0_1_mixed	479	K	221.0
376_Y	0.0	0.0001030798410496	cluster_0_1_mixed	376	Y	141.0
353_P	0.0	0.0001030478709788	cluster_0_1_mixed	353	P	134.0
930_R	0.0	0.0001030060961232	cluster_0_1_mixed	930	R	513.0
939_F	0.0	0.0001028878034386	cluster_0_1_mixed	939	F	522.0
574_T	0.0	0.000102844473983	cluster_0_1_mixed	574	T	258.0
535_A	0.0	0.0001028296652981	cluster_0_1_mixed	535	A	231.0
441_L	0.0	0.0001028185684198	cluster_0_1_mixed	441	L	190.0
535_T	0.0	0.0001027685230488	cluster_0_1_mixed	535	T	231.0
867_D	0.0	0.0001027011028838	cluster_0_1_mixed	867	D	476.0
729_A	0.0	0.0001026954536742	cluster_0_1_mixed	729	A	394.0
547_G	0.0	0.0001026849959052	cluster_0_1_mixed	547	G	241.0
394_A	0.0	0.0001026663140795	cluster_0_1_mixed	394	A	155.0
667_E	0.0	0.0001026341445623	cluster_0_1_mixed	667	E	339.0
605_N	0.0	0.0001026164450419	cluster_0_1_mixed	605	N	288.0
224_I	0.0	0.0001026120853476	cluster_0_1_mixed	224	I	50.0
650_F	0.0	0.0001025740312536	cluster_0_1_mixed	650	F	332.0
532_T	0.0	0.0001025230038568	cluster_0_1_mixed	532	T	231.0
550_R	0.0	0.0001025041808156	cluster_0_1_mixed	550	R	242.0
577_D	0.0	0.0001024957408568	cluster_0_1_mixed	577	D	261.0
205_A	0.0	0.0001024950491989	cluster_0_1_mixed	205	A	32.0
195_A	0.0	0.0001024140266811	cluster_0_1_mixed	195	A	22.0
672_G	0.0	0.0001023040136791	cluster_0_1_mixed	672	G	341.0
649_S	0.0	0.0001021515511547	cluster_0_1_mixed	649	S	331.0
550_A	0.0	0.0001021323124431	cluster_0_1_mixed	550	A	242.0
573_S	0.0	0.0001020375074037	cluster_0_1_mixed	573	S	257.0
577_T	0.0	0.0001020344375489	cluster_0_1_mixed	577	T	261.0
663_A	0.0	0.0001019108923887	cluster_0_1_mixed	663	A	339.0
482_P	0.0	0.0001018431078962	cluster_0_1_mixed	482	P	221.0
252_N	0.0	0.0001018324111814	cluster_0_1_mixed	252	N	70.0
578_H	0.0	0.0001018306728152	cluster_0_1_mixed	578	H	262.0
315_N	0.0	0.0001016993951546	cluster_0_1_mixed	315	N	105.0
530_A	0.0	0.0001016747182319	cluster_0_1_mixed	530	A	229.0
529_T	0.0	0.0001014382951228	cluster_0_1_mixed	529	T	228.0
430_Y	0.0	0.0001013696491932	cluster_0_1_mixed	430	Y	183.0
375_A	0.0	0.0001013281150651	cluster_0_1_mixed	375	A	141.0
883_Q	0.0	0.00010128129791	cluster_0_1_mixed	883	Q	492.0
210_F	0.0	0.0001012289710784	cluster_0_1_mixed	210	F	37.0
224_L	0.0	0.000101026662929	cluster_0_1_mixed	224	L	50.0
486_N	0.0	0.0001010187526168	cluster_0_1_mixed	486	N	221.0
846_E	0.0	0.0001009284519375	cluster_0_1_mixed	846	E	467.0
556_A	0.0	0.0001008117302237	cluster_0_1_mixed	556	A	244.0
482_G	0.0	0.000100620339378	cluster_0_1_mixed	482	G	221.0
553_D	0.0	0.0001005543563923	cluster_0_1_mixed	553	D	242.0
921_E	0.0	0.0001004672101166	cluster_0_1_mixed	921	E	504.0
561_N	0.0	0.0001004632251762	cluster_0_1_mixed	561	N	246.0
424_K	0.0	0.0001003601435738	cluster_0_1_mixed	424	K	180.0
472_W	0.0	0.000100202247118	cluster_0_1_mixed	472	W	215.0
784_A	0.0	0.000100170589364	cluster_0_1_mixed	784	A	426.0
423_A	0.0	0.0001000772496825	cluster_0_1_mixed	423	A	180.0
795_S	0.0	9.997981107602798e-05	cluster_0_1_mixed	795	S	429.0
387_M	0.0	9.997157882638154e-05	cluster_0_1_mixed	387	M	152.0
710_G	0.0	9.996783477719707e-05	cluster_0_1_mixed	710	G	375.0
372_A	0.0	9.996485983411587e-05	cluster_0_1_mixed	372	A	141.0
399_F	0.0	9.98909148128822e-05	cluster_0_1_mixed	399	F	158.0
865_Q	0.0	9.986228670864324e-05	cluster_0_1_mixed	865	Q	475.0
521_T	0.0	9.985454850361693e-05	cluster_0_1_mixed	521	T	223.0
466_N	0.0	9.975487098228032e-05	cluster_0_1_mixed	466	N	209.0
543_N	0.0	9.975070715661438e-05	cluster_0_1_mixed	543	N	237.0
669_S	0.0	9.964611690459134e-05	cluster_0_1_mixed	669	S	340.0
465_P	0.0	9.95559737123587e-05	cluster_0_1_mixed	465	P	208.0
187_N	0.0	9.950720093382196e-05	cluster_0_1_mixed	187	N	14.0
555_S	0.0	9.946127963680736e-05	cluster_0_1_mixed	555	S	243.0
556_L	0.0	9.938461174044143e-05	cluster_0_1_mixed	556	L	244.0
590_S	0.0	9.936129494022175e-05	cluster_0_1_mixed	590	S	273.0
563_R	0.0	9.929468167275016e-05	cluster_0_1_mixed	563	R	248.0
377_D	0.0	9.9209943951592e-05	cluster_0_1_mixed	377	D	142.0
206_T	0.0	9.916745079728091e-05	cluster_0_1_mixed	206	T	33.0
766_E	0.0	9.908323211748065e-05	cluster_0_1_mixed	766	E	413.0
495_D	0.0	9.905914720435012e-05	cluster_0_1_mixed	495	D	221.0
226_N	0.0	9.901159644052642e-05	cluster_0_1_mixed	226	N	52.0
541_N	0.0	9.894664130022793e-05	cluster_0_1_mixed	541	N	235.0
315_E	0.0	9.890642560117854e-05	cluster_0_1_mixed	315	E	105.0
551_S	0.0	9.886823284568692e-05	cluster_0_1_mixed	551	S	242.0
240_H	0.0	9.883382201734684e-05	cluster_0_1_mixed	240	H	59.0
528_A	0.0	9.878804315560933e-05	cluster_0_1_mixed	528	A	227.0
868_V	0.0	9.876137652941992e-05	cluster_0_1_mixed	868	V	477.0
423_P	0.0	9.872903081797814e-05	cluster_0_1_mixed	423	P	180.0
540_S	0.0	9.862311830540658e-05	cluster_0_1_mixed	540	S	234.0
813_M	0.0	9.861261986657092e-05	cluster_0_1_mixed	813	M	440.0
470_V	0.0	9.851958392451997e-05	cluster_0_1_mixed	470	V	213.0
691_V	0.0	9.848780600985316e-05	cluster_0_1_mixed	691	V	357.0
732_A	0.0	9.84492802906913e-05	cluster_0_1_mixed	732	A	397.0
693_N	0.0	9.840837187136664e-05	cluster_0_1_mixed	693	N	358.0
373_A	0.0	9.828738878368124e-05	cluster_0_1_mixed	373	A	141.0
732_S	0.0	9.81421603532939e-05	cluster_0_1_mixed	732	S	397.0
781_G	0.0	9.807793061585548e-05	cluster_0_1_mixed	781	G	425.0
531_G	0.0	9.7791418165866e-05	cluster_0_1_mixed	531	G	230.0
873_A	0.0	9.772498290924556e-05	cluster_0_1_mixed	873	A	482.0
429_S	0.0	9.771728508289616e-05	cluster_0_1_mixed	429	S	183.0
534_L	0.0	9.766111533960886e-05	cluster_0_1_mixed	534	L	231.0
435_V	0.0	9.764818877072127e-05	cluster_0_1_mixed	435	V	188.0
610_I	0.0	9.760707192765576e-05	cluster_0_1_mixed	610	I	293.0
595_Q	0.0	9.754598065788586e-05	cluster_0_1_mixed	595	Q	278.0
834_D	0.0	9.751705033192154e-05	cluster_0_1_mixed	834	D	455.0
525_T	0.0	9.749961806488368e-05	cluster_0_1_mixed	525	T	224.0
519_I	0.0	9.732975811339052e-05	cluster_0_1_mixed	519	I	223.0
335_I	0.0	9.720952567349646e-05	cluster_0_1_mixed	335	I	124.0
597_A	0.0	9.717799198897249e-05	cluster_0_1_mixed	597	A	280.0
633_F	0.0	9.707275625167028e-05	cluster_0_1_mixed	633	F	315.0
921_R	0.0	9.678590804826552e-05	cluster_0_1_mixed	921	R	504.0
633_Y	0.0	9.661673851604865e-05	cluster_0_1_mixed	633	Y	315.0
211_L	0.0	9.66079237015516e-05	cluster_0_1_mixed	211	L	38.0
189_T	0.0	9.660110949316812e-05	cluster_0_1_mixed	189	T	16.0
516_V	0.0	9.65643255917976e-05	cluster_0_1_mixed	516	V	222.0
840_Y	0.0	9.650370029977128e-05	cluster_0_1_mixed	840	Y	461.0
550_T	0.0	9.641027215007264e-05	cluster_0_1_mixed	550	T	242.0
523_G	0.0	9.63843851464863e-05	cluster_0_1_mixed	523	G	223.0
261_E	0.0	9.627197354584152e-05	cluster_0_1_mixed	261	E	79.0
651_R	0.0	9.626958550805982e-05	cluster_0_1_mixed	651	R	333.0
548_S	0.0	9.623570581453596e-05	cluster_0_1_mixed	548	S	242.0
281_H	0.0	9.61328943685442e-05	cluster_0_1_mixed	281	H	92.0
584_S	0.0	9.610139856945794e-05	cluster_0_1_mixed	584	S	268.0
880_T	0.0	9.606850242473168e-05	cluster_0_1_mixed	880	T	489.0
553_I	0.0	9.590930352786196e-05	cluster_0_1_mixed	553	I	242.0
795_A	0.0	9.585315449135462e-05	cluster_0_1_mixed	795	A	429.0
349_Q	0.0	9.581777406100962e-05	cluster_0_1_mixed	349	Q	131.0
182_K	0.0	9.579127013576356e-05	cluster_0_1_mixed	182	K	11.0
555_I	0.0	9.575360857665357e-05	cluster_0_1_mixed	555	I	243.0
778_W	0.0	9.570273925670023e-05	cluster_0_1_mixed	778	W	422.0
673_A	0.0	9.56967127168352e-05	cluster_0_1_mixed	673	A	342.0
841_Y	0.0	9.553004964400028e-05	cluster_0_1_mixed	841	Y	462.0
178_R	0.0	9.545543190272008e-05	cluster_0_1_mixed	178	R	7.0
336_S	0.0	9.535235985184936e-05	cluster_0_1_mixed	336	S	125.0
901_L	0.0	9.532667162373476e-05	cluster_0_1_mixed	901	L	496.0
920_T	0.0	9.529885976967208e-05	cluster_0_1_mixed	920	T	503.0
789_T	0.0	9.525686548187888e-05	cluster_0_1_mixed	789	T	427.0
847_Q	0.0	9.523523369492952e-05	cluster_0_1_mixed	847	Q	467.0
784_N	0.0	9.52096854938476e-05	cluster_0_1_mixed	784	N	426.0
574_N	0.0	9.486472035456488e-05	cluster_0_1_mixed	574	N	258.0
181_K	0.0	9.472635017464515e-05	cluster_0_1_mixed	181	K	10.0
677_A	0.0	9.468522854222732e-05	cluster_0_1_mixed	677	A	346.0
628_T	0.0	9.459589114874208e-05	cluster_0_1_mixed	628	T	310.0
767_P	0.0	9.452633759067689e-05	cluster_0_1_mixed	767	P	414.0
563_I	0.0	9.447466480726748e-05	cluster_0_1_mixed	563	I	248.0
361_L	0.0	9.447383884996393e-05	cluster_0_1_mixed	361	L	135.0
337_F	0.0	9.432377633290828e-05	cluster_0_1_mixed	337	F	126.0
868_F	0.0	9.416588767134984e-05	cluster_0_1_mixed	868	F	477.0
496_V	0.0	9.412225574930807e-05	cluster_0_1_mixed	496	V	221.0
240_M	0.0	9.402932866548264e-05	cluster_0_1_mixed	240	M	59.0
573_P	0.0	9.402560312045936e-05	cluster_0_1_mixed	573	P	257.0
914_S	0.0	9.396417332572496e-05	cluster_0_1_mixed	914	S	501.0
872_H	0.0	9.384106918437168e-05	cluster_0_1_mixed	872	H	481.0
561_Q	0.0	9.378395191168196e-05	cluster_0_1_mixed	561	Q	246.0
548_T	0.0	9.376121521646264e-05	cluster_0_1_mixed	548	T	242.0
723_E	0.0	9.37334671589856e-05	cluster_0_1_mixed	723	E	388.0
912_W	0.0	9.372161949920093e-05	cluster_0_1_mixed	912	W	499.0
920_V	0.0	9.370234520229706e-05	cluster_0_1_mixed	920	V	503.0
538_A	0.0	9.36904416503013e-05	cluster_0_1_mixed	538	A	232.0
556_G	0.0	9.367565317187824e-05	cluster_0_1_mixed	556	G	244.0
559_I	0.0	9.364495973514989e-05	cluster_0_1_mixed	559	I	245.0
928_I	0.0	9.360434691412666e-05	cluster_0_1_mixed	928	I	511.0
866_E	0.0	9.356601019600365e-05	cluster_0_1_mixed	866	E	475.0
334_G	0.0	9.351035964484464e-05	cluster_0_1_mixed	334	G	123.0
705_H	0.0	9.33449276853554e-05	cluster_0_1_mixed	705	H	370.0
206_V	0.0	9.320257787043784e-05	cluster_0_1_mixed	206	V	33.0
532_A	0.0	9.311421800402988e-05	cluster_0_1_mixed	532	A	231.0
552_G	0.0	9.309682512094502e-05	cluster_0_1_mixed	552	G	242.0
430_S	0.0	9.302228040963932e-05	cluster_0_1_mixed	430	S	183.0
576_A	0.0	9.300561466861018e-05	cluster_0_1_mixed	576	A	260.0
525_D	0.0	9.29129832311304e-05	cluster_0_1_mixed	525	D	224.0
334_V	0.0	9.29068816767338e-05	cluster_0_1_mixed	334	V	123.0
379_E	0.0	9.290667363283778e-05	cluster_0_1_mixed	379	E	144.0
187_A	0.0	9.283207593798808e-05	cluster_0_1_mixed	187	A	14.0
536_N	0.0	9.278602493124116e-05	cluster_0_1_mixed	536	N	231.0
324_P	0.0	9.276828431166733e-05	cluster_0_1_mixed	324	P	114.0
599_A	0.0	9.272956850696951e-05	cluster_0_1_mixed	599	A	282.0
610_T	0.0	9.26999462705246e-05	cluster_0_1_mixed	610	T	293.0
257_G	0.0	9.269821881990788e-05	cluster_0_1_mixed	257	G	75.0
579_Q	0.0	9.266736776014504e-05	cluster_0_1_mixed	579	Q	263.0
617_R	0.0	9.26610328325913e-05	cluster_0_1_mixed	617	R	300.0
335_S	0.0	9.265518650424824e-05	cluster_0_1_mixed	335	S	124.0
238_D	0.0	9.26116915279388e-05	cluster_0_1_mixed	238	D	57.0
911_Q	0.0	9.260645162909216e-05	cluster_0_1_mixed	911	Q	498.0
206_E	0.0	9.255829629402748e-05	cluster_0_1_mixed	206	E	33.0
791_T	0.0	9.255267531736578e-05	cluster_0_1_mixed	791	T	428.0
816_Y	0.0	9.253981352158472e-05	cluster_0_1_mixed	816	Y	443.0
559_V	0.0	9.253130216383306e-05	cluster_0_1_mixed	559	V	245.0
576_G	0.0	9.229296321154183e-05	cluster_0_1_mixed	576	G	260.0
538_L	0.0	9.227273760675756e-05	cluster_0_1_mixed	538	L	232.0
666_E	0.0	9.221247253629692e-05	cluster_0_1_mixed	666	E	339.0
694_R	0.0	9.211183090850122e-05	cluster_0_1_mixed	694	R	359.0
374_A	0.0	9.210801929107876e-05	cluster_0_1_mixed	374	A	141.0
542_R	0.0	9.20383811538656e-05	cluster_0_1_mixed	542	R	236.0
345_G	0.0	9.195030666860763e-05	cluster_0_1_mixed	345	G	130.0
570_Q	0.0	9.190787386348944e-05	cluster_0_1_mixed	570	Q	254.0
790_P	0.0	9.189131153379069e-05	cluster_0_1_mixed	790	P	428.0
768_P	0.0	9.188594241905988e-05	cluster_0_1_mixed	768	P	415.0
885_D	0.0	9.187780840032987e-05	cluster_0_1_mixed	885	D	494.0
424_L	0.0	9.176373309205392e-05	cluster_0_1_mixed	424	L	180.0
656_A	0.0	9.157210651300742e-05	cluster_0_1_mixed	656	A	338.0
530_T	0.0	9.151275374667488e-05	cluster_0_1_mixed	530	T	229.0
780_G	0.0	9.147145011495626e-05	cluster_0_1_mixed	780	G	424.0
532_G	0.0	9.145399875340044e-05	cluster_0_1_mixed	532	G	231.0
534_E	0.0	9.1425259258957e-05	cluster_0_1_mixed	534	E	231.0
338_S	0.0	9.131046977906922e-05	cluster_0_1_mixed	338	S	127.0
397_G	0.0	9.125762207407695e-05	cluster_0_1_mixed	397	G	156.0
191_M	0.0	9.125423627656489e-05	cluster_0_1_mixed	191	M	18.0
261_D	0.0	9.12472359366356e-05	cluster_0_1_mixed	261	D	79.0
174_A	0.0	9.12399110720647e-05	cluster_0_1_mixed	174	A	3.0
491_T	0.0	9.107955309842268e-05	cluster_0_1_mixed	491	T	221.0
879_T	0.0	9.09739627360702e-05	cluster_0_1_mixed	879	T	488.0
854_P	0.0	9.093496875775896e-05	cluster_0_1_mixed	854	P	469.0
487_A	0.0	9.088596618432986e-05	cluster_0_1_mixed	487	A	221.0
579_N	0.0	9.087807526869567e-05	cluster_0_1_mixed	579	N	263.0
466_S	0.0	9.081476005226908e-05	cluster_0_1_mixed	466	S	209.0
584_N	0.0	9.080273642458764e-05	cluster_0_1_mixed	584	N	268.0
543_G	0.0	9.078495226399086e-05	cluster_0_1_mixed	543	G	237.0
295_G	0.0	9.078360895555936e-05	cluster_0_1_mixed	295	G	95.0
903_K	0.0	9.068604228740988e-05	cluster_0_1_mixed	903	K	496.0
523_L	0.0	9.066908224369607e-05	cluster_0_1_mixed	523	L	223.0
299_I	0.0	9.06542889548787e-05	cluster_0_1_mixed	299	I	99.0
570_T	0.0	9.061391360393122e-05	cluster_0_1_mixed	570	T	254.0
892_D	0.0	9.05833504400966e-05	cluster_0_1_mixed	892	D	496.0
647_Y	0.0	9.0582373912378e-05	cluster_0_1_mixed	647	Y	329.0
711_F	0.0	9.053349068530271e-05	cluster_0_1_mixed	711	F	376.0
248_A	0.0	9.05226114482538e-05	cluster_0_1_mixed	248	A	66.0
839_E	0.0	9.048195308577018e-05	cluster_0_1_mixed	839	E	460.0
488_L	0.0	9.04741942281723e-05	cluster_0_1_mixed	488	L	221.0
535_S	0.0	9.045838069625532e-05	cluster_0_1_mixed	535	S	231.0
487_T	0.0	9.043947416573611e-05	cluster_0_1_mixed	487	T	221.0
425_T	0.0	9.04316788383814e-05	cluster_0_1_mixed	425	T	181.0
299_K	0.0	9.037385488804575e-05	cluster_0_1_mixed	299	K	99.0
827_T	0.0	9.016426427245452e-05	cluster_0_1_mixed	827	T	454.0
905_N	0.0	9.014304118858906e-05	cluster_0_1_mixed	905	N	496.0
833_V	0.0	9.01293741488124e-05	cluster_0_1_mixed	833	V	454.0
542_G	0.0	9.006717832892875e-05	cluster_0_1_mixed	542	G	236.0
546_S	0.0	9.005619090432722e-05	cluster_0_1_mixed	546	S	240.0
527_A	0.0	8.998863657251214e-05	cluster_0_1_mixed	527	A	226.0
349_T	0.0	8.998369160281276e-05	cluster_0_1_mixed	349	T	131.0
558_F	0.0	8.99541852738924e-05	cluster_0_1_mixed	558	F	245.0
542_T	0.0	8.994423921845156e-05	cluster_0_1_mixed	542	T	236.0
519_L	0.0	8.991123680181318e-05	cluster_0_1_mixed	519	L	223.0
714_I	0.0	8.981105152755024e-05	cluster_0_1_mixed	714	I	379.0
560_D	0.0	8.96535520605863e-05	cluster_0_1_mixed	560	D	245.0
487_I	0.0	8.961441958285048e-05	cluster_0_1_mixed	487	I	221.0
256_R	0.0	8.947414626890407e-05	cluster_0_1_mixed	256	R	74.0
608_D	0.0	8.94575259751473e-05	cluster_0_1_mixed	608	D	291.0
541_G	0.0	8.936359436728474e-05	cluster_0_1_mixed	541	G	235.0
546_R	0.0	8.935390104340387e-05	cluster_0_1_mixed	546	R	240.0
527_G	0.0	8.9287534639206e-05	cluster_0_1_mixed	527	G	226.0
578_D	0.0	8.92400943061522e-05	cluster_0_1_mixed	578	D	262.0
474_S	0.0	8.923935064819168e-05	cluster_0_1_mixed	474	S	217.0
564_V	0.0	8.922477429937947e-05	cluster_0_1_mixed	564	V	249.0
573_A	0.0	8.920754446127441e-05	cluster_0_1_mixed	573	A	257.0
680_Q	0.0	8.9179723484083e-05	cluster_0_1_mixed	680	Q	349.0
563_T	0.0	8.917081011114334e-05	cluster_0_1_mixed	563	T	248.0
528_Q	0.0	8.9136030746795e-05	cluster_0_1_mixed	528	Q	227.0
938_G	0.0	8.903519471739731e-05	cluster_0_1_mixed	938	G	521.0
883_T	0.0	8.900355678338889e-05	cluster_0_1_mixed	883	T	492.0
536_D	0.0	8.890560487429466e-05	cluster_0_1_mixed	536	D	231.0
528_G	0.0	8.877981781736847e-05	cluster_0_1_mixed	528	G	227.0
328_V	0.0	8.873176088808592e-05	cluster_0_1_mixed	328	V	118.0
691_F	0.0	8.864994596434845e-05	cluster_0_1_mixed	691	F	357.0
438_D	0.0	8.855322574386894e-05	cluster_0_1_mixed	438	D	190.0
244_V	0.0	8.835466301801179e-05	cluster_0_1_mixed	244	V	63.0
373_T	0.0	8.833855345634176e-05	cluster_0_1_mixed	373	T	141.0
939_L	0.0	8.833053534163329e-05	cluster_0_1_mixed	939	L	522.0
552_D	0.0	8.832493641766732e-05	cluster_0_1_mixed	552	D	242.0
372_P	0.0	8.831565665479147e-05	cluster_0_1_mixed	372	P	141.0
856_D	0.0	8.829432902570931e-05	cluster_0_1_mixed	856	D	471.0
544_E	0.0	8.829408593406961e-05	cluster_0_1_mixed	544	E	238.0
781_A	0.0	8.82677864165684e-05	cluster_0_1_mixed	781	A	425.0
677_I	0.0	8.813800377888308e-05	cluster_0_1_mixed	677	I	346.0
533_G	0.0	8.812932959261733e-05	cluster_0_1_mixed	533	G	231.0
547_Q	0.0	8.806083849816362e-05	cluster_0_1_mixed	547	Q	241.0
806_Y	0.0	8.803300305031264e-05	cluster_0_1_mixed	806	Y	438.0
817_N	0.0	8.800348647654361e-05	cluster_0_1_mixed	817	N	444.0
535_G	0.0	8.795982764622276e-05	cluster_0_1_mixed	535	G	231.0
339_E	0.0	8.792082613364076e-05	cluster_0_1_mixed	339	E	128.0
923_D	0.0	8.786953324916269e-05	cluster_0_1_mixed	923	D	506.0
537_T	0.0	8.786454747755664e-05	cluster_0_1_mixed	537	T	231.0
923_A	0.0	8.784788603163993e-05	cluster_0_1_mixed	923	A	506.0
247_L	0.0	8.784278015951962e-05	cluster_0_1_mixed	247	L	65.0
544_S	0.0	8.784164847123434e-05	cluster_0_1_mixed	544	S	238.0
571_N	0.0	8.774565184426592e-05	cluster_0_1_mixed	571	N	255.0
576_T	0.0	8.760430904379866e-05	cluster_0_1_mixed	576	T	260.0
550_S	0.0	8.757539618500536e-05	cluster_0_1_mixed	550	S	242.0
911_E	0.0	8.7567637214125e-05	cluster_0_1_mixed	911	E	498.0
567_Y	0.0	8.74435053930991e-05	cluster_0_1_mixed	567	Y	252.0
855_S	0.0	8.73464920672357e-05	cluster_0_1_mixed	855	S	470.0
401_I	0.0	8.730131104945816e-05	cluster_0_1_mixed	401	I	160.0
879_A	0.0	8.722087767165768e-05	cluster_0_1_mixed	879	A	488.0
641_S	0.0	8.721863369442005e-05	cluster_0_1_mixed	641	S	323.0
777_S	0.0	8.720699040299749e-05	cluster_0_1_mixed	777	S	422.0
559_E	0.0	8.714761229438869e-05	cluster_0_1_mixed	559	E	245.0
547_N	0.0	8.703923950249746e-05	cluster_0_1_mixed	547	N	241.0
312_M	0.0	8.69480719445193e-05	cluster_0_1_mixed	312	M	102.0
600_N	0.0	8.693722609295111e-05	cluster_0_1_mixed	600	N	283.0
267_Q	0.0	8.677093700490258e-05	cluster_0_1_mixed	267	Q	85.0
348_D	0.0	8.672313737831459e-05	cluster_0_1_mixed	348	D	131.0
635_S	0.0	8.67186949626167e-05	cluster_0_1_mixed	635	S	317.0
221_T	0.0	8.667510865038932e-05	cluster_0_1_mixed	221	T	47.0
918_F	0.0	8.662391219413788e-05	cluster_0_1_mixed	918	F	502.0
552_N	0.0	8.638869280549325e-05	cluster_0_1_mixed	552	N	242.0
544_A	0.0	8.638343459998126e-05	cluster_0_1_mixed	544	A	238.0
518_S	0.0	8.637468575133241e-05	cluster_0_1_mixed	518	S	223.0
568_V	0.0	8.634947430373386e-05	cluster_0_1_mixed	568	V	253.0
483_A	0.0	8.618025265896666e-05	cluster_0_1_mixed	483	A	221.0
537_Q	0.0	8.617361036137344e-05	cluster_0_1_mixed	537	Q	231.0
675_Q	0.0	8.617089519849442e-05	cluster_0_1_mixed	675	Q	344.0
484_S	0.0	8.616235255755244e-05	cluster_0_1_mixed	484	S	221.0
566_L	0.0	8.616138628420055e-05	cluster_0_1_mixed	566	L	251.0
400_N	0.0	8.615668471547882e-05	cluster_0_1_mixed	400	N	159.0
574_G	0.0	8.614615827744448e-05	cluster_0_1_mixed	574	G	258.0
792_E	0.0	8.606475589794139e-05	cluster_0_1_mixed	792	E	428.0
869_I	0.0	8.604984764465377e-05	cluster_0_1_mixed	869	I	478.0
545_T	0.0	8.602321896619066e-05	cluster_0_1_mixed	545	T	239.0
541_Q	0.0	8.601028450616721e-05	cluster_0_1_mixed	541	Q	235.0
516_T	0.0	8.599848831226679e-05	cluster_0_1_mixed	516	T	222.0
582_R	0.0	8.597883090036182e-05	cluster_0_1_mixed	582	R	266.0
535_N	0.0	8.596403868608058e-05	cluster_0_1_mixed	535	N	231.0
411_L	0.0	8.589668998697126e-05	cluster_0_1_mixed	411	L	170.0
924_H	0.0	8.586024446496695e-05	cluster_0_1_mixed	924	H	507.0
334_S	0.0	8.581282474065641e-05	cluster_0_1_mixed	334	S	123.0
392_I	0.0	8.577941480433729e-05	cluster_0_1_mixed	392	I	155.0
562_V	0.0	8.57786998423741e-05	cluster_0_1_mixed	562	V	247.0
588_S	0.0	8.567496367883296e-05	cluster_0_1_mixed	588	S	272.0
527_T	0.0	8.566663338469966e-05	cluster_0_1_mixed	527	T	226.0
443_N	0.0	8.56451881031885e-05	cluster_0_1_mixed	443	N	190.0
658_A	0.0	8.553634058478654e-05	cluster_0_1_mixed	658	A	339.0
695_H	0.0	8.552230512267082e-05	cluster_0_1_mixed	695	H	360.0
518_T	0.0	8.548991092244841e-05	cluster_0_1_mixed	518	T	223.0
568_T	0.0	8.534843506147369e-05	cluster_0_1_mixed	568	T	253.0
618_D	0.0	8.530370976588984e-05	cluster_0_1_mixed	618	D	301.0
577_A	0.0	8.529263152512981e-05	cluster_0_1_mixed	577	A	261.0
559_S	0.0	8.521406503419664e-05	cluster_0_1_mixed	559	S	245.0
699_K	0.0	8.518538742795996e-05	cluster_0_1_mixed	699	K	364.0
598_Y	0.0	8.515155332939834e-05	cluster_0_1_mixed	598	Y	281.0
398_Y	0.0	8.509768949938921e-05	cluster_0_1_mixed	398	Y	157.0
563_N	0.0	8.503505754957627e-05	cluster_0_1_mixed	563	N	248.0
255_V	0.0	8.502219153578277e-05	cluster_0_1_mixed	255	V	73.0
237_A	0.0	8.487264134536055e-05	cluster_0_1_mixed	237	A	56.0
369_L	0.0	8.481405331510647e-05	cluster_0_1_mixed	369	L	140.0
581_V	0.0	8.472836941983993e-05	cluster_0_1_mixed	581	V	265.0
371_T	0.0	8.472450674640493e-05	cluster_0_1_mixed	371	T	141.0
834_V	0.0	8.468306808491783e-05	cluster_0_1_mixed	834	V	455.0
209_F	0.0	8.464285055709777e-05	cluster_0_1_mixed	209	F	36.0
483_N	0.0	8.462257929531665e-05	cluster_0_1_mixed	483	N	221.0
353_E	0.0	8.457207928660349e-05	cluster_0_1_mixed	353	E	134.0
609_L	0.0	8.45072458410263e-05	cluster_0_1_mixed	609	L	292.0
347_G	0.0	8.439139282937589e-05	cluster_0_1_mixed	347	G	130.0
724_N	0.0	8.435660895597251e-05	cluster_0_1_mixed	724	N	389.0
525_S	0.0	8.427014279074744e-05	cluster_0_1_mixed	525	S	224.0
544_G	0.0	8.425920827367942e-05	cluster_0_1_mixed	544	G	238.0
544_N	0.0	8.422921548012326e-05	cluster_0_1_mixed	544	N	238.0
722_E	0.0	8.41915559548484e-05	cluster_0_1_mixed	722	E	387.0
644_R	0.0	8.415817788573117e-05	cluster_0_1_mixed	644	R	326.0
412_I	0.0	8.398848028421407e-05	cluster_0_1_mixed	412	I	171.0
713_A	0.0	8.398695212199619e-05	cluster_0_1_mixed	713	A	378.0
562_G	0.0	8.393374536108355e-05	cluster_0_1_mixed	562	G	247.0
375_I	0.0	8.39229525196342e-05	cluster_0_1_mixed	375	I	141.0
460_P	0.0	8.392156114931642e-05	cluster_0_1_mixed	460	P	206.0
586_G	0.0	8.39035084404695e-05	cluster_0_1_mixed	586	G	270.0
700_H	0.0	8.376378065670243e-05	cluster_0_1_mixed	700	H	365.0
432_S	0.0	8.375393621518873e-05	cluster_0_1_mixed	432	S	185.0
481_L	0.0	8.369531351828412e-05	cluster_0_1_mixed	481	L	221.0
489_T	0.0	8.36528552839483e-05	cluster_0_1_mixed	489	T	221.0
669_G	0.0	8.364683998314159e-05	cluster_0_1_mixed	669	G	340.0
453_E	0.0	8.363423820035886e-05	cluster_0_1_mixed	453	E	199.0
633_S	0.0	8.362926596793067e-05	cluster_0_1_mixed	633	S	315.0
701_F	0.0	8.36290685989863e-05	cluster_0_1_mixed	701	F	366.0
619_D	0.0	8.359407743933382e-05	cluster_0_1_mixed	619	D	302.0
929_T	0.0	8.354471725900894e-05	cluster_0_1_mixed	929	T	512.0
692_N	0.0	8.353273193064222e-05	cluster_0_1_mixed	692	N	357.0
348_S	0.0	8.343835667378646e-05	cluster_0_1_mixed	348	S	131.0
587_E	0.0	8.341777781291587e-05	cluster_0_1_mixed	587	E	271.0
440_N	0.0	8.341124640544794e-05	cluster_0_1_mixed	440	N	190.0
848_A	0.0	8.33879231385689e-05	cluster_0_1_mixed	848	A	467.0
439_L	0.0	8.338031151855831e-05	cluster_0_1_mixed	439	L	190.0
531_N	0.0	8.331986975517534e-05	cluster_0_1_mixed	531	N	230.0
733_M	0.0	8.328841925399386e-05	cluster_0_1_mixed	733	M	398.0
180_N	0.0	8.324840169043982e-05	cluster_0_1_mixed	180	N	9.0
488_G	0.0	8.322755427720177e-05	cluster_0_1_mixed	488	G	221.0
369_D	0.0	8.314892366382439e-05	cluster_0_1_mixed	369	D	140.0
560_G	0.0	8.314517430076732e-05	cluster_0_1_mixed	560	G	245.0
236_A	0.0	8.30956055109056e-05	cluster_0_1_mixed	236	A	55.0
740_E	0.0	8.309029708003682e-05	cluster_0_1_mixed	740	E	405.0
545_S	0.0	8.301578239057811e-05	cluster_0_1_mixed	545	S	239.0
919_N	0.0	8.297537909650858e-05	cluster_0_1_mixed	919	N	502.0
527_N	0.0	8.296394068211944e-05	cluster_0_1_mixed	527	N	226.0
692_V	0.0	8.295148663824131e-05	cluster_0_1_mixed	692	V	357.0
578_Y	0.0	8.294812159056881e-05	cluster_0_1_mixed	578	Y	262.0
718_P	0.0	8.289218318483916e-05	cluster_0_1_mixed	718	P	383.0
227_I	0.0	8.287045449005915e-05	cluster_0_1_mixed	227	I	53.0
780_A	0.0	8.281800310577542e-05	cluster_0_1_mixed	780	A	424.0
179_K	0.0	8.280226015618988e-05	cluster_0_1_mixed	179	K	8.0
576_D	0.0	8.277956535190486e-05	cluster_0_1_mixed	576	D	260.0
543_S	0.0	8.276170271738702e-05	cluster_0_1_mixed	543	S	237.0
699_V	0.0	8.27268265960503e-05	cluster_0_1_mixed	699	V	364.0
678_V	0.0	8.272333854279063e-05	cluster_0_1_mixed	678	V	347.0
561_A	0.0	8.271806593213335e-05	cluster_0_1_mixed	561	A	246.0
633_Q	0.0	8.266937967386204e-05	cluster_0_1_mixed	633	Q	315.0
321_N	0.0	8.262591278512194e-05	cluster_0_1_mixed	321	N	111.0
413_I	0.0	8.260287078090541e-05	cluster_0_1_mixed	413	I	172.0
369_P	0.0	8.257594354492699e-05	cluster_0_1_mixed	369	P	140.0
565_A	0.0	8.25453128834805e-05	cluster_0_1_mixed	565	A	250.0
695_K	0.0	8.247518764869286e-05	cluster_0_1_mixed	695	K	360.0
561_S	0.0	8.239115677919335e-05	cluster_0_1_mixed	561	S	246.0
718_Q	0.0	8.23796958692601e-05	cluster_0_1_mixed	718	Q	383.0
556_N	0.0	8.231510543828748e-05	cluster_0_1_mixed	556	N	244.0
655_N	0.0	8.2217321986161e-05	cluster_0_1_mixed	655	N	337.0
371_P	0.0	8.221413949897908e-05	cluster_0_1_mixed	371	P	141.0
475_L	0.0	8.219122412876574e-05	cluster_0_1_mixed	475	L	218.0
244_A	0.0	8.21899464749151e-05	cluster_0_1_mixed	244	A	63.0
587_G	0.0	8.21854486534942e-05	cluster_0_1_mixed	587	G	271.0
836_D	0.0	8.217778632560021e-05	cluster_0_1_mixed	836	D	457.0
624_V	0.0	8.215254463076012e-05	cluster_0_1_mixed	624	V	307.0
883_I	0.0	8.206747098663165e-05	cluster_0_1_mixed	883	I	492.0
770_R	0.0	8.18776919274531e-05	cluster_0_1_mixed	770	R	417.0
197_S	0.0	8.187394615890966e-05	cluster_0_1_mixed	197	S	24.0
542_V	0.0	8.186306214592069e-05	cluster_0_1_mixed	542	V	236.0
539_D	0.0	8.176993303785139e-05	cluster_0_1_mixed	539	D	233.0
349_A	0.0	8.1732331988135e-05	cluster_0_1_mixed	349	A	131.0
560_N	0.0	8.167273117148882e-05	cluster_0_1_mixed	560	N	245.0
450_D	0.0	8.160944226169462e-05	cluster_0_1_mixed	450	D	196.0
443_R	0.0	8.160696587545913e-05	cluster_0_1_mixed	443	R	190.0
530_G	0.0	8.158130355117236e-05	cluster_0_1_mixed	530	G	229.0
376_T	0.0	8.1518872644543e-05	cluster_0_1_mixed	376	T	141.0
534_P	0.0	8.15180739656906e-05	cluster_0_1_mixed	534	P	231.0
937_D	0.0	8.150075197114993e-05	cluster_0_1_mixed	937	D	520.0
196_T	0.0	8.146714149243907e-05	cluster_0_1_mixed	196	T	23.0
772_S	0.0	8.143733163795989e-05	cluster_0_1_mixed	772	S	419.0
527_P	0.0	8.142697549908962e-05	cluster_0_1_mixed	527	P	226.0
699_R	0.0	8.138640410095789e-05	cluster_0_1_mixed	699	R	364.0
718_I	0.0	8.137356005750804e-05	cluster_0_1_mixed	718	I	383.0
666_D	0.0	8.134735844988046e-05	cluster_0_1_mixed	666	D	339.0
635_V	0.0	8.124566343198484e-05	cluster_0_1_mixed	635	V	317.0
877_E	0.0	8.122386903960415e-05	cluster_0_1_mixed	877	E	486.0
756_E	0.0	8.118205896826579e-05	cluster_0_1_mixed	756	E	413.0
559_D	0.0	8.114115155601209e-05	cluster_0_1_mixed	559	D	245.0
563_V	0.0	8.113264485550348e-05	cluster_0_1_mixed	563	V	248.0
554_R	0.0	8.103975591143195e-05	cluster_0_1_mixed	554	R	242.0
376_P	0.0	8.092328994259941e-05	cluster_0_1_mixed	376	P	141.0
519_D	0.0	8.092093466285955e-05	cluster_0_1_mixed	519	D	223.0
731_G	0.0	8.09115579690114e-05	cluster_0_1_mixed	731	G	396.0
766_L	0.0	8.086140652919148e-05	cluster_0_1_mixed	766	L	413.0
541_S	0.0	8.085109577443976e-05	cluster_0_1_mixed	541	S	235.0
846_R	0.0	8.080213679852161e-05	cluster_0_1_mixed	846	R	467.0
492_A	0.0	8.076640901063007e-05	cluster_0_1_mixed	492	A	221.0
675_G	0.0	8.075489114639312e-05	cluster_0_1_mixed	675	G	344.0
774_L	0.0	8.070759480368178e-05	cluster_0_1_mixed	774	L	421.0
857_K	0.0	8.070241251357416e-05	cluster_0_1_mixed	857	K	472.0
618_Y	0.0	8.069678916482567e-05	cluster_0_1_mixed	618	Y	301.0
373_S	0.0	8.068120657184055e-05	cluster_0_1_mixed	373	S	141.0
688_Q	0.0	8.066599341571976e-05	cluster_0_1_mixed	688	Q	357.0
573_T	0.0	8.058231943854922e-05	cluster_0_1_mixed	573	T	257.0
697_V	0.0	8.057892712838764e-05	cluster_0_1_mixed	697	V	362.0
716_F	0.0	8.053657230149339e-05	cluster_0_1_mixed	716	F	381.0
278_I	0.0	8.053291951493024e-05	cluster_0_1_mixed	278	I	89.0
573_L	0.0	8.05266055691664e-05	cluster_0_1_mixed	573	L	257.0
545_V	0.0	8.03753504434214e-05	cluster_0_1_mixed	545	V	239.0
579_G	0.0	8.027363069569323e-05	cluster_0_1_mixed	579	G	263.0
601_N	0.0	8.02559002925198e-05	cluster_0_1_mixed	601	N	284.0
875_Y	0.0	8.02354003323995e-05	cluster_0_1_mixed	875	Y	484.0
187_H	0.0	8.021899928369821e-05	cluster_0_1_mixed	187	H	14.0
553_G	0.0	8.018920277053078e-05	cluster_0_1_mixed	553	G	242.0
541_L	0.0	8.00332873680393e-05	cluster_0_1_mixed	541	L	235.0
561_W	0.0	7.997983675397408e-05	cluster_0_1_mixed	561	W	246.0
485_L	0.0	7.995794840578715e-05	cluster_0_1_mixed	485	L	221.0
622_I	0.0	7.99384257783775e-05	cluster_0_1_mixed	622	I	305.0
567_S	0.0	7.993571515700427e-05	cluster_0_1_mixed	567	S	252.0
561_E	0.0	7.986063916656546e-05	cluster_0_1_mixed	561	E	246.0
823_I	0.0	7.985373838244641e-05	cluster_0_1_mixed	823	I	450.0
931_D	0.0	7.980781220385989e-05	cluster_0_1_mixed	931	D	514.0
852_S	0.0	7.976990515321672e-05	cluster_0_1_mixed	852	S	467.0
241_E	0.0	7.962579824542891e-05	cluster_0_1_mixed	241	E	60.0
301_Y	0.0	7.95823928462855e-05	cluster_0_1_mixed	301	Y	101.0
563_L	0.0	7.951476035019802e-05	cluster_0_1_mixed	563	L	248.0
782_C	0.0	7.947706337944657e-05	cluster_0_1_mixed	782	C	426.0
908_P	0.0	7.946500290863518e-05	cluster_0_1_mixed	908	P	496.0
783_S	0.0	7.944159749721123e-05	cluster_0_1_mixed	783	S	426.0
636_F	0.0	7.94066405141741e-05	cluster_0_1_mixed	636	F	318.0
834_T	0.0	7.925484930044101e-05	cluster_0_1_mixed	834	T	455.0
582_I	0.0	7.923900018375815e-05	cluster_0_1_mixed	582	I	266.0
566_D	0.0	7.9222135995675e-05	cluster_0_1_mixed	566	D	251.0
495_S	0.0	7.91518558495098e-05	cluster_0_1_mixed	495	S	221.0
736_T	0.0	7.914739579763729e-05	cluster_0_1_mixed	736	T	401.0
429_A	0.0	7.912397714645793e-05	cluster_0_1_mixed	429	A	183.0
567_T	0.0	7.911607558501442e-05	cluster_0_1_mixed	567	T	252.0
546_V	0.0	7.907086029297991e-05	cluster_0_1_mixed	546	V	240.0
270_Y	0.0	7.906236775870467e-05	cluster_0_1_mixed	270	Y	87.0
569_P	0.0	7.905485987366147e-05	cluster_0_1_mixed	569	P	254.0
448_T	0.0	7.898405705030221e-05	cluster_0_1_mixed	448	T	194.0
528_N	0.0	7.893774906400752e-05	cluster_0_1_mixed	528	N	227.0
352_D	0.0	7.891637936781272e-05	cluster_0_1_mixed	352	D	133.0
378_D	0.0	7.890699676804064e-05	cluster_0_1_mixed	378	D	143.0
531_A	0.0	7.890132093624571e-05	cluster_0_1_mixed	531	A	230.0
228_M	0.0	7.88114524527274e-05	cluster_0_1_mixed	228	M	54.0
263_K	0.0	7.87735286772685e-05	cluster_0_1_mixed	263	K	81.0
537_V	0.0	7.872497824929536e-05	cluster_0_1_mixed	537	V	231.0
217_N	0.0	7.871179233072809e-05	cluster_0_1_mixed	217	N	43.0
175_N	0.0	7.860377678456365e-05	cluster_0_1_mixed	175	N	4.0
579_D	0.0	7.85732886425149e-05	cluster_0_1_mixed	579	D	263.0
247_I	0.0	7.85317249677911e-05	cluster_0_1_mixed	247	I	65.0
580_D	0.0	7.851485242215259e-05	cluster_0_1_mixed	580	D	264.0
778_D	0.0	7.847723039610287e-05	cluster_0_1_mixed	778	D	422.0
297_Q	0.0	7.845002653772313e-05	cluster_0_1_mixed	297	Q	97.0
301_M	0.0	7.842346053472111e-05	cluster_0_1_mixed	301	M	101.0
737_D	0.0	7.841787884902302e-05	cluster_0_1_mixed	737	D	402.0
534_I	0.0	7.82417867689629e-05	cluster_0_1_mixed	534	I	231.0
280_L	0.0	7.821536333616782e-05	cluster_0_1_mixed	280	L	91.0
268_W	0.0	7.816017043045836e-05	cluster_0_1_mixed	268	W	86.0
819_A	0.0	7.815910337465781e-05	cluster_0_1_mixed	819	A	446.0
606_E	0.0	7.813027270993903e-05	cluster_0_1_mixed	606	E	289.0
792_V	0.0	7.79732617753273e-05	cluster_0_1_mixed	792	V	428.0
316_E	0.0	7.78829857265301e-05	cluster_0_1_mixed	316	E	106.0
575_F	0.0	7.786438632917767e-05	cluster_0_1_mixed	575	F	259.0
575_V	0.0	7.780379144286905e-05	cluster_0_1_mixed	575	V	259.0
851_T	0.0	7.77460367288903e-05	cluster_0_1_mixed	851	T	467.0
769_R	0.0	7.771014402399131e-05	cluster_0_1_mixed	769	R	416.0
338_T	0.0	7.761536610889732e-05	cluster_0_1_mixed	338	T	127.0
316_K	0.0	7.76136990717e-05	cluster_0_1_mixed	316	K	106.0
786_T	0.0	7.760488768022613e-05	cluster_0_1_mixed	786	T	427.0
938_K	0.0	7.758004949833439e-05	cluster_0_1_mixed	938	K	521.0
655_W	0.0	7.756485691678135e-05	cluster_0_1_mixed	655	W	337.0
319_S	0.0	7.753514390277561e-05	cluster_0_1_mixed	319	S	109.0
471_P	0.0	7.750616790851393e-05	cluster_0_1_mixed	471	P	214.0
565_D	0.0	7.749035188672784e-05	cluster_0_1_mixed	565	D	250.0
467_P	0.0	7.747344589594637e-05	cluster_0_1_mixed	467	P	210.0
893_Y	0.0	7.745489071858367e-05	cluster_0_1_mixed	893	Y	496.0
585_T	0.0	7.742545458136952e-05	cluster_0_1_mixed	585	T	269.0
523_N	0.0	7.73838856304502e-05	cluster_0_1_mixed	523	N	223.0
620_W	0.0	7.737920863006486e-05	cluster_0_1_mixed	620	W	303.0
377_V	0.0	7.724572074728181e-05	cluster_0_1_mixed	377	V	142.0
812_D	0.0	7.721603661568931e-05	cluster_0_1_mixed	812	D	439.0
779_N	0.0	7.721315658865615e-05	cluster_0_1_mixed	779	N	423.0
520_L	0.0	7.718797528178601e-05	cluster_0_1_mixed	520	L	223.0
546_N	0.0	7.714584201020244e-05	cluster_0_1_mixed	546	N	240.0
856_S	0.0	7.706358976694537e-05	cluster_0_1_mixed	856	S	471.0
486_K	0.0	7.705786607158182e-05	cluster_0_1_mixed	486	K	221.0
740_K	0.0	7.704865299517528e-05	cluster_0_1_mixed	740	K	405.0
654_G	0.0	7.694639048496392e-05	cluster_0_1_mixed	654	G	336.0
605_S	0.0	7.692083900811005e-05	cluster_0_1_mixed	605	S	288.0
522_D	0.0	7.692032111870625e-05	cluster_0_1_mixed	522	D	223.0
427_T	0.0	7.69160544768675e-05	cluster_0_1_mixed	427	T	183.0
204_S	0.0	7.687730649287989e-05	cluster_0_1_mixed	204	S	31.0
686_R	0.0	7.68225468992615e-05	cluster_0_1_mixed	686	R	355.0
488_P	0.0	7.679835882079287e-05	cluster_0_1_mixed	488	P	221.0
421_V	0.0	7.679579199418581e-05	cluster_0_1_mixed	421	V	180.0
436_R	0.0	7.677185000589759e-05	cluster_0_1_mixed	436	R	189.0
494_P	0.0	7.674592882388381e-05	cluster_0_1_mixed	494	P	221.0
481_T	0.0	7.672227764926968e-05	cluster_0_1_mixed	481	T	221.0
466_E	0.0	7.671551552489499e-05	cluster_0_1_mixed	466	E	209.0
346_S	0.0	7.666974828165835e-05	cluster_0_1_mixed	346	S	130.0
569_G	0.0	7.662397990979608e-05	cluster_0_1_mixed	569	G	254.0
524_T	0.0	7.654015927931503e-05	cluster_0_1_mixed	524	T	223.0
833_E	0.0	7.650971043841476e-05	cluster_0_1_mixed	833	E	454.0
647_H	0.0	7.644191245762777e-05	cluster_0_1_mixed	647	H	329.0
376_G	0.0	7.638907190764011e-05	cluster_0_1_mixed	376	G	141.0
615_G	0.0	7.633430601179837e-05	cluster_0_1_mixed	615	G	298.0
569_N	0.0	7.628334443369817e-05	cluster_0_1_mixed	569	N	254.0
213_I	0.0	7.627226251391968e-05	cluster_0_1_mixed	213	I	40.0
696_S	0.0	7.624234189263544e-05	cluster_0_1_mixed	696	S	361.0
338_L	0.0	7.6218820788364e-05	cluster_0_1_mixed	338	L	127.0
565_P	0.0	7.618984422638308e-05	cluster_0_1_mixed	565	P	250.0
549_K	0.0	7.610925039907829e-05	cluster_0_1_mixed	549	K	242.0
553_L	0.0	7.608405009951479e-05	cluster_0_1_mixed	553	L	242.0
491_A	0.0	7.608401695987122e-05	cluster_0_1_mixed	491	A	221.0
339_S	0.0	7.601068030972309e-05	cluster_0_1_mixed	339	S	128.0
564_S	0.0	7.592212336505065e-05	cluster_0_1_mixed	564	S	249.0
536_E	0.0	7.5772855552534e-05	cluster_0_1_mixed	536	E	231.0
669_A	0.0	7.577002032470875e-05	cluster_0_1_mixed	669	A	340.0
689_V	0.0	7.57437672976859e-05	cluster_0_1_mixed	689	V	357.0
214_L	0.0	7.57409626916895e-05	cluster_0_1_mixed	214	L	40.0
555_D	0.0	7.573645611754703e-05	cluster_0_1_mixed	555	D	243.0
576_E	0.0	7.573501641797059e-05	cluster_0_1_mixed	576	E	260.0
635_D	0.0	7.572681589777955e-05	cluster_0_1_mixed	635	D	317.0
539_L	0.0	7.57101127692165e-05	cluster_0_1_mixed	539	L	233.0
321_T	0.0	7.565502848542265e-05	cluster_0_1_mixed	321	T	111.0
328_I	0.0	7.557737849117898e-05	cluster_0_1_mixed	328	I	118.0
327_I	0.0	7.553094977495393e-05	cluster_0_1_mixed	327	I	117.0
798_F	0.0	7.55147782584532e-05	cluster_0_1_mixed	798	F	432.0
731_E	0.0	7.551050892546389e-05	cluster_0_1_mixed	731	E	396.0
580_P	0.0	7.550955513445567e-05	cluster_0_1_mixed	580	P	264.0
520_A	0.0	7.543198851621715e-05	cluster_0_1_mixed	520	A	223.0
403_N	0.0	7.542683395542743e-05	cluster_0_1_mixed	403	N	162.0
588_N	0.0	7.540851897491566e-05	cluster_0_1_mixed	588	N	272.0
792_L	0.0	7.537900043638592e-05	cluster_0_1_mixed	792	L	428.0
521_M	0.0	7.535066403629828e-05	cluster_0_1_mixed	521	M	223.0
687_G	0.0	7.532233732302038e-05	cluster_0_1_mixed	687	G	356.0
241_R	0.0	7.529752887775648e-05	cluster_0_1_mixed	241	R	60.0
521_D	0.0	7.526629381599758e-05	cluster_0_1_mixed	521	D	223.0
616_S	0.0	7.5247816560776e-05	cluster_0_1_mixed	616	S	299.0
424_Q	0.0	7.516481406684808e-05	cluster_0_1_mixed	424	Q	180.0
664_N	0.0	7.514289327344406e-05	cluster_0_1_mixed	664	N	339.0
576_V	0.0	7.507073524201415e-05	cluster_0_1_mixed	576	V	260.0
571_T	0.0	7.506400217272795e-05	cluster_0_1_mixed	571	T	255.0
186_A	0.0	7.502718641447629e-05	cluster_0_1_mixed	186	A	14.0
489_D	0.0	7.501974745558262e-05	cluster_0_1_mixed	489	D	221.0
602_K	0.0	7.498195579718637e-05	cluster_0_1_mixed	602	K	285.0
441_E	0.0	7.498057308627211e-05	cluster_0_1_mixed	441	E	190.0
534_Q	0.0	7.489544264662459e-05	cluster_0_1_mixed	534	Q	231.0
536_V	0.0	7.485219442469226e-05	cluster_0_1_mixed	536	V	231.0
573_N	0.0	7.484847340030116e-05	cluster_0_1_mixed	573	N	257.0
474_V	0.0	7.484354214106993e-05	cluster_0_1_mixed	474	V	217.0
494_S	0.0	7.482077167762923e-05	cluster_0_1_mixed	494	S	221.0
549_T	0.0	7.481901713626417e-05	cluster_0_1_mixed	549	T	242.0
855_P	0.0	7.478189046104559e-05	cluster_0_1_mixed	855	P	470.0
922_C	0.0	7.464820580294345e-05	cluster_0_1_mixed	922	C	505.0
651_D	0.0	7.461536817715191e-05	cluster_0_1_mixed	651	D	333.0
549_S	0.0	7.460550360660236e-05	cluster_0_1_mixed	549	S	242.0
848_G	0.0	7.457554715022088e-05	cluster_0_1_mixed	848	G	467.0
734_L	0.0	7.457285619299018e-05	cluster_0_1_mixed	734	L	399.0
333_N	0.0	7.455859065453173e-05	cluster_0_1_mixed	333	N	122.0
646_Q	0.0	7.455846914687268e-05	cluster_0_1_mixed	646	Q	328.0
545_Y	0.0	7.453537845882461e-05	cluster_0_1_mixed	545	Y	239.0
558_N	0.0	7.451188415410504e-05	cluster_0_1_mixed	558	N	245.0
485_S	0.0	7.448514464678109e-05	cluster_0_1_mixed	485	S	221.0
494_G	0.0	7.447115344176861e-05	cluster_0_1_mixed	494	G	221.0
340_D	0.0	7.446935744324862e-05	cluster_0_1_mixed	340	D	129.0
579_E	0.0	7.445687955230228e-05	cluster_0_1_mixed	579	E	263.0
556_D	0.0	7.44400629752985e-05	cluster_0_1_mixed	556	D	244.0
180_R	0.0	7.443585230630716e-05	cluster_0_1_mixed	180	R	9.0
326_D	0.0	7.443275369196941e-05	cluster_0_1_mixed	326	D	116.0
739_P	0.0	7.439589202483999e-05	cluster_0_1_mixed	739	P	404.0
544_T	0.0	7.432732647514626e-05	cluster_0_1_mixed	544	T	238.0
890_N	0.0	7.429314473963041e-05	cluster_0_1_mixed	890	N	496.0
557_S	0.0	7.426639631654979e-05	cluster_0_1_mixed	557	S	245.0
261_S	0.0	7.422796872736442e-05	cluster_0_1_mixed	261	S	79.0
265_N	0.0	7.42206383144532e-05	cluster_0_1_mixed	265	N	83.0
935_L	0.0	7.419851487504489e-05	cluster_0_1_mixed	935	L	518.0
316_N	0.0	7.415218806531774e-05	cluster_0_1_mixed	316	N	106.0
338_I	0.0	7.41052092488065e-05	cluster_0_1_mixed	338	I	127.0
348_K	0.0	7.409417923994691e-05	cluster_0_1_mixed	348	K	131.0
478_E	0.0	7.408033151790892e-05	cluster_0_1_mixed	478	E	221.0
552_L	0.0	7.402232172135624e-05	cluster_0_1_mixed	552	L	242.0
783_D	0.0	7.401671780542326e-05	cluster_0_1_mixed	783	D	426.0
631_Q	0.0	7.397102119502546e-05	cluster_0_1_mixed	631	Q	313.0
727_S	0.0	7.395464724433283e-05	cluster_0_1_mixed	727	S	392.0
541_Y	0.0	7.391992579864472e-05	cluster_0_1_mixed	541	Y	235.0
852_V	0.0	7.389788429970898e-05	cluster_0_1_mixed	852	V	467.0
649_I	0.0	7.38784479467178e-05	cluster_0_1_mixed	649	I	331.0
576_S	0.0	7.38680451695914e-05	cluster_0_1_mixed	576	S	260.0
564_T	0.0	7.378917298273574e-05	cluster_0_1_mixed	564	T	249.0
923_T	0.0	7.377586113418163e-05	cluster_0_1_mixed	923	T	506.0
929_S	0.0	7.374934845039967e-05	cluster_0_1_mixed	929	S	512.0
537_N	0.0	7.374333517938836e-05	cluster_0_1_mixed	537	N	231.0
205_I	0.0	7.371590079533152e-05	cluster_0_1_mixed	205	I	32.0
566_E	0.0	7.368513315404352e-05	cluster_0_1_mixed	566	E	251.0
551_D	0.0	7.367558850536526e-05	cluster_0_1_mixed	551	D	242.0
463_R	0.0	7.366334688875107e-05	cluster_0_1_mixed	463	R	206.0
243_Q	0.0	7.365999137167833e-05	cluster_0_1_mixed	243	Q	62.0
688_G	0.0	7.359339827779338e-05	cluster_0_1_mixed	688	G	357.0
587_D	0.0	7.358202873951359e-05	cluster_0_1_mixed	587	D	271.0
560_P	0.0	7.351867240586971e-05	cluster_0_1_mixed	560	P	245.0
519_G	0.0	7.346345123634706e-05	cluster_0_1_mixed	519	G	223.0
779_F	0.0	7.340292617075887e-05	cluster_0_1_mixed	779	F	423.0
343_T	0.0	7.339718651892073e-05	cluster_0_1_mixed	343	T	130.0
479_V	0.0	7.334132793946104e-05	cluster_0_1_mixed	479	V	221.0
419_T	0.0	7.333598346157212e-05	cluster_0_1_mixed	419	T	178.0
728_N	0.0	7.333238810014886e-05	cluster_0_1_mixed	728	N	393.0
566_T	0.0	7.328398751460473e-05	cluster_0_1_mixed	566	T	251.0
779_K	0.0	7.327552046321218e-05	cluster_0_1_mixed	779	K	423.0
653_N	0.0	7.324623705767659e-05	cluster_0_1_mixed	653	N	335.0
620_D	0.0	7.323259565220396e-05	cluster_0_1_mixed	620	D	303.0
433_F	0.0	7.323220316529511e-05	cluster_0_1_mixed	433	F	186.0
373_G	0.0	7.321551261047918e-05	cluster_0_1_mixed	373	G	141.0
690_S	0.0	7.321279122948132e-05	cluster_0_1_mixed	690	S	357.0
353_H	0.0	7.321157754966863e-05	cluster_0_1_mixed	353	H	134.0
547_T	0.0	7.317703079610734e-05	cluster_0_1_mixed	547	T	241.0
432_L	0.0	7.313148396642736e-05	cluster_0_1_mixed	432	L	185.0
388_C	0.0	7.309744655513176e-05	cluster_0_1_mixed	388	C	153.0
780_T	0.0	7.308908711416712e-05	cluster_0_1_mixed	780	T	424.0
626_T	0.0	7.307426906067198e-05	cluster_0_1_mixed	626	T	309.0
529_I	0.0	7.294787003513917e-05	cluster_0_1_mixed	529	I	228.0
335_A	0.0	7.291775388159075e-05	cluster_0_1_mixed	335	A	124.0
894_A	0.0	7.288828157094521e-05	cluster_0_1_mixed	894	A	496.0
794_I	0.0	7.287360726450121e-05	cluster_0_1_mixed	794	I	429.0
334_Q	0.0	7.287286947691262e-05	cluster_0_1_mixed	334	Q	123.0
572_I	0.0	7.285764671026176e-05	cluster_0_1_mixed	572	I	256.0
255_R	0.0	7.279968038765523e-05	cluster_0_1_mixed	255	R	73.0
533_N	0.0	7.279094255642772e-05	cluster_0_1_mixed	533	N	231.0
280_R	0.0	7.27864535627351e-05	cluster_0_1_mixed	280	R	91.0
553_V	0.0	7.278636508112533e-05	cluster_0_1_mixed	553	V	242.0
545_R	0.0	7.278035229198198e-05	cluster_0_1_mixed	545	R	239.0
799_F	0.0	7.277483661055151e-05	cluster_0_1_mixed	799	F	433.0
591_G	0.0	7.27266130510239e-05	cluster_0_1_mixed	591	G	274.0
371_K	0.0	7.266070907033348e-05	cluster_0_1_mixed	371	K	141.0
536_S	0.0	7.264602450302732e-05	cluster_0_1_mixed	536	S	231.0
421_Q	0.0	7.263358332085915e-05	cluster_0_1_mixed	421	Q	180.0
351_A	0.0	7.26302434844646e-05	cluster_0_1_mixed	351	A	132.0
495_Q	0.0	7.262076265423728e-05	cluster_0_1_mixed	495	Q	221.0
519_F	0.0	7.260975108638973e-05	cluster_0_1_mixed	519	F	223.0
496_G	0.0	7.260135731717287e-05	cluster_0_1_mixed	496	G	221.0
542_E	0.0	7.25947486875339e-05	cluster_0_1_mixed	542	E	236.0
337_A	0.0	7.256163046072318e-05	cluster_0_1_mixed	337	A	126.0
557_A	0.0	7.255168059255457e-05	cluster_0_1_mixed	557	A	245.0
915_Q	0.0	7.250542047287929e-05	cluster_0_1_mixed	915	Q	502.0
474_Q	0.0	7.249528386671315e-05	cluster_0_1_mixed	474	Q	217.0
434_D	0.0	7.248185056489499e-05	cluster_0_1_mixed	434	D	187.0
710_T	0.0	7.247605092012413e-05	cluster_0_1_mixed	710	T	375.0
218_Q	0.0	7.244375175091606e-05	cluster_0_1_mixed	218	Q	44.0
722_N	0.0	7.243812295785504e-05	cluster_0_1_mixed	722	N	387.0
565_E	0.0	7.240345321791886e-05	cluster_0_1_mixed	565	E	250.0
520_S	0.0	7.238814625496276e-05	cluster_0_1_mixed	520	S	223.0
330_M	0.0	7.237517362135709e-05	cluster_0_1_mixed	330	M	119.0
550_D	0.0	7.234442458992113e-05	cluster_0_1_mixed	550	D	242.0
258_T	0.0	7.23421689318881e-05	cluster_0_1_mixed	258	T	76.0
779_Q	0.0	7.233806590847175e-05	cluster_0_1_mixed	779	Q	423.0
225_L	0.0	7.221174296532462e-05	cluster_0_1_mixed	225	L	51.0
201_M	0.0	7.214049875996146e-05	cluster_0_1_mixed	201	M	28.0
380_K	0.0	7.211507987084145e-05	cluster_0_1_mixed	380	K	145.0
319_T	0.0	7.203816672411023e-05	cluster_0_1_mixed	319	T	109.0
436_Q	0.0	7.202594684014175e-05	cluster_0_1_mixed	436	Q	189.0
416_L	0.0	7.199665676579189e-05	cluster_0_1_mixed	416	L	175.0
525_L	0.0	7.198050458499298e-05	cluster_0_1_mixed	525	L	224.0
330_L	0.0	7.19364520320928e-05	cluster_0_1_mixed	330	L	119.0
908_K	0.0	7.192977500400541e-05	cluster_0_1_mixed	908	K	496.0
516_I	0.0	7.186373095483616e-05	cluster_0_1_mixed	516	I	222.0
350_A	0.0	7.18530803881751e-05	cluster_0_1_mixed	350	A	131.0
417_S	0.0	7.17660748133467e-05	cluster_0_1_mixed	417	S	176.0
533_D	0.0	7.166637751211302e-05	cluster_0_1_mixed	533	D	231.0
247_F	0.0	7.159137105144972e-05	cluster_0_1_mixed	247	F	65.0
548_G	0.0	7.148313947773258e-05	cluster_0_1_mixed	548	G	242.0
601_V	0.0	7.142047259133091e-05	cluster_0_1_mixed	601	V	284.0
530_S	0.0	7.140735249826962e-05	cluster_0_1_mixed	530	S	229.0
528_T	0.0	7.140730647671559e-05	cluster_0_1_mixed	528	T	227.0
921_T	0.0	7.13833905184082e-05	cluster_0_1_mixed	921	T	504.0
548_N	0.0	7.133760248890458e-05	cluster_0_1_mixed	548	N	242.0
246_V	0.0	7.133237674458831e-05	cluster_0_1_mixed	246	V	64.0
592_V	0.0	7.12913250489425e-05	cluster_0_1_mixed	592	V	275.0
373_N	0.0	7.129005731032413e-05	cluster_0_1_mixed	373	N	141.0
496_I	0.0	7.127871070878993e-05	cluster_0_1_mixed	496	I	221.0
494_D	0.0	7.12097344889002e-05	cluster_0_1_mixed	494	D	221.0
189_K	0.0	7.118127907502201e-05	cluster_0_1_mixed	189	K	16.0
456_R	0.0	7.110605475704923e-05	cluster_0_1_mixed	456	R	202.0
208_S	0.0	7.098396867948686e-05	cluster_0_1_mixed	208	S	35.0
480_V	0.0	7.09781856575571e-05	cluster_0_1_mixed	480	V	221.0
435_T	0.0	7.09371463019564e-05	cluster_0_1_mixed	435	T	188.0
633_L	0.0	7.089460003533188e-05	cluster_0_1_mixed	633	L	315.0
555_C	0.0	7.084986212410197e-05	cluster_0_1_mixed	555	C	243.0
573_D	0.0	7.082558895102452e-05	cluster_0_1_mixed	573	D	257.0
245_H	0.0	7.080218996903336e-05	cluster_0_1_mixed	245	H	64.0
429_N	0.0	7.071152132109398e-05	cluster_0_1_mixed	429	N	183.0
566_I	0.0	7.068010239613292e-05	cluster_0_1_mixed	566	I	251.0
484_A	0.0	7.06714585021356e-05	cluster_0_1_mixed	484	A	221.0
927_K	0.0	7.064994387986489e-05	cluster_0_1_mixed	927	K	510.0
700_I	0.0	7.061979173708729e-05	cluster_0_1_mixed	700	I	365.0
556_C	0.0	7.059221986472056e-05	cluster_0_1_mixed	556	C	244.0
536_I	0.0	7.05862485568505e-05	cluster_0_1_mixed	536	I	231.0
522_R	0.0	7.056896975236273e-05	cluster_0_1_mixed	522	R	223.0
646_L	0.0	7.055080344774618e-05	cluster_0_1_mixed	646	L	328.0
689_Q	0.0	7.052342592308824e-05	cluster_0_1_mixed	689	Q	357.0
792_Q	0.0	7.051353134882332e-05	cluster_0_1_mixed	792	Q	428.0
539_Q	0.0	7.04605028431223e-05	cluster_0_1_mixed	539	Q	233.0
574_V	0.0	7.046004255099508e-05	cluster_0_1_mixed	574	V	258.0
380_Q	0.0	7.04536694105516e-05	cluster_0_1_mixed	380	Q	145.0
522_N	0.0	7.042116539259524e-05	cluster_0_1_mixed	522	N	223.0
495_L	0.0	7.041482971961792e-05	cluster_0_1_mixed	495	L	221.0
559_T	0.0	7.037087983009184e-05	cluster_0_1_mixed	559	T	245.0
730_L	0.0	7.030917252792612e-05	cluster_0_1_mixed	730	L	395.0
560_R	0.0	7.029622605918509e-05	cluster_0_1_mixed	560	R	245.0
371_A	0.0	7.028926337383812e-05	cluster_0_1_mixed	371	A	141.0
538_N	0.0	7.02714056780087e-05	cluster_0_1_mixed	538	N	232.0
434_K	0.0	7.025064802693515e-05	cluster_0_1_mixed	434	K	187.0
375_T	0.0	7.02455247807568e-05	cluster_0_1_mixed	375	T	141.0
493_T	0.0	7.02158485901653e-05	cluster_0_1_mixed	493	T	221.0
547_Y	0.0	7.018778353237988e-05	cluster_0_1_mixed	547	Y	241.0
325_S	0.0	7.015238179081759e-05	cluster_0_1_mixed	325	S	115.0
529_V	0.0	7.008698390900143e-05	cluster_0_1_mixed	529	V	228.0
727_K	0.0	7.006915698838483e-05	cluster_0_1_mixed	727	K	392.0
521_A	0.0	7.006390137661915e-05	cluster_0_1_mixed	521	A	223.0
376_I	0.0	6.996462441264622e-05	cluster_0_1_mixed	376	I	141.0
811_S	0.0	6.990577342916878e-05	cluster_0_1_mixed	811	S	438.0
924_S	0.0	6.983522604962739e-05	cluster_0_1_mixed	924	S	507.0
495_F	0.0	6.980429775155612e-05	cluster_0_1_mixed	495	F	221.0
642_L	0.0	6.978579971420783e-05	cluster_0_1_mixed	642	L	324.0
921_Q	0.0	6.966381559320926e-05	cluster_0_1_mixed	921	Q	504.0
176_I	0.0	6.964385222925902e-05	cluster_0_1_mixed	176	I	5.0
521_V	0.0	6.963430624674525e-05	cluster_0_1_mixed	521	V	223.0
739_A	0.0	6.961735691076079e-05	cluster_0_1_mixed	739	A	404.0
481_E	0.0	6.956757807027723e-05	cluster_0_1_mixed	481	E	221.0
355_F	0.0	6.955277195150035e-05	cluster_0_1_mixed	355	F	134.0
712_L	0.0	6.953968676152048e-05	cluster_0_1_mixed	712	L	377.0
516_A	0.0	6.950672943176592e-05	cluster_0_1_mixed	516	A	222.0
693_M	0.0	6.943718753437726e-05	cluster_0_1_mixed	693	M	358.0
598_N	0.0	6.939288412884993e-05	cluster_0_1_mixed	598	N	281.0
560_I	0.0	6.933345272127337e-05	cluster_0_1_mixed	560	I	245.0
571_A	0.0	6.931899896655752e-05	cluster_0_1_mixed	571	A	255.0
524_N	0.0	6.930690251735778e-05	cluster_0_1_mixed	524	N	223.0
557_V	0.0	6.926070115017848e-05	cluster_0_1_mixed	557	V	245.0
522_A	0.0	6.923019761158144e-05	cluster_0_1_mixed	522	A	223.0
629_R	0.0	6.920055123757963e-05	cluster_0_1_mixed	629	R	311.0
319_N	0.0	6.917370206327925e-05	cluster_0_1_mixed	319	N	109.0
624_M	0.0	6.906483982941366e-05	cluster_0_1_mixed	624	M	307.0
422_S	0.0	6.902498529844081e-05	cluster_0_1_mixed	422	S	180.0
648_F	0.0	6.901115447538651e-05	cluster_0_1_mixed	648	F	330.0
469_P	0.0	6.900955651606212e-05	cluster_0_1_mixed	469	P	212.0
695_M	0.0	6.900253307080398e-05	cluster_0_1_mixed	695	M	360.0
531_H	0.0	6.90018254352203e-05	cluster_0_1_mixed	531	H	230.0
830_F	0.0	6.898833463891796e-05	cluster_0_1_mixed	830	F	454.0
311_F	0.0	6.897957171157055e-05	cluster_0_1_mixed	311	F	102.0
781_Y	0.0	6.89680293068958e-05	cluster_0_1_mixed	781	Y	425.0
468_F	0.0	6.891521974373948e-05	cluster_0_1_mixed	468	F	211.0
691_S	0.0	6.885807975286403e-05	cluster_0_1_mixed	691	S	357.0
521_S	0.0	6.882261147923698e-05	cluster_0_1_mixed	521	S	223.0
553_F	0.0	6.880841983149593e-05	cluster_0_1_mixed	553	F	242.0
526_P	0.0	6.880079549104723e-05	cluster_0_1_mixed	526	P	225.0
823_Y	0.0	6.875883705888323e-05	cluster_0_1_mixed	823	Y	450.0
527_L	0.0	6.869622032313792e-05	cluster_0_1_mixed	527	L	226.0
696_I	0.0	6.867280768088743e-05	cluster_0_1_mixed	696	I	361.0
419_E	0.0	6.866074157731607e-05	cluster_0_1_mixed	419	E	178.0
529_G	0.0	6.864482467377568e-05	cluster_0_1_mixed	529	G	228.0
624_S	0.0	6.860913299160249e-05	cluster_0_1_mixed	624	S	307.0
636_P	0.0	6.860611361126279e-05	cluster_0_1_mixed	636	P	318.0
539_A	0.0	6.859888227432125e-05	cluster_0_1_mixed	539	A	233.0
568_L	0.0	6.85849381149532e-05	cluster_0_1_mixed	568	L	253.0
496_N	0.0	6.857507939148147e-05	cluster_0_1_mixed	496	N	221.0
538_V	0.0	6.854918352085158e-05	cluster_0_1_mixed	538	V	232.0
472_I	0.0	6.854193847048838e-05	cluster_0_1_mixed	472	I	215.0
449_M	0.0	6.853333771822977e-05	cluster_0_1_mixed	449	M	195.0
370_A	0.0	6.850390905617986e-05	cluster_0_1_mixed	370	A	141.0
543_M	0.0	6.849599096477163e-05	cluster_0_1_mixed	543	M	237.0
492_G	0.0	6.845922932318666e-05	cluster_0_1_mixed	492	G	221.0
667_A	0.0	6.842513246709216e-05	cluster_0_1_mixed	667	A	339.0
439_F	0.0	6.842310093893738e-05	cluster_0_1_mixed	439	F	190.0
653_S	0.0	6.841600605899996e-05	cluster_0_1_mixed	653	S	335.0
522_V	0.0	6.840818794969381e-05	cluster_0_1_mixed	522	V	223.0
340_A	0.0	6.83782279745811e-05	cluster_0_1_mixed	340	A	129.0
778_Q	0.0	6.830742155313465e-05	cluster_0_1_mixed	778	Q	422.0
202_R	0.0	6.830282617946311e-05	cluster_0_1_mixed	202	R	29.0
475_N	0.0	6.829318996058661e-05	cluster_0_1_mixed	475	N	218.0
516_R	0.0	6.828541105968068e-05	cluster_0_1_mixed	516	R	222.0
670_N	0.0	6.827761444693574e-05	cluster_0_1_mixed	670	N	340.0
579_F	0.0	6.81690928576366e-05	cluster_0_1_mixed	579	F	263.0
533_T	0.0	6.81595255156395e-05	cluster_0_1_mixed	533	T	231.0
833_A	0.0	6.813485831208152e-05	cluster_0_1_mixed	833	A	454.0
412_A	0.0	6.808143491500534e-05	cluster_0_1_mixed	412	A	171.0
477_Y	0.0	6.806164103174244e-05	cluster_0_1_mixed	477	Y	220.0
555_N	0.0	6.805918647885572e-05	cluster_0_1_mixed	555	N	243.0
540_V	0.0	6.801953563235196e-05	cluster_0_1_mixed	540	V	234.0
430_A	0.0	6.799256479387272e-05	cluster_0_1_mixed	430	A	183.0
531_L	0.0	6.791525040478027e-05	cluster_0_1_mixed	531	L	230.0
483_G	0.0	6.785549204037151e-05	cluster_0_1_mixed	483	G	221.0
426_L	0.0	6.785247900835284e-05	cluster_0_1_mixed	426	L	182.0
519_T	0.0	6.785171552064936e-05	cluster_0_1_mixed	519	T	223.0
204_K	0.0	6.782389466052961e-05	cluster_0_1_mixed	204	K	31.0
263_T	0.0	6.778833669711167e-05	cluster_0_1_mixed	263	T	81.0
717_R	0.0	6.777418385906715e-05	cluster_0_1_mixed	717	R	382.0
636_Y	0.0	6.770673739980531e-05	cluster_0_1_mixed	636	Y	318.0
630_V	0.0	6.769125030492745e-05	cluster_0_1_mixed	630	V	312.0
643_I	0.0	6.764087569783446e-05	cluster_0_1_mixed	643	I	325.0
549_Y	0.0	6.76105791147271e-05	cluster_0_1_mixed	549	Y	242.0
604_D	0.0	6.75327476065046e-05	cluster_0_1_mixed	604	D	287.0
620_M	0.0	6.751752726897978e-05	cluster_0_1_mixed	620	M	303.0
182_Q	0.0	6.748640943136603e-05	cluster_0_1_mixed	182	Q	11.0
541_P	0.0	6.748302736506622e-05	cluster_0_1_mixed	541	P	235.0
558_T	0.0	6.746888760211272e-05	cluster_0_1_mixed	558	T	245.0
539_N	0.0	6.746787060737555e-05	cluster_0_1_mixed	539	N	233.0
577_P	0.0	6.740208284707794e-05	cluster_0_1_mixed	577	P	261.0
926_L	0.0	6.73671783279694e-05	cluster_0_1_mixed	926	L	509.0
524_S	0.0	6.73495700590778e-05	cluster_0_1_mixed	524	S	223.0
726_Y	0.0	6.730196693318932e-05	cluster_0_1_mixed	726	Y	391.0
551_Y	0.0	6.730170647009401e-05	cluster_0_1_mixed	551	Y	242.0
644_K	0.0	6.726524002859726e-05	cluster_0_1_mixed	644	K	326.0
789_N	0.0	6.722829021023638e-05	cluster_0_1_mixed	789	N	427.0
334_N	0.0	6.720397058279393e-05	cluster_0_1_mixed	334	N	123.0
586_E	0.0	6.708446729516049e-05	cluster_0_1_mixed	586	E	270.0
254_M	0.0	6.706646680345141e-05	cluster_0_1_mixed	254	M	72.0
555_F	0.0	6.704982070289086e-05	cluster_0_1_mixed	555	F	243.0
422_T	0.0	6.700962312893376e-05	cluster_0_1_mixed	422	T	180.0
562_W	0.0	6.693633021812323e-05	cluster_0_1_mixed	562	W	247.0
819_I	0.0	6.69218212910149e-05	cluster_0_1_mixed	819	I	446.0
577_N	0.0	6.691890490319586e-05	cluster_0_1_mixed	577	N	261.0
296_E	0.0	6.68445206343343e-05	cluster_0_1_mixed	296	E	96.0
481_I	0.0	6.683559810055268e-05	cluster_0_1_mixed	481	I	221.0
202_I	0.0	6.676144841703702e-05	cluster_0_1_mixed	202	I	29.0
605_Q	0.0	6.673994319288309e-05	cluster_0_1_mixed	605	Q	288.0
646_P	0.0	6.672254658482943e-05	cluster_0_1_mixed	646	P	328.0
647_N	0.0	6.667684335418645e-05	cluster_0_1_mixed	647	N	329.0
791_G	0.0	6.658412652567894e-05	cluster_0_1_mixed	791	G	428.0
627_N	0.0	6.657005047171373e-05	cluster_0_1_mixed	627	N	309.0
529_N	0.0	6.6549647244613e-05	cluster_0_1_mixed	529	N	228.0
543_E	0.0	6.65443890267309e-05	cluster_0_1_mixed	543	E	237.0
705_P	0.0	6.653734145802747e-05	cluster_0_1_mixed	705	P	370.0
709_F	0.0	6.644078405767127e-05	cluster_0_1_mixed	709	F	374.0
857_D	0.0	6.643484689989702e-05	cluster_0_1_mixed	857	D	472.0
562_I	0.0	6.643484100221326e-05	cluster_0_1_mixed	562	I	247.0
923_Q	0.0	6.642770752768953e-05	cluster_0_1_mixed	923	Q	506.0
577_S	0.0	6.63962810079501e-05	cluster_0_1_mixed	577	S	261.0
335_V	0.0	6.635038889624072e-05	cluster_0_1_mixed	335	V	124.0
655_A	0.0	6.630545172155245e-05	cluster_0_1_mixed	655	A	337.0
197_G	0.0	6.624998535371518e-05	cluster_0_1_mixed	197	G	24.0
582_V	0.0	6.617257190747757e-05	cluster_0_1_mixed	582	V	266.0
217_D	0.0	6.61556799480493e-05	cluster_0_1_mixed	217	D	43.0
340_S	0.0	6.613796520356408e-05	cluster_0_1_mixed	340	S	129.0
566_N	0.0	6.606121657433215e-05	cluster_0_1_mixed	566	N	251.0
473_S	0.0	6.604016439421697e-05	cluster_0_1_mixed	473	S	216.0
712_C	0.0	6.600242827289808e-05	cluster_0_1_mixed	712	C	377.0
742_Q	0.0	6.597647178424213e-05	cluster_0_1_mixed	742	Q	407.0
477_L	0.0	6.595772798807803e-05	cluster_0_1_mixed	477	L	220.0
370_P	0.0	6.594126463504571e-05	cluster_0_1_mixed	370	P	141.0
747_E	0.0	6.590990059880134e-05	cluster_0_1_mixed	747	E	412.0
562_L	0.0	6.588722302383374e-05	cluster_0_1_mixed	562	L	247.0
443_K	0.0	6.586334320076435e-05	cluster_0_1_mixed	443	K	190.0
189_R	0.0	6.580170738785755e-05	cluster_0_1_mixed	189	R	16.0
874_S	0.0	6.57893899911467e-05	cluster_0_1_mixed	874	S	483.0
798_A	0.0	6.577102099031049e-05	cluster_0_1_mixed	798	A	432.0
388_G	0.0	6.571127438355563e-05	cluster_0_1_mixed	388	G	153.0
588_I	0.0	6.570329635939879e-05	cluster_0_1_mixed	588	I	272.0
487_P	0.0	6.570312065101288e-05	cluster_0_1_mixed	487	P	221.0
436_K	0.0	6.569358080965395e-05	cluster_0_1_mixed	436	K	189.0
517_G	0.0	6.564717132029079e-05	cluster_0_1_mixed	517	G	223.0
551_G	0.0	6.559352245006637e-05	cluster_0_1_mixed	551	G	242.0
918_V	0.0	6.559289603775553e-05	cluster_0_1_mixed	918	V	502.0
488_T	0.0	6.55833378510754e-05	cluster_0_1_mixed	488	T	221.0
480_T	0.0	6.556895499349092e-05	cluster_0_1_mixed	480	T	221.0
860_L	0.0	6.556840707587977e-05	cluster_0_1_mixed	860	L	475.0
527_S	0.0	6.552278947493493e-05	cluster_0_1_mixed	527	S	226.0
549_D	0.0	6.548663828010877e-05	cluster_0_1_mixed	549	D	242.0
776_M	0.0	6.546861719546882e-05	cluster_0_1_mixed	776	M	422.0
537_K	0.0	6.545045601057987e-05	cluster_0_1_mixed	537	K	231.0
818_C	0.0	6.541312891949166e-05	cluster_0_1_mixed	818	C	445.0
482_T	0.0	6.537927523544263e-05	cluster_0_1_mixed	482	T	221.0
569_V	0.0	6.53751574793633e-05	cluster_0_1_mixed	569	V	254.0
183_N	0.0	6.535579002669486e-05	cluster_0_1_mixed	183	N	12.0
928_T	0.0	6.523541161575002e-05	cluster_0_1_mixed	928	T	511.0
667_D	0.0	6.523428665454703e-05	cluster_0_1_mixed	667	D	339.0
546_I	0.0	6.520354940020166e-05	cluster_0_1_mixed	546	I	240.0
514_G	0.0	6.518940050137912e-05	cluster_0_1_mixed	514	G	221.0
340_E	0.0	6.495854133665097e-05	cluster_0_1_mixed	340	E	129.0
445_D	0.0	6.495476704936031e-05	cluster_0_1_mixed	445	D	191.0
564_Y	0.0	6.494077232176543e-05	cluster_0_1_mixed	564	Y	249.0
544_V	0.0	6.493151721729466e-05	cluster_0_1_mixed	544	V	238.0
558_L	0.0	6.486298814844452e-05	cluster_0_1_mixed	558	L	245.0
738_L	0.0	6.485997536824985e-05	cluster_0_1_mixed	738	L	403.0
531_T	0.0	6.485609338473295e-05	cluster_0_1_mixed	531	T	230.0
483_I	0.0	6.483355372783155e-05	cluster_0_1_mixed	483	I	221.0
489_S	0.0	6.47672322135218e-05	cluster_0_1_mixed	489	S	221.0
872_S	0.0	6.475779149745852e-05	cluster_0_1_mixed	872	S	481.0
480_S	0.0	6.470336051335338e-05	cluster_0_1_mixed	480	S	221.0
580_L	0.0	6.467397199466609e-05	cluster_0_1_mixed	580	L	264.0
537_A	0.0	6.466777591108858e-05	cluster_0_1_mixed	537	A	231.0
558_P	0.0	6.4642345003514e-05	cluster_0_1_mixed	558	P	245.0
558_V	0.0	6.462464415214929e-05	cluster_0_1_mixed	558	V	245.0
868_Y	0.0	6.46222853335272e-05	cluster_0_1_mixed	868	Y	477.0
423_S	0.0	6.457600339587648e-05	cluster_0_1_mixed	423	S	180.0
579_A	0.0	6.457024726135855e-05	cluster_0_1_mixed	579	A	263.0
434_G	0.0	6.456495763945253e-05	cluster_0_1_mixed	434	G	187.0
488_F	0.0	6.447766663118832e-05	cluster_0_1_mixed	488	F	221.0
650_E	0.0	6.440926126853839e-05	cluster_0_1_mixed	650	E	332.0
794_A	0.0	6.435181917045985e-05	cluster_0_1_mixed	794	A	429.0
808_W	0.0	6.433729385069233e-05	cluster_0_1_mixed	808	W	438.0
493_G	0.0	6.430402265216725e-05	cluster_0_1_mixed	493	G	221.0
557_E	0.0	6.427403508704829e-05	cluster_0_1_mixed	557	E	245.0
871_P	0.0	6.422570841007511e-05	cluster_0_1_mixed	871	P	480.0
696_V	0.0	6.419702926286762e-05	cluster_0_1_mixed	696	V	361.0
577_L	0.0	6.410519137119481e-05	cluster_0_1_mixed	577	L	261.0
528_F	0.0	6.405288732632832e-05	cluster_0_1_mixed	528	F	227.0
703_A	0.0	6.40411204761295e-05	cluster_0_1_mixed	703	A	368.0
899_E	0.0	6.397583953903738e-05	cluster_0_1_mixed	899	E	496.0
181_S	0.0	6.391056019368382e-05	cluster_0_1_mixed	181	S	10.0
338_K	0.0	6.390638157610826e-05	cluster_0_1_mixed	338	K	127.0
778_P	0.0	6.378047067434148e-05	cluster_0_1_mixed	778	P	422.0
279_H	0.0	6.373687766235919e-05	cluster_0_1_mixed	279	H	90.0
661_A	0.0	6.367514990036384e-05	cluster_0_1_mixed	661	A	339.0
533_A	0.0	6.362027025503632e-05	cluster_0_1_mixed	533	A	231.0
671_I	0.0	6.361855998674018e-05	cluster_0_1_mixed	671	I	340.0
548_A	0.0	6.359662101466415e-05	cluster_0_1_mixed	548	A	242.0
711_V	0.0	6.355478203391632e-05	cluster_0_1_mixed	711	V	376.0
859_D	0.0	6.354258403281385e-05	cluster_0_1_mixed	859	D	474.0
856_A	0.0	6.354008684469119e-05	cluster_0_1_mixed	856	A	471.0
701_A	0.0	6.349032341527407e-05	cluster_0_1_mixed	701	A	366.0
523_S	0.0	6.348100979183177e-05	cluster_0_1_mixed	523	S	223.0
562_D	0.0	6.347320161929349e-05	cluster_0_1_mixed	562	D	247.0
561_T	0.0	6.344087902893624e-05	cluster_0_1_mixed	561	T	246.0
543_A	0.0	6.343674839764998e-05	cluster_0_1_mixed	543	A	237.0
372_V	0.0	6.34029272690764e-05	cluster_0_1_mixed	372	V	141.0
774_H	0.0	6.336471506988422e-05	cluster_0_1_mixed	774	H	421.0
629_E	0.0	6.330964781670105e-05	cluster_0_1_mixed	629	E	311.0
324_S	0.0	6.328270932390783e-05	cluster_0_1_mixed	324	S	114.0
832_T	0.0	6.32062290091994e-05	cluster_0_1_mixed	832	T	454.0
485_P	0.0	6.316661920714568e-05	cluster_0_1_mixed	485	P	221.0
440_Q	0.0	6.316600133661455e-05	cluster_0_1_mixed	440	Q	190.0
347_F	0.0	6.313943987698121e-05	cluster_0_1_mixed	347	F	130.0
186_Q	0.0	6.31359851937223e-05	cluster_0_1_mixed	186	Q	14.0
556_T	0.0	6.30880699561022e-05	cluster_0_1_mixed	556	T	244.0
816_H	0.0	6.308711337228114e-05	cluster_0_1_mixed	816	H	443.0
413_A	0.0	6.306821034171663e-05	cluster_0_1_mixed	413	A	172.0
214_N	0.0	6.306755667062557e-05	cluster_0_1_mixed	214	N	40.0
249_V	0.0	6.302885525364839e-05	cluster_0_1_mixed	249	V	67.0
177_A	0.0	6.299926332678748e-05	cluster_0_1_mixed	177	A	6.0
428_S	0.0	6.294672323770847e-05	cluster_0_1_mixed	428	S	183.0
893_F	0.0	6.292893811963362e-05	cluster_0_1_mixed	893	F	496.0
562_S	0.0	6.292225488062398e-05	cluster_0_1_mixed	562	S	247.0
344_S	0.0	6.282062959092797e-05	cluster_0_1_mixed	344	S	130.0
654_V	0.0	6.281505549733557e-05	cluster_0_1_mixed	654	V	336.0
695_D	0.0	6.278202238613245e-05	cluster_0_1_mixed	695	D	360.0
371_Q	0.0	6.256027170347173e-05	cluster_0_1_mixed	371	Q	141.0
247_S	0.0	6.25302462117683e-05	cluster_0_1_mixed	247	S	65.0
322_V	0.0	6.247218241001447e-05	cluster_0_1_mixed	322	V	112.0
652_V	0.0	6.241774780835775e-05	cluster_0_1_mixed	652	V	334.0
246_A	0.0	6.23121933465381e-05	cluster_0_1_mixed	246	A	64.0
199_A	0.0	6.228392066768307e-05	cluster_0_1_mixed	199	A	26.0
551_A	0.0	6.227325375397392e-05	cluster_0_1_mixed	551	A	242.0
832_P	0.0	6.218735676005064e-05	cluster_0_1_mixed	832	P	454.0
716_G	0.0	6.217945296043827e-05	cluster_0_1_mixed	716	G	381.0
790_K	0.0	6.214723299008136e-05	cluster_0_1_mixed	790	K	428.0
666_A	0.0	6.211069626943254e-05	cluster_0_1_mixed	666	A	339.0
179_S	0.0	6.208653823373342e-05	cluster_0_1_mixed	179	S	8.0
401_T	0.0	6.207811434012635e-05	cluster_0_1_mixed	401	T	160.0
545_L	0.0	6.207382625592731e-05	cluster_0_1_mixed	545	L	239.0
732_G	0.0	6.20658577782943e-05	cluster_0_1_mixed	732	G	397.0
424_Y	0.0	6.199532662207988e-05	cluster_0_1_mixed	424	Y	180.0
360_F	0.0	6.199323147888156e-05	cluster_0_1_mixed	360	F	134.0
358_I	0.0	6.199201280538754e-05	cluster_0_1_mixed	358	I	134.0
690_Q	0.0	6.198194975153516e-05	cluster_0_1_mixed	690	Q	357.0
417_A	0.0	6.18855153323878e-05	cluster_0_1_mixed	417	A	176.0
544_P	0.0	6.187109303150636e-05	cluster_0_1_mixed	544	P	238.0
898_G	0.0	6.1821923303102e-05	cluster_0_1_mixed	898	G	496.0
202_P	0.0	6.179244923159472e-05	cluster_0_1_mixed	202	P	29.0
330_E	0.0	6.179160428091657e-05	cluster_0_1_mixed	330	E	119.0
523_P	0.0	6.179092015657999e-05	cluster_0_1_mixed	523	P	223.0
476_R	0.0	6.170481873598065e-05	cluster_0_1_mixed	476	R	219.0
552_E	0.0	6.163021883455081e-05	cluster_0_1_mixed	552	E	242.0
553_N	0.0	6.160463366210151e-05	cluster_0_1_mixed	553	N	242.0
669_Q	0.0	6.158731471387464e-05	cluster_0_1_mixed	669	Q	340.0
477_N	0.0	6.158467495347634e-05	cluster_0_1_mixed	477	N	220.0
769_T	0.0	6.150678124190594e-05	cluster_0_1_mixed	769	T	416.0
224_M	0.0	6.149088644793164e-05	cluster_0_1_mixed	224	M	50.0
810_N	0.0	6.147913808667805e-05	cluster_0_1_mixed	810	N	438.0
494_L	0.0	6.142063980708835e-05	cluster_0_1_mixed	494	L	221.0
526_T	0.0	6.139448308281499e-05	cluster_0_1_mixed	526	T	225.0
487_S	0.0	6.138405578392412e-05	cluster_0_1_mixed	487	S	221.0
780_S	0.0	6.138245113664494e-05	cluster_0_1_mixed	780	S	424.0
410_P	0.0	6.137474759010224e-05	cluster_0_1_mixed	410	P	169.0
408_I	0.0	6.137154081019247e-05	cluster_0_1_mixed	408	I	167.0
566_V	0.0	6.136353172105079e-05	cluster_0_1_mixed	566	V	251.0
676_L	0.0	6.13219808851557e-05	cluster_0_1_mixed	676	L	345.0
178_N	0.0	6.132049059585512e-05	cluster_0_1_mixed	178	N	7.0
655_S	0.0	6.131751679031183e-05	cluster_0_1_mixed	655	S	337.0
526_S	0.0	6.127683687527515e-05	cluster_0_1_mixed	526	S	225.0
571_S	0.0	6.12291271471599e-05	cluster_0_1_mixed	571	S	255.0
521_K	0.0	6.122544581420815e-05	cluster_0_1_mixed	521	K	223.0
333_G	0.0	6.122254298659849e-05	cluster_0_1_mixed	333	G	122.0
479_I	0.0	6.12137427646927e-05	cluster_0_1_mixed	479	I	221.0
524_L	0.0	6.117646763622361e-05	cluster_0_1_mixed	524	L	223.0
581_F	0.0	6.106704664139297e-05	cluster_0_1_mixed	581	F	265.0
529_A	0.0	6.103073305805663e-05	cluster_0_1_mixed	529	A	228.0
437_L	0.0	6.099003523470998e-05	cluster_0_1_mixed	437	L	190.0
263_V	0.0	6.0968386949652885e-05	cluster_0_1_mixed	263	V	81.0
437_T	0.0	6.0965884315354e-05	cluster_0_1_mixed	437	T	190.0
368_S	0.0	6.090582125865471e-05	cluster_0_1_mixed	368	S	139.0
689_L	0.0	6.0905262653044835e-05	cluster_0_1_mixed	689	L	357.0
549_P	0.0	6.0896636629737454e-05	cluster_0_1_mixed	549	P	242.0
338_N	0.0	6.088243674571056e-05	cluster_0_1_mixed	338	N	127.0
490_F	0.0	6.086677644613505e-05	cluster_0_1_mixed	490	F	221.0
548_K	0.0	6.078459189703519e-05	cluster_0_1_mixed	548	K	242.0
444_I	0.0	6.0739187827553345e-05	cluster_0_1_mixed	444	I	190.0
782_V	0.0	6.072383213371382e-05	cluster_0_1_mixed	782	V	426.0
475_Q	0.0	6.0720894138425174e-05	cluster_0_1_mixed	475	Q	218.0
620_T	0.0	6.071467409624313e-05	cluster_0_1_mixed	620	T	303.0
188_Q	0.0	6.071174636460267e-05	cluster_0_1_mixed	188	Q	15.0
435_G	0.0	6.066398959834185e-05	cluster_0_1_mixed	435	G	188.0
556_Q	0.0	6.058035486020295e-05	cluster_0_1_mixed	556	Q	244.0
522_Y	0.0	6.057807250132907e-05	cluster_0_1_mixed	522	Y	223.0
430_T	0.0	6.055752315438651e-05	cluster_0_1_mixed	430	T	183.0
533_L	0.0	6.044686116906892e-05	cluster_0_1_mixed	533	L	231.0
574_D	0.0	6.0407489556148833e-05	cluster_0_1_mixed	574	D	258.0
219_I	0.0	6.034590558053818e-05	cluster_0_1_mixed	219	I	45.0
534_V	0.0	6.028583342343594e-05	cluster_0_1_mixed	534	V	231.0
893_Q	0.0	6.0246922613955034e-05	cluster_0_1_mixed	893	Q	496.0
532_S	0.0	6.019699604859554e-05	cluster_0_1_mixed	532	S	231.0
728_T	0.0	6.014882131548203e-05	cluster_0_1_mixed	728	T	393.0
807_A	0.0	6.010958095670043e-05	cluster_0_1_mixed	807	A	438.0
877_I	0.0	6.000308175097703e-05	cluster_0_1_mixed	877	I	486.0
618_S	0.0	5.993434674562669e-05	cluster_0_1_mixed	618	S	301.0
533_P	0.0	5.9885159934055034e-05	cluster_0_1_mixed	533	P	231.0
547_D	0.0	5.9788582736299425e-05	cluster_0_1_mixed	547	D	241.0
523_T	0.0	5.978249268291856e-05	cluster_0_1_mixed	523	T	223.0
813_L	0.0	5.976035136854081e-05	cluster_0_1_mixed	813	L	440.0
867_N	0.0	5.975085394873592e-05	cluster_0_1_mixed	867	N	476.0
554_M	0.0	5.97265059166009e-05	cluster_0_1_mixed	554	M	242.0
549_N	0.0	5.9713808921536616e-05	cluster_0_1_mixed	549	N	242.0
193_G	0.0	5.971286111162175e-05	cluster_0_1_mixed	193	G	20.0
492_N	0.0	5.9689829662921254e-05	cluster_0_1_mixed	492	N	221.0
572_L	0.0	5.9669543489249896e-05	cluster_0_1_mixed	572	L	256.0
397_I	0.0	5.965988174778508e-05	cluster_0_1_mixed	397	I	156.0
773_W	0.0	5.963964173804277e-05	cluster_0_1_mixed	773	W	420.0
434_S	0.0	5.959067468084104e-05	cluster_0_1_mixed	434	S	187.0
522_G	0.0	5.9572542446599586e-05	cluster_0_1_mixed	522	G	223.0
387_H	0.0	5.9536294002276965e-05	cluster_0_1_mixed	387	H	152.0
540_Q	0.0	5.9494507738078615e-05	cluster_0_1_mixed	540	Q	234.0
336_N	0.0	5.948892048519112e-05	cluster_0_1_mixed	336	N	125.0
576_L	0.0	5.943561902606542e-05	cluster_0_1_mixed	576	L	260.0
559_N	0.0	5.9402888513232056e-05	cluster_0_1_mixed	559	N	245.0
343_A	0.0	5.9385635891153035e-05	cluster_0_1_mixed	343	A	130.0
369_G	0.0	5.932757871001728e-05	cluster_0_1_mixed	369	G	140.0
518_V	0.0	5.92701978695359e-05	cluster_0_1_mixed	518	V	223.0
422_P	0.0	5.925892177082366e-05	cluster_0_1_mixed	422	P	180.0
380_L	0.0	5.924820627190523e-05	cluster_0_1_mixed	380	L	145.0
373_P	0.0	5.923777688327093e-05	cluster_0_1_mixed	373	P	141.0
532_R	0.0	5.918587749573405e-05	cluster_0_1_mixed	532	R	231.0
265_S	0.0	5.916027764074423e-05	cluster_0_1_mixed	265	S	83.0
675_E	0.0	5.915997826526369e-05	cluster_0_1_mixed	675	E	344.0
578_E	0.0	5.912803741935277e-05	cluster_0_1_mixed	578	E	262.0
550_N	0.0	5.9115375978766816e-05	cluster_0_1_mixed	550	N	242.0
884_V	0.0	5.91134212855572e-05	cluster_0_1_mixed	884	V	493.0
792_G	0.0	5.908009204531682e-05	cluster_0_1_mixed	792	G	428.0
923_S	0.0	5.9065045778455385e-05	cluster_0_1_mixed	923	S	506.0
245_L	0.0	5.904308106993548e-05	cluster_0_1_mixed	245	L	64.0
542_A	0.0	5.896057269223693e-05	cluster_0_1_mixed	542	A	236.0
247_T	0.0	5.893622795493395e-05	cluster_0_1_mixed	247	T	65.0
804_K	0.0	5.892676626346158e-05	cluster_0_1_mixed	804	K	438.0
302_H	0.0	5.890335782037756e-05	cluster_0_1_mixed	302	H	102.0
324_N	0.0	5.8887555639719125e-05	cluster_0_1_mixed	324	N	114.0
404_K	0.0	5.887556068462128e-05	cluster_0_1_mixed	404	K	163.0
824_L	0.0	5.886357989326141e-05	cluster_0_1_mixed	824	L	451.0
586_A	0.0	5.8826592413040555e-05	cluster_0_1_mixed	586	A	270.0
192_V	0.0	5.877018344144218e-05	cluster_0_1_mixed	192	V	19.0
667_P	0.0	5.869918709287694e-05	cluster_0_1_mixed	667	P	339.0
563_P	0.0	5.86731516830545e-05	cluster_0_1_mixed	563	P	248.0
372_T	0.0	5.8658101189786307e-05	cluster_0_1_mixed	372	T	141.0
683_S	0.0	5.864445640824486e-05	cluster_0_1_mixed	683	S	352.0
427_E	0.0	5.860808618842969e-05	cluster_0_1_mixed	427	E	183.0
631_D	0.0	5.85640285285698e-05	cluster_0_1_mixed	631	D	313.0
486_V	0.0	5.851854079752166e-05	cluster_0_1_mixed	486	V	221.0
516_S	0.0	5.851111657188036e-05	cluster_0_1_mixed	516	S	222.0
859_N	0.0	5.839113694080842e-05	cluster_0_1_mixed	859	N	474.0
381_P	0.0	5.838134287185505e-05	cluster_0_1_mixed	381	P	146.0
534_T	0.0	5.834944479144648e-05	cluster_0_1_mixed	534	T	231.0
324_K	0.0	5.833607515071799e-05	cluster_0_1_mixed	324	K	114.0
240_I	0.0	5.832923928676784e-05	cluster_0_1_mixed	240	I	59.0
569_L	0.0	5.830762139727297e-05	cluster_0_1_mixed	569	L	254.0
528_M	0.0	5.83057814166327e-05	cluster_0_1_mixed	528	M	227.0
530_L	0.0	5.830018207777574e-05	cluster_0_1_mixed	530	L	229.0
924_R	0.0	5.8292866984104e-05	cluster_0_1_mixed	924	R	507.0
738_K	0.0	5.82488004209316e-05	cluster_0_1_mixed	738	K	403.0
473_M	0.0	5.814589698506839e-05	cluster_0_1_mixed	473	M	216.0
413_Y	0.0	5.813484575152332e-05	cluster_0_1_mixed	413	Y	172.0
818_A	0.0	5.813055131252398e-05	cluster_0_1_mixed	818	A	445.0
625_W	0.0	5.8039128234325134e-05	cluster_0_1_mixed	625	W	308.0
261_Q	0.0	5.802891761989718e-05	cluster_0_1_mixed	261	Q	79.0
884_D	0.0	5.802578534629661e-05	cluster_0_1_mixed	884	D	493.0
599_T	0.0	5.801350961355707e-05	cluster_0_1_mixed	599	T	282.0
557_L	0.0	5.799262701878002e-05	cluster_0_1_mixed	557	L	245.0
553_K	0.0	5.794798936757936e-05	cluster_0_1_mixed	553	K	242.0
534_R	0.0	5.790457737502347e-05	cluster_0_1_mixed	534	R	231.0
441_T	0.0	5.7890686563419536e-05	cluster_0_1_mixed	441	T	190.0
385_V	0.0	5.784159675891835e-05	cluster_0_1_mixed	385	V	150.0
880_R	0.0	5.778766009268575e-05	cluster_0_1_mixed	880	R	489.0
534_K	0.0	5.778753948976611e-05	cluster_0_1_mixed	534	K	231.0
624_Y	0.0	5.7782599215829343e-05	cluster_0_1_mixed	624	Y	307.0
318_L	0.0	5.777962340601776e-05	cluster_0_1_mixed	318	L	108.0
188_N	0.0	5.768143232715649e-05	cluster_0_1_mixed	188	N	15.0
490_N	0.0	5.76734058445908e-05	cluster_0_1_mixed	490	N	221.0
618_N	0.0	5.758826681454797e-05	cluster_0_1_mixed	618	N	301.0
178_P	0.0	5.754296614512403e-05	cluster_0_1_mixed	178	P	7.0
339_T	0.0	5.7530743493000394e-05	cluster_0_1_mixed	339	T	128.0
837_V	0.0	5.7500182245168285e-05	cluster_0_1_mixed	837	V	458.0
547_L	0.0	5.747517675130277e-05	cluster_0_1_mixed	547	L	241.0
423_N	0.0	5.743208391333184e-05	cluster_0_1_mixed	423	N	180.0
647_A	0.0	5.740155651375969e-05	cluster_0_1_mixed	647	A	329.0
474_I	0.0	5.739954233120813e-05	cluster_0_1_mixed	474	I	217.0
572_P	0.0	5.735836238751349e-05	cluster_0_1_mixed	572	P	256.0
243_E	0.0	5.733676766651608e-05	cluster_0_1_mixed	243	E	62.0
719_D	0.0	5.730204259315772e-05	cluster_0_1_mixed	719	D	384.0
638_A	0.0	5.729709053933332e-05	cluster_0_1_mixed	638	A	320.0
560_Q	0.0	5.7253797004600306e-05	cluster_0_1_mixed	560	Q	245.0
559_K	0.0	5.722766819788051e-05	cluster_0_1_mixed	559	K	245.0
834_H	0.0	5.720906993941285e-05	cluster_0_1_mixed	834	H	455.0
542_D	0.0	5.7206046654426735e-05	cluster_0_1_mixed	542	D	236.0
492_S	0.0	5.719048256245792e-05	cluster_0_1_mixed	492	S	221.0
904_L	0.0	5.718231267201153e-05	cluster_0_1_mixed	904	L	496.0
561_Y	0.0	5.717856496324446e-05	cluster_0_1_mixed	561	Y	246.0
530_N	0.0	5.7169665665151846e-05	cluster_0_1_mixed	530	N	229.0
560_A	0.0	5.716484490017507e-05	cluster_0_1_mixed	560	A	245.0
890_L	0.0	5.715831268902802e-05	cluster_0_1_mixed	890	L	496.0
809_I	0.0	5.7149114907736854e-05	cluster_0_1_mixed	809	I	438.0
475_E	0.0	5.7140213029217366e-05	cluster_0_1_mixed	475	E	218.0
569_K	0.0	5.7098239446950326e-05	cluster_0_1_mixed	569	K	254.0
912_L	0.0	5.7094295101316985e-05	cluster_0_1_mixed	912	L	499.0
898_P	0.0	5.705997623598603e-05	cluster_0_1_mixed	898	P	496.0
386_K	0.0	5.705587303220592e-05	cluster_0_1_mixed	386	K	151.0
178_T	0.0	5.705059977437351e-05	cluster_0_1_mixed	178	T	7.0
526_G	0.0	5.703047755488675e-05	cluster_0_1_mixed	526	G	225.0
560_H	0.0	5.697344614060671e-05	cluster_0_1_mixed	560	H	245.0
882_I	0.0	5.696860139647348e-05	cluster_0_1_mixed	882	I	491.0
491_G	0.0	5.6960690374139255e-05	cluster_0_1_mixed	491	G	221.0
543_V	0.0	5.6944271324761665e-05	cluster_0_1_mixed	543	V	237.0
521_P	0.0	5.689769575657158e-05	cluster_0_1_mixed	521	P	223.0
564_L	0.0	5.6890370649045506e-05	cluster_0_1_mixed	564	L	249.0
409_T	0.0	5.68597733596817e-05	cluster_0_1_mixed	409	T	168.0
773_M	0.0	5.6847443634235386e-05	cluster_0_1_mixed	773	M	420.0
652_Q	0.0	5.684521158527018e-05	cluster_0_1_mixed	652	Q	334.0
696_F	0.0	5.682931089741341e-05	cluster_0_1_mixed	696	F	361.0
645_E	0.0	5.682182976414708e-05	cluster_0_1_mixed	645	E	327.0
180_S	0.0	5.6796995554522565e-05	cluster_0_1_mixed	180	S	9.0
556_E	0.0	5.674575066503681e-05	cluster_0_1_mixed	556	E	244.0
717_P	0.0	5.671650904949157e-05	cluster_0_1_mixed	717	P	382.0
186_L	0.0	5.669713982403152e-05	cluster_0_1_mixed	186	L	14.0
646_V	0.0	5.668963659494657e-05	cluster_0_1_mixed	646	V	328.0
564_N	0.0	5.665507927050999e-05	cluster_0_1_mixed	564	N	249.0
551_L	0.0	5.663664715928192e-05	cluster_0_1_mixed	551	L	242.0
249_S	0.0	5.663537871067183e-05	cluster_0_1_mixed	249	S	67.0
858_G	0.0	5.6615015661921866e-05	cluster_0_1_mixed	858	G	473.0
781_E	0.0	5.658264009508941e-05	cluster_0_1_mixed	781	E	425.0
432_H	0.0	5.651293603090377e-05	cluster_0_1_mixed	432	H	185.0
545_N	0.0	5.648939058140725e-05	cluster_0_1_mixed	545	N	239.0
542_N	0.0	5.64454683160479e-05	cluster_0_1_mixed	542	N	236.0
556_P	0.0	5.6391922391514835e-05	cluster_0_1_mixed	556	P	244.0
543_L	0.0	5.6375193176933205e-05	cluster_0_1_mixed	543	L	237.0
545_M	0.0	5.625786401331255e-05	cluster_0_1_mixed	545	M	239.0
836_S	0.0	5.6252869384934326e-05	cluster_0_1_mixed	836	S	457.0
459_T	0.0	5.625210221454291e-05	cluster_0_1_mixed	459	T	205.0
855_A	0.0	5.622199337900126e-05	cluster_0_1_mixed	855	A	470.0
708_M	0.0	5.6199878002165325e-05	cluster_0_1_mixed	708	M	373.0
218_F	0.0	5.618835146086143e-05	cluster_0_1_mixed	218	F	44.0
185_A	0.0	5.615478947252609e-05	cluster_0_1_mixed	185	A	14.0
791_P	0.0	5.6152465016664566e-05	cluster_0_1_mixed	791	P	428.0
580_H	0.0	5.615189195162915e-05	cluster_0_1_mixed	580	H	264.0
532_Y	0.0	5.609163123232971e-05	cluster_0_1_mixed	532	Y	231.0
473_Y	0.0	5.607628795244181e-05	cluster_0_1_mixed	473	Y	216.0
672_D	0.0	5.607355876069926e-05	cluster_0_1_mixed	672	D	341.0
658_P	0.0	5.606122168496112e-05	cluster_0_1_mixed	658	P	339.0
789_A	0.0	5.6012110828055085e-05	cluster_0_1_mixed	789	A	427.0
819_V	0.0	5.600487439040819e-05	cluster_0_1_mixed	819	V	446.0
571_V	0.0	5.597760662832999e-05	cluster_0_1_mixed	571	V	255.0
517_D	0.0	5.597628517662316e-05	cluster_0_1_mixed	517	D	223.0
254_Q	0.0	5.591131909977981e-05	cluster_0_1_mixed	254	Q	72.0
790_G	0.0	5.588225238151535e-05	cluster_0_1_mixed	790	G	428.0
330_I	0.0	5.585075979545745e-05	cluster_0_1_mixed	330	I	119.0
538_I	0.0	5.5836672344191774e-05	cluster_0_1_mixed	538	I	232.0
339_G	0.0	5.575869956879601e-05	cluster_0_1_mixed	339	G	128.0
784_T	0.0	5.5725330164120225e-05	cluster_0_1_mixed	784	T	426.0
399_L	0.0	5.5711981279665735e-05	cluster_0_1_mixed	399	L	158.0
812_M	0.0	5.558675259309246e-05	cluster_0_1_mixed	812	M	439.0
649_M	0.0	5.558015505755014e-05	cluster_0_1_mixed	649	M	331.0
516_L	0.0	5.552854203574896e-05	cluster_0_1_mixed	516	L	222.0
569_E	0.0	5.5521630747280224e-05	cluster_0_1_mixed	569	E	254.0
240_V	0.0	5.551035786247855e-05	cluster_0_1_mixed	240	V	59.0
554_I	0.0	5.55008644876576e-05	cluster_0_1_mixed	554	I	242.0
516_H	0.0	5.549543589413657e-05	cluster_0_1_mixed	516	H	222.0
792_K	0.0	5.545123682116599e-05	cluster_0_1_mixed	792	K	428.0
452_Y	0.0	5.534996863917522e-05	cluster_0_1_mixed	452	Y	198.0
875_G	0.0	5.5346685781490055e-05	cluster_0_1_mixed	875	G	484.0
422_N	0.0	5.533926618795984e-05	cluster_0_1_mixed	422	N	180.0
438_E	0.0	5.533102491165339e-05	cluster_0_1_mixed	438	E	190.0
699_H	0.0	5.532288872897932e-05	cluster_0_1_mixed	699	H	364.0
770_D	0.0	5.53158426412843e-05	cluster_0_1_mixed	770	D	417.0
703_Q	0.0	5.530684126287036e-05	cluster_0_1_mixed	703	Q	368.0
541_I	0.0	5.526345217994263e-05	cluster_0_1_mixed	541	I	235.0
555_L	0.0	5.526097886127037e-05	cluster_0_1_mixed	555	L	243.0
564_Q	0.0	5.523775061964519e-05	cluster_0_1_mixed	564	Q	249.0
552_R	0.0	5.521658520887641e-05	cluster_0_1_mixed	552	R	242.0
332_V	0.0	5.519298130202199e-05	cluster_0_1_mixed	332	V	121.0
636_N	0.0	5.5189255810922354e-05	cluster_0_1_mixed	636	N	318.0
536_P	0.0	5.518262061513757e-05	cluster_0_1_mixed	536	P	231.0
433_D	0.0	5.516471236652382e-05	cluster_0_1_mixed	433	D	186.0
490_S	0.0	5.5150185233737425e-05	cluster_0_1_mixed	490	S	221.0
486_S	0.0	5.5149095152756344e-05	cluster_0_1_mixed	486	S	221.0
180_M	0.0	5.509205559576715e-05	cluster_0_1_mixed	180	M	9.0
551_Q	0.0	5.507393134951343e-05	cluster_0_1_mixed	551	Q	242.0
889_Y	0.0	5.5069238368498995e-05	cluster_0_1_mixed	889	Y	496.0
855_T	0.0	5.499925171390389e-05	cluster_0_1_mixed	855	T	470.0
851_N	0.0	5.4921661121176127e-05	cluster_0_1_mixed	851	N	467.0
197_K	0.0	5.491443635544408e-05	cluster_0_1_mixed	197	K	24.0
613_Y	0.0	5.489425215872321e-05	cluster_0_1_mixed	613	Y	296.0
189_H	0.0	5.488566405640578e-05	cluster_0_1_mixed	189	H	16.0
378_I	0.0	5.4866965337507026e-05	cluster_0_1_mixed	378	I	143.0
663_N	0.0	5.4849296664326706e-05	cluster_0_1_mixed	663	N	339.0
675_N	0.0	5.483289418571111e-05	cluster_0_1_mixed	675	N	344.0
224_A	0.0	5.482699529645213e-05	cluster_0_1_mixed	224	A	50.0
434_E	0.0	5.475972569455802e-05	cluster_0_1_mixed	434	E	187.0
932_V	0.0	5.4755574704746744e-05	cluster_0_1_mixed	932	V	515.0
536_R	0.0	5.472882526807073e-05	cluster_0_1_mixed	536	R	231.0
895_E	0.0	5.4721129147958095e-05	cluster_0_1_mixed	895	E	496.0
489_L	0.0	5.4701421264673824e-05	cluster_0_1_mixed	489	L	221.0
668_T	0.0	5.469120406617529e-05	cluster_0_1_mixed	668	T	340.0
323_E	0.0	5.468281125139557e-05	cluster_0_1_mixed	323	E	113.0
554_Q	0.0	5.466774460339159e-05	cluster_0_1_mixed	554	Q	242.0
919_W	0.0	5.4614005122893127e-05	cluster_0_1_mixed	919	W	502.0
845_L	0.0	5.459908405814778e-05	cluster_0_1_mixed	845	L	466.0
347_P	0.0	5.459615498535302e-05	cluster_0_1_mixed	347	P	130.0
695_A	0.0	5.458545208982384e-05	cluster_0_1_mixed	695	A	360.0
207_Y	0.0	5.4549112716283446e-05	cluster_0_1_mixed	207	Y	34.0
937_M	0.0	5.451306777460131e-05	cluster_0_1_mixed	937	M	520.0
918_I	0.0	5.45117242607751e-05	cluster_0_1_mixed	918	I	502.0
580_R	0.0	5.448539850454823e-05	cluster_0_1_mixed	580	R	264.0
431_D	0.0	5.4428334316930735e-05	cluster_0_1_mixed	431	D	184.0
686_H	0.0	5.4403570015138735e-05	cluster_0_1_mixed	686	H	355.0
718_M	0.0	5.433684902488826e-05	cluster_0_1_mixed	718	M	383.0
340_T	0.0	5.432078539093897e-05	cluster_0_1_mixed	340	T	129.0
299_R	0.0	5.43154162367385e-05	cluster_0_1_mixed	299	R	99.0
677_F	0.0	5.429789111132417e-05	cluster_0_1_mixed	677	F	346.0
333_S	0.0	5.429775879952605e-05	cluster_0_1_mixed	333	S	122.0
193_T	0.0	5.425157052071261e-05	cluster_0_1_mixed	193	T	20.0
673_P	0.0	5.421522451023458e-05	cluster_0_1_mixed	673	P	342.0
915_V	0.0	5.418830944815544e-05	cluster_0_1_mixed	915	V	502.0
538_Y	0.0	5.4138483810421944e-05	cluster_0_1_mixed	538	Y	232.0
910_D	0.0	5.4072036940650815e-05	cluster_0_1_mixed	910	D	497.0
857_F	0.0	5.406461872027222e-05	cluster_0_1_mixed	857	F	472.0
549_V	0.0	5.4039611724913585e-05	cluster_0_1_mixed	549	V	242.0
561_V	0.0	5.4002943211221166e-05	cluster_0_1_mixed	561	V	246.0
751_H	0.0	5.39734427194605e-05	cluster_0_1_mixed	751	H	413.0
888_P	0.0	5.394587181907241e-05	cluster_0_1_mixed	888	P	496.0
785_A	0.0	5.393871651018376e-05	cluster_0_1_mixed	785	A	427.0
338_G	0.0	5.38786830103525e-05	cluster_0_1_mixed	338	G	127.0
493_L	0.0	5.3790173973560715e-05	cluster_0_1_mixed	493	L	221.0
770_E	0.0	5.378748353204038e-05	cluster_0_1_mixed	770	E	417.0
663_D	0.0	5.377852100205011e-05	cluster_0_1_mixed	663	D	339.0
349_L	0.0	5.377333540143754e-05	cluster_0_1_mixed	349	L	131.0
797_K	0.0	5.3764604859887575e-05	cluster_0_1_mixed	797	K	431.0
901_Y	0.0	5.370982864843231e-05	cluster_0_1_mixed	901	Y	496.0
357_N	0.0	5.36719977914619e-05	cluster_0_1_mixed	357	N	134.0
534_A	0.0	5.365389506750441e-05	cluster_0_1_mixed	534	A	231.0
389_T	0.0	5.3629614766910485e-05	cluster_0_1_mixed	389	T	154.0
196_I	0.0	5.356920135249003e-05	cluster_0_1_mixed	196	I	23.0
424_V	0.0	5.351758296320429e-05	cluster_0_1_mixed	424	V	180.0
455_G	0.0	5.350171979293994e-05	cluster_0_1_mixed	455	G	201.0
397_F	0.0	5.347449142791727e-05	cluster_0_1_mixed	397	F	156.0
679_A	0.0	5.3456094384233865e-05	cluster_0_1_mixed	679	A	348.0
327_A	0.0	5.3454736742607554e-05	cluster_0_1_mixed	327	A	117.0
899_L	0.0	5.344041473904008e-05	cluster_0_1_mixed	899	L	496.0
487_L	0.0	5.343445083428916e-05	cluster_0_1_mixed	487	L	221.0
866_M	0.0	5.340797488499819e-05	cluster_0_1_mixed	866	M	475.0
676_D	0.0	5.338885741239023e-05	cluster_0_1_mixed	676	D	345.0
414_I	0.0	5.3362378201226536e-05	cluster_0_1_mixed	414	I	173.0
811_Y	0.0	5.336140609831659e-05	cluster_0_1_mixed	811	Y	438.0
522_T	0.0	5.3354919454269053e-05	cluster_0_1_mixed	522	T	223.0
791_E	0.0	5.33496523432231e-05	cluster_0_1_mixed	791	E	428.0
433_N	0.0	5.3335792640543665e-05	cluster_0_1_mixed	433	N	186.0
208_Q	0.0	5.3302807227682856e-05	cluster_0_1_mixed	208	Q	35.0
566_S	0.0	5.32848500848997e-05	cluster_0_1_mixed	566	S	251.0
547_V	0.0	5.3267120581872615e-05	cluster_0_1_mixed	547	V	241.0
337_P	0.0	5.324592813390596e-05	cluster_0_1_mixed	337	P	126.0
529_S	0.0	5.324006686846009e-05	cluster_0_1_mixed	529	S	228.0
198_M	0.0	5.323930878737671e-05	cluster_0_1_mixed	198	M	25.0
362_P	0.0	5.319062813721572e-05	cluster_0_1_mixed	362	P	136.0
354_A	0.0	5.3187592010301896e-05	cluster_0_1_mixed	354	A	134.0
531_S	0.0	5.3160975697118754e-05	cluster_0_1_mixed	531	S	230.0
370_E	0.0	5.314412091153283e-05	cluster_0_1_mixed	370	E	141.0
854_N	0.0	5.31062956738979e-05	cluster_0_1_mixed	854	N	469.0
578_L	0.0	5.309432582099083e-05	cluster_0_1_mixed	578	L	262.0
540_R	0.0	5.307907265431218e-05	cluster_0_1_mixed	540	R	234.0
562_N	0.0	5.298663845377303e-05	cluster_0_1_mixed	562	N	247.0
431_V	0.0	5.298385505093484e-05	cluster_0_1_mixed	431	V	184.0
338_V	0.0	5.2956079573387246e-05	cluster_0_1_mixed	338	V	127.0
877_T	0.0	5.294650776603683e-05	cluster_0_1_mixed	877	T	486.0
436_Y	0.0	5.293218961692899e-05	cluster_0_1_mixed	436	Y	189.0
575_L	0.0	5.29013513412994e-05	cluster_0_1_mixed	575	L	259.0
743_V	0.0	5.2877199295826304e-05	cluster_0_1_mixed	743	V	408.0
449_F	0.0	5.286899511736824e-05	cluster_0_1_mixed	449	F	195.0
256_K	0.0	5.281987907502509e-05	cluster_0_1_mixed	256	K	74.0
348_E	0.0	5.279572212382474e-05	cluster_0_1_mixed	348	E	131.0
410_G	0.0	5.279151179598504e-05	cluster_0_1_mixed	410	G	169.0
523_Y	0.0	5.279027114715876e-05	cluster_0_1_mixed	523	Y	223.0
452_L	0.0	5.267793384624866e-05	cluster_0_1_mixed	452	L	198.0
836_E	0.0	5.2656209015522296e-05	cluster_0_1_mixed	836	E	457.0
482_A	0.0	5.26452450353902e-05	cluster_0_1_mixed	482	A	221.0
177_Y	0.0	5.258993639992541e-05	cluster_0_1_mixed	177	Y	6.0
578_T	0.0	5.258437808750761e-05	cluster_0_1_mixed	578	T	262.0
577_F	0.0	5.257228739097156e-05	cluster_0_1_mixed	577	F	261.0
700_T	0.0	5.256315588184641e-05	cluster_0_1_mixed	700	T	365.0
538_E	0.0	5.252859353948724e-05	cluster_0_1_mixed	538	E	232.0
554_L	0.0	5.252447038601084e-05	cluster_0_1_mixed	554	L	242.0
376_D	0.0	5.2500006377995167e-05	cluster_0_1_mixed	376	D	141.0
414_D	0.0	5.248285496128904e-05	cluster_0_1_mixed	414	D	173.0
445_K	0.0	5.247250192220137e-05	cluster_0_1_mixed	445	K	191.0
582_A	0.0	5.2453787286681784e-05	cluster_0_1_mixed	582	A	266.0
495_V	0.0	5.244770428096264e-05	cluster_0_1_mixed	495	V	221.0
244_L	0.0	5.24025419319017e-05	cluster_0_1_mixed	244	L	63.0
804_D	0.0	5.235844403862777e-05	cluster_0_1_mixed	804	D	438.0
182_R	0.0	5.222429435368825e-05	cluster_0_1_mixed	182	R	11.0
575_S	0.0	5.2189658118385754e-05	cluster_0_1_mixed	575	S	259.0
537_R	0.0	5.218685820452087e-05	cluster_0_1_mixed	537	R	231.0
525_A	0.0	5.2141128584745554e-05	cluster_0_1_mixed	525	A	224.0
873_H	0.0	5.213783433268187e-05	cluster_0_1_mixed	873	H	482.0
421_T	0.0	5.204758430846116e-05	cluster_0_1_mixed	421	T	180.0
474_P	0.0	5.204683335140431e-05	cluster_0_1_mixed	474	P	217.0
569_T	0.0	5.204128157234612e-05	cluster_0_1_mixed	569	T	254.0
866_R	0.0	5.2025752070956066e-05	cluster_0_1_mixed	866	R	475.0
411_P	0.0	5.201539989988785e-05	cluster_0_1_mixed	411	P	170.0
684_R	0.0	5.2003802370194785e-05	cluster_0_1_mixed	684	R	353.0
638_S	0.0	5.199686359118545e-05	cluster_0_1_mixed	638	S	320.0
738_M	0.0	5.19747911708876e-05	cluster_0_1_mixed	738	M	403.0
544_F	0.0	5.190712849573885e-05	cluster_0_1_mixed	544	F	238.0
885_T	0.0	5.187575350296112e-05	cluster_0_1_mixed	885	T	494.0
680_K	0.0	5.181451657400672e-05	cluster_0_1_mixed	680	K	349.0
670_A	0.0	5.1764476018877535e-05	cluster_0_1_mixed	670	A	340.0
207_T	0.0	5.1761461931135386e-05	cluster_0_1_mixed	207	T	34.0
547_I	0.0	5.1732078630733616e-05	cluster_0_1_mixed	547	I	241.0
694_Q	0.0	5.172792937992298e-05	cluster_0_1_mixed	694	Q	359.0
860_V	0.0	5.171101011250234e-05	cluster_0_1_mixed	860	V	475.0
582_L	0.0	5.164720293050103e-05	cluster_0_1_mixed	582	L	266.0
721_F	0.0	5.163313767652955e-05	cluster_0_1_mixed	721	F	386.0
343_S	0.0	5.1617634405707624e-05	cluster_0_1_mixed	343	S	130.0
540_N	0.0	5.159892065255425e-05	cluster_0_1_mixed	540	N	234.0
668_P	0.0	5.1574014292212146e-05	cluster_0_1_mixed	668	P	340.0
546_M	0.0	5.154815522728636e-05	cluster_0_1_mixed	546	M	240.0
692_Q	0.0	5.152590179344476e-05	cluster_0_1_mixed	692	Q	357.0
780_I	0.0	5.151791492225299e-05	cluster_0_1_mixed	780	I	424.0
339_I	0.0	5.150853567212418e-05	cluster_0_1_mixed	339	I	128.0
725_A	0.0	5.1465304598504605e-05	cluster_0_1_mixed	725	A	390.0
569_S	0.0	5.1452684020580664e-05	cluster_0_1_mixed	569	S	254.0
331_D	0.0	5.132834061884304e-05	cluster_0_1_mixed	331	D	120.0
424_A	0.0	5.132253641313387e-05	cluster_0_1_mixed	424	A	180.0
557_D	0.0	5.127577671295143e-05	cluster_0_1_mixed	557	D	245.0
436_A	0.0	5.124106814424032e-05	cluster_0_1_mixed	436	A	189.0
513_D	0.0	5.1224884219195546e-05	cluster_0_1_mixed	513	D	221.0
559_L	0.0	5.1215960023655505e-05	cluster_0_1_mixed	559	L	245.0
432_Y	0.0	5.111312516902572e-05	cluster_0_1_mixed	432	Y	185.0
304_D	0.0	5.110237026583122e-05	cluster_0_1_mixed	304	D	102.0
774_K	0.0	5.10088280108303e-05	cluster_0_1_mixed	774	K	421.0
240_Y	0.0	5.0962665897580584e-05	cluster_0_1_mixed	240	Y	59.0
481_A	0.0	5.096076081628483e-05	cluster_0_1_mixed	481	A	221.0
902_F	0.0	5.093549270980013e-05	cluster_0_1_mixed	902	F	496.0
560_F	0.0	5.092974731448905e-05	cluster_0_1_mixed	560	F	245.0
484_Y	0.0	5.091625089884558e-05	cluster_0_1_mixed	484	Y	221.0
832_D	0.0	5.091395040920015e-05	cluster_0_1_mixed	832	D	454.0
222_T	0.0	5.087615068174194e-05	cluster_0_1_mixed	222	T	48.0
556_V	0.0	5.0860918486835346e-05	cluster_0_1_mixed	556	V	244.0
616_Q	0.0	5.0835421428029406e-05	cluster_0_1_mixed	616	Q	299.0
707_F	0.0	5.079665905305552e-05	cluster_0_1_mixed	707	F	372.0
768_I	0.0	5.0794592846969746e-05	cluster_0_1_mixed	768	I	415.0
226_D	0.0	5.075852565922179e-05	cluster_0_1_mixed	226	D	52.0
218_W	0.0	5.074885738891536e-05	cluster_0_1_mixed	218	W	44.0
470_M	0.0	5.074580645102274e-05	cluster_0_1_mixed	470	M	213.0
671_E	0.0	5.071198942067747e-05	cluster_0_1_mixed	671	E	340.0
834_N	0.0	5.069509002331464e-05	cluster_0_1_mixed	834	N	455.0
427_Y	0.0	5.068269256516168e-05	cluster_0_1_mixed	427	Y	183.0
561_P	0.0	5.0645046097836256e-05	cluster_0_1_mixed	561	P	246.0
176_A	0.0	5.0631610940169945e-05	cluster_0_1_mixed	176	A	5.0
671_L	0.0	5.05939680424342e-05	cluster_0_1_mixed	671	L	340.0
529_P	0.0	5.0577304294664174e-05	cluster_0_1_mixed	529	P	228.0
785_G	0.0	5.0563960045867786e-05	cluster_0_1_mixed	785	G	427.0
545_E	0.0	5.056374545534017e-05	cluster_0_1_mixed	545	E	239.0
426_E	0.0	5.054770661590512e-05	cluster_0_1_mixed	426	E	182.0
336_A	0.0	5.051503107086544e-05	cluster_0_1_mixed	336	A	125.0
637_I	0.0	5.050687453104017e-05	cluster_0_1_mixed	637	I	319.0
736_H	0.0	5.044887717808876e-05	cluster_0_1_mixed	736	H	401.0
192_S	0.0	5.0439727778483965e-05	cluster_0_1_mixed	192	S	19.0
737_H	0.0	5.0407677852320065e-05	cluster_0_1_mixed	737	H	402.0
179_N	0.0	5.040693198557239e-05	cluster_0_1_mixed	179	N	8.0
870_Q	0.0	5.0382060506963114e-05	cluster_0_1_mixed	870	Q	479.0
496_A	0.0	5.037108797530725e-05	cluster_0_1_mixed	496	A	221.0
539_F	0.0	5.035444456723613e-05	cluster_0_1_mixed	539	F	233.0
312_C	0.0	5.03456406374372e-05	cluster_0_1_mixed	312	C	102.0
892_I	0.0	5.03035396597642e-05	cluster_0_1_mixed	892	I	496.0
857_L	0.0	5.030166962017686e-05	cluster_0_1_mixed	857	L	472.0
487_R	0.0	5.027387943402664e-05	cluster_0_1_mixed	487	R	221.0
538_R	0.0	5.0244750199471455e-05	cluster_0_1_mixed	538	R	232.0
177_K	0.0	5.022428850329826e-05	cluster_0_1_mixed	177	K	6.0
687_L	0.0	5.020363202736165e-05	cluster_0_1_mixed	687	L	356.0
843_V	0.0	5.017390233323724e-05	cluster_0_1_mixed	843	V	464.0
429_P	0.0	5.017157345786386e-05	cluster_0_1_mixed	429	P	183.0
607_R	0.0	5.016773199033944e-05	cluster_0_1_mixed	607	R	290.0
519_R	0.0	5.016772235661574e-05	cluster_0_1_mixed	519	R	223.0
66_V	0.0	5.009824239343083e-05	cluster_0_1_mixed	66	V	0.0
173_V	0.0	5.009726136005487e-05	cluster_0_1_mixed	173	V	2.0
280_T	0.0	5.008090500668745e-05	cluster_0_1_mixed	280	T	91.0
858_N	0.0	5.0069389658928385e-05	cluster_0_1_mixed	858	N	473.0
484_E	0.0	5.006066498689983e-05	cluster_0_1_mixed	484	E	221.0
549_I	0.0	5.005054908460609e-05	cluster_0_1_mixed	549	I	242.0
918_C	0.0	5.005002593717732e-05	cluster_0_1_mixed	918	C	502.0
419_A	0.0	5.000029558928959e-05	cluster_0_1_mixed	419	A	178.0
856_T	0.0	4.995992753588528e-05	cluster_0_1_mixed	856	T	471.0
381_L	0.0	4.995254723967708e-05	cluster_0_1_mixed	381	L	146.0
316_L	0.0	4.991562640745132e-05	cluster_0_1_mixed	316	L	106.0
176_M	0.0	4.990954947614216e-05	cluster_0_1_mixed	176	M	5.0
177_M	0.0	4.988627161454241e-05	cluster_0_1_mixed	177	M	6.0
320_Y	0.0	4.988290728394028e-05	cluster_0_1_mixed	320	Y	110.0
538_P	0.0	4.984238000568292e-05	cluster_0_1_mixed	538	P	232.0
681_T	0.0	4.983158286032315e-05	cluster_0_1_mixed	681	T	350.0
917_K	0.0	4.981248812962897e-05	cluster_0_1_mixed	917	K	502.0
734_E	0.0	4.979633378621164e-05	cluster_0_1_mixed	734	E	399.0
367_T	0.0	4.979525308703235e-05	cluster_0_1_mixed	367	T	139.0
227_M	0.0	4.973734948138912e-05	cluster_0_1_mixed	227	M	53.0
881_N	0.0	4.970511796725544e-05	cluster_0_1_mixed	881	N	490.0
435_M	0.0	4.968127280222215e-05	cluster_0_1_mixed	435	M	188.0
640_G	0.0	4.9668344637866544e-05	cluster_0_1_mixed	640	G	322.0
448_E	0.0	4.96119287236739e-05	cluster_0_1_mixed	448	E	194.0
375_S	0.0	4.959251339134427e-05	cluster_0_1_mixed	375	S	141.0
521_G	0.0	4.9591310874643275e-05	cluster_0_1_mixed	521	G	223.0
775_T	0.0	4.958544825633822e-05	cluster_0_1_mixed	775	T	422.0
919_V	0.0	4.956678370919913e-05	cluster_0_1_mixed	919	V	502.0
572_S	0.0	4.948988604411671e-05	cluster_0_1_mixed	572	S	256.0
370_F	0.0	4.9426073772661615e-05	cluster_0_1_mixed	370	F	141.0
698_P	0.0	4.939750109857003e-05	cluster_0_1_mixed	698	P	363.0
304_A	0.0	4.9368212721936974e-05	cluster_0_1_mixed	304	A	102.0
652_A	0.0	4.934508875524336e-05	cluster_0_1_mixed	652	A	334.0
368_A	0.0	4.9339359264205025e-05	cluster_0_1_mixed	368	A	139.0
388_M	0.0	4.9327693466905384e-05	cluster_0_1_mixed	388	M	153.0
534_G	0.0	4.930778140662113e-05	cluster_0_1_mixed	534	G	231.0
835_F	0.0	4.929949793538473e-05	cluster_0_1_mixed	835	F	456.0
178_A	0.0	4.926427968280392e-05	cluster_0_1_mixed	178	A	7.0
394_G	0.0	4.9249227624634706e-05	cluster_0_1_mixed	394	G	155.0
268_T	0.0	4.924718226710605e-05	cluster_0_1_mixed	268	T	86.0
494_T	0.0	4.923061895382408e-05	cluster_0_1_mixed	494	T	221.0
187_L	0.0	4.914071636633735e-05	cluster_0_1_mixed	187	L	14.0
396_A	0.0	4.9129484948888755e-05	cluster_0_1_mixed	396	A	155.0
554_N	0.0	4.904418789539694e-05	cluster_0_1_mixed	554	N	242.0
330_R	0.0	4.9034422620891894e-05	cluster_0_1_mixed	330	R	119.0
373_I	0.0	4.901577102447468e-05	cluster_0_1_mixed	373	I	141.0
531_Q	0.0	4.899520813956949e-05	cluster_0_1_mixed	531	Q	230.0
570_P	0.0	4.897456534582738e-05	cluster_0_1_mixed	570	P	254.0
474_A	0.0	4.897349288866225e-05	cluster_0_1_mixed	474	A	217.0
714_C	0.0	4.8956547641610225e-05	cluster_0_1_mixed	714	C	379.0
519_S	0.0	4.8950109544594875e-05	cluster_0_1_mixed	519	S	223.0
630_P	0.0	4.893857310436424e-05	cluster_0_1_mixed	630	P	312.0
541_E	0.0	4.892440560652386e-05	cluster_0_1_mixed	541	E	235.0
607_Q	0.0	4.889612753246254e-05	cluster_0_1_mixed	607	Q	290.0
348_P	0.0	4.8856050083404554e-05	cluster_0_1_mixed	348	P	131.0
554_V	0.0	4.885556074409219e-05	cluster_0_1_mixed	554	V	242.0
671_N	0.0	4.880475427881335e-05	cluster_0_1_mixed	671	N	340.0
636_W	0.0	4.8804349610195566e-05	cluster_0_1_mixed	636	W	318.0
550_G	0.0	4.879369286243136e-05	cluster_0_1_mixed	550	G	242.0
646_I	0.0	4.879186443055619e-05	cluster_0_1_mixed	646	I	328.0
523_A	0.0	4.879076475924215e-05	cluster_0_1_mixed	523	A	223.0
181_P	0.0	4.873366914673201e-05	cluster_0_1_mixed	181	P	10.0
212_V	0.0	4.8699380388198895e-05	cluster_0_1_mixed	212	V	39.0
520_V	0.0	4.869699218105989e-05	cluster_0_1_mixed	520	V	223.0
872_T	0.0	4.868393868053875e-05	cluster_0_1_mixed	872	T	481.0
259_L	0.0	4.867983195487688e-05	cluster_0_1_mixed	259	L	77.0
518_R	0.0	4.864045607104187e-05	cluster_0_1_mixed	518	R	223.0
701_R	0.0	4.8597812082940664e-05	cluster_0_1_mixed	701	R	366.0
692_D	0.0	4.859592661779631e-05	cluster_0_1_mixed	692	D	357.0
534_N	0.0	4.8542248546258184e-05	cluster_0_1_mixed	534	N	231.0
588_Q	0.0	4.852756210157477e-05	cluster_0_1_mixed	588	Q	272.0
332_I	0.0	4.8525100406926805e-05	cluster_0_1_mixed	332	I	121.0
650_S	0.0	4.851123916162468e-05	cluster_0_1_mixed	650	S	332.0
784_Q	0.0	4.844616846741704e-05	cluster_0_1_mixed	784	Q	426.0
559_M	0.0	4.840420752520029e-05	cluster_0_1_mixed	559	M	245.0
539_I	0.0	4.8400669307982834e-05	cluster_0_1_mixed	539	I	233.0
589_V	0.0	4.8396207896106616e-05	cluster_0_1_mixed	589	V	272.0
538_T	0.0	4.837880934219228e-05	cluster_0_1_mixed	538	T	232.0
710_S	0.0	4.837058881962111e-05	cluster_0_1_mixed	710	S	375.0
782_N	0.0	4.831224065458588e-05	cluster_0_1_mixed	782	N	426.0
665_T	0.0	4.830832519909837e-05	cluster_0_1_mixed	665	T	339.0
374_D	0.0	4.8291612002853854e-05	cluster_0_1_mixed	374	D	141.0
701_Y	0.0	4.828217617210362e-05	cluster_0_1_mixed	701	Y	366.0
541_D	0.0	4.824070892710995e-05	cluster_0_1_mixed	541	D	235.0
567_N	0.0	4.823634262170199e-05	cluster_0_1_mixed	567	N	252.0
468_I	0.0	4.823348286690485e-05	cluster_0_1_mixed	468	I	211.0
300_N	0.0	4.820910043501783e-05	cluster_0_1_mixed	300	N	100.0
335_L	0.0	4.81998196693564e-05	cluster_0_1_mixed	335	L	124.0
561_F	0.0	4.817304728855441e-05	cluster_0_1_mixed	561	F	246.0
474_E	0.0	4.812412151809674e-05	cluster_0_1_mixed	474	E	217.0
516_M	0.0	4.808145469286432e-05	cluster_0_1_mixed	516	M	222.0
551_F	0.0	4.8052621477104215e-05	cluster_0_1_mixed	551	F	242.0
487_E	0.0	4.804668810832787e-05	cluster_0_1_mixed	487	E	221.0
677_G	0.0	4.80131596314949e-05	cluster_0_1_mixed	677	G	346.0
373_K	0.0	4.8012307896428595e-05	cluster_0_1_mixed	373	K	141.0
700_F	0.0	4.801056200746029e-05	cluster_0_1_mixed	700	F	365.0
539_V	0.0	4.79525325432209e-05	cluster_0_1_mixed	539	V	233.0
570_Y	0.0	4.794728493806118e-05	cluster_0_1_mixed	570	Y	254.0
174_V	0.0	4.789132792015506e-05	cluster_0_1_mixed	174	V	3.0
245_P	0.0	4.786487141404647e-05	cluster_0_1_mixed	245	P	64.0
180_K	0.0	4.78543657441436e-05	cluster_0_1_mixed	180	K	9.0
651_A	0.0	4.7845227952495835e-05	cluster_0_1_mixed	651	A	333.0
876_M	0.0	4.782372396070679e-05	cluster_0_1_mixed	876	M	485.0
555_M	0.0	4.781520759319803e-05	cluster_0_1_mixed	555	M	243.0
545_F	0.0	4.7812727347611755e-05	cluster_0_1_mixed	545	F	239.0
546_W	0.0	4.780674828421806e-05	cluster_0_1_mixed	546	W	240.0
465_N	0.0	4.780647951544957e-05	cluster_0_1_mixed	465	N	208.0
565_F	0.0	4.773722074357167e-05	cluster_0_1_mixed	565	F	250.0
433_L	0.0	4.770692961053869e-05	cluster_0_1_mixed	433	L	186.0
459_W	0.0	4.768712267265055e-05	cluster_0_1_mixed	459	W	205.0
582_S	0.0	4.76453730531656e-05	cluster_0_1_mixed	582	S	266.0
349_Y	0.0	4.7639116037744086e-05	cluster_0_1_mixed	349	Y	131.0
415_H	0.0	4.761801512882487e-05	cluster_0_1_mixed	415	H	174.0
396_L	0.0	4.7580906010181146e-05	cluster_0_1_mixed	396	L	155.0
883_Y	0.0	4.757827159351748e-05	cluster_0_1_mixed	883	Y	492.0
430_H	0.0	4.7544738870362935e-05	cluster_0_1_mixed	430	H	183.0
491_K	0.0	4.754144916041642e-05	cluster_0_1_mixed	491	K	221.0
918_G	0.0	4.7487751483572074e-05	cluster_0_1_mixed	918	G	502.0
791_V	0.0	4.748065075337143e-05	cluster_0_1_mixed	791	V	428.0
914_I	0.0	4.7477569901398106e-05	cluster_0_1_mixed	914	I	501.0
727_Y	0.0	4.74446499866844e-05	cluster_0_1_mixed	727	Y	392.0
184_M	0.0	4.742670132130712e-05	cluster_0_1_mixed	184	M	13.0
662_T	0.0	4.736681111980273e-05	cluster_0_1_mixed	662	T	339.0
916_W	0.0	4.73578265231794e-05	cluster_0_1_mixed	916	W	502.0
558_I	0.0	4.733534627171079e-05	cluster_0_1_mixed	558	I	245.0
542_W	0.0	4.7308904159931565e-05	cluster_0_1_mixed	542	W	236.0
650_L	0.0	4.73004941994702e-05	cluster_0_1_mixed	650	L	332.0
533_S	0.0	4.728303206539706e-05	cluster_0_1_mixed	533	S	231.0
483_V	0.0	4.7278431452587176e-05	cluster_0_1_mixed	483	V	221.0
569_D	0.0	4.727019680804556e-05	cluster_0_1_mixed	569	D	254.0
268_H	0.0	4.7249877008523794e-05	cluster_0_1_mixed	268	H	86.0
663_G	0.0	4.721815698999512e-05	cluster_0_1_mixed	663	G	339.0
477_T	0.0	4.7193131682480574e-05	cluster_0_1_mixed	477	T	220.0
314_D	0.0	4.718935360482891e-05	cluster_0_1_mixed	314	D	104.0
654_E	0.0	4.7181590352929635e-05	cluster_0_1_mixed	654	E	336.0
522_L	0.0	4.716798085827112e-05	cluster_0_1_mixed	522	L	223.0
677_V	0.0	4.713243070251963e-05	cluster_0_1_mixed	677	V	346.0
515_S	0.0	4.7110018847487625e-05	cluster_0_1_mixed	515	S	221.0
727_L	0.0	4.7066037231242855e-05	cluster_0_1_mixed	727	L	392.0
552_T	0.0	4.705756291395737e-05	cluster_0_1_mixed	552	T	242.0
850_L	0.0	4.697332106197493e-05	cluster_0_1_mixed	850	L	467.0
548_L	0.0	4.695783244257723e-05	cluster_0_1_mixed	548	L	242.0
780_C	0.0	4.690738950787283e-05	cluster_0_1_mixed	780	C	424.0
555_Y	0.0	4.682849647915298e-05	cluster_0_1_mixed	555	Y	243.0
436_V	0.0	4.68011712824022e-05	cluster_0_1_mixed	436	V	189.0
486_P	0.0	4.679510443530857e-05	cluster_0_1_mixed	486	P	221.0
676_E	0.0	4.679370265463914e-05	cluster_0_1_mixed	676	E	345.0
681_F	0.0	4.673975105360587e-05	cluster_0_1_mixed	681	F	350.0
876_F	0.0	4.673823044231578e-05	cluster_0_1_mixed	876	F	485.0
374_N	0.0	4.6712636121412296e-05	cluster_0_1_mixed	374	N	141.0
266_F	0.0	4.6660842570076335e-05	cluster_0_1_mixed	266	F	84.0
693_Q	0.0	4.665615938970969e-05	cluster_0_1_mixed	693	Q	358.0
386_A	0.0	4.662969154907686e-05	cluster_0_1_mixed	386	A	151.0
563_D	0.0	4.662008879838083e-05	cluster_0_1_mixed	563	D	248.0
936_N	0.0	4.659595013612187e-05	cluster_0_1_mixed	936	N	519.0
475_R	0.0	4.658918278489113e-05	cluster_0_1_mixed	475	R	218.0
320_G	0.0	4.6542326736398926e-05	cluster_0_1_mixed	320	G	110.0
261_P	0.0	4.6396032100094e-05	cluster_0_1_mixed	261	P	79.0
522_S	0.0	4.6393599140240006e-05	cluster_0_1_mixed	522	S	223.0
182_S	0.0	4.633816378787018e-05	cluster_0_1_mixed	182	S	11.0
215_M	0.0	4.63335570113278e-05	cluster_0_1_mixed	215	M	41.0
543_P	0.0	4.630632006133402e-05	cluster_0_1_mixed	543	P	237.0
536_Y	0.0	4.629449039455316e-05	cluster_0_1_mixed	536	Y	231.0
285_P	0.0	4.6287926972985275e-05	cluster_0_1_mixed	285	P	93.0
540_D	0.0	4.6264375807224075e-05	cluster_0_1_mixed	540	D	234.0
557_I	0.0	4.625527158214928e-05	cluster_0_1_mixed	557	I	245.0
571_Q	0.0	4.622908741243955e-05	cluster_0_1_mixed	571	Q	255.0
420_A	0.0	4.620355861644464e-05	cluster_0_1_mixed	420	A	179.0
888_K	0.0	4.61764269376509e-05	cluster_0_1_mixed	888	K	496.0
548_V	0.0	4.617612442084815e-05	cluster_0_1_mixed	548	V	242.0
415_K	0.0	4.617152443793321e-05	cluster_0_1_mixed	415	K	174.0
380_V	0.0	4.615260392965706e-05	cluster_0_1_mixed	380	V	145.0
380_A	0.0	4.6148410225559325e-05	cluster_0_1_mixed	380	A	145.0
564_K	0.0	4.614685126724637e-05	cluster_0_1_mixed	564	K	249.0
482_Q	0.0	4.61402159752538e-05	cluster_0_1_mixed	482	Q	221.0
525_F	0.0	4.611248410739199e-05	cluster_0_1_mixed	525	F	224.0
353_L	0.0	4.6103805211230296e-05	cluster_0_1_mixed	353	L	134.0
533_I	0.0	4.608290394968252e-05	cluster_0_1_mixed	533	I	231.0
850_E	0.0	4.606737527428703e-05	cluster_0_1_mixed	850	E	467.0
248_M	0.0	4.604305146578611e-05	cluster_0_1_mixed	248	M	66.0
247_V	0.0	4.598753597931289e-05	cluster_0_1_mixed	247	V	65.0
575_D	0.0	4.5978108521865294e-05	cluster_0_1_mixed	575	D	259.0
565_N	0.0	4.593188792818094e-05	cluster_0_1_mixed	565	N	250.0
351_Y	0.0	4.590163984496719e-05	cluster_0_1_mixed	351	Y	132.0
328_L	0.0	4.589565313155542e-05	cluster_0_1_mixed	328	L	118.0
914_M	0.0	4.588728149199145e-05	cluster_0_1_mixed	914	M	501.0
211_D	0.0	4.58815279509565e-05	cluster_0_1_mixed	211	D	38.0
344_G	0.0	4.586284193073459e-05	cluster_0_1_mixed	344	G	130.0
800_N	0.0	4.5848826555670315e-05	cluster_0_1_mixed	800	N	434.0
192_N	0.0	4.5846975964896947e-05	cluster_0_1_mixed	192	N	19.0
321_A	0.0	4.583100093105869e-05	cluster_0_1_mixed	321	A	111.0
549_L	0.0	4.579643867988718e-05	cluster_0_1_mixed	549	L	242.0
580_T	0.0	4.578566355433578e-05	cluster_0_1_mixed	580	T	264.0
351_E	0.0	4.578045477446736e-05	cluster_0_1_mixed	351	E	132.0
794_Q	0.0	4.573426005167222e-05	cluster_0_1_mixed	794	Q	429.0
690_A	0.0	4.562269581098283e-05	cluster_0_1_mixed	690	A	357.0
569_I	0.0	4.562065302471219e-05	cluster_0_1_mixed	569	I	254.0
572_N	0.0	4.560839174040443e-05	cluster_0_1_mixed	572	N	256.0
350_D	0.0	4.55334855885173e-05	cluster_0_1_mixed	350	D	131.0
447_M	0.0	4.552628794544744e-05	cluster_0_1_mixed	447	M	193.0
394_Y	0.0	4.53938695911844e-05	cluster_0_1_mixed	394	Y	155.0
674_P	0.0	4.5358164772789314e-05	cluster_0_1_mixed	674	P	343.0
874_A	0.0	4.535673715768414e-05	cluster_0_1_mixed	874	A	483.0
656_D	0.0	4.534852674501033e-05	cluster_0_1_mixed	656	D	338.0
324_V	0.0	4.53399538043515e-05	cluster_0_1_mixed	324	V	114.0
225_Q	0.0	4.5280540450741147e-05	cluster_0_1_mixed	225	Q	51.0
336_P	0.0	4.524250513755326e-05	cluster_0_1_mixed	336	P	125.0
644_Q	0.0	4.523252859730022e-05	cluster_0_1_mixed	644	Q	326.0
490_D	0.0	4.515128810756477e-05	cluster_0_1_mixed	490	D	221.0
400_Q	0.0	4.509903172077403e-05	cluster_0_1_mixed	400	Q	159.0
748_A	0.0	4.5072597162158696e-05	cluster_0_1_mixed	748	A	413.0
765_K	0.0	4.506170007331936e-05	cluster_0_1_mixed	765	K	413.0
139_Y	0.0	4.501556651059184e-05	cluster_0_1_mixed	139	Y	0.0
792_S	0.0	4.4984481239038455e-05	cluster_0_1_mixed	792	S	428.0
318_A	0.0	4.49696138491771e-05	cluster_0_1_mixed	318	A	108.0
532_N	0.0	4.494418679274641e-05	cluster_0_1_mixed	532	N	231.0
181_N	0.0	4.493307486431595e-05	cluster_0_1_mixed	181	N	10.0
526_D	0.0	4.4923924146550704e-05	cluster_0_1_mixed	526	D	225.0
920_H	0.0	4.485552619366703e-05	cluster_0_1_mixed	920	H	503.0
351_G	0.0	4.479686876259147e-05	cluster_0_1_mixed	351	G	132.0
548_P	0.0	4.473665680749082e-05	cluster_0_1_mixed	548	P	242.0
570_N	0.0	4.4732121634196426e-05	cluster_0_1_mixed	570	N	254.0
748_T	0.0	4.4722675493206424e-05	cluster_0_1_mixed	748	T	413.0
469_A	0.0	4.469141080888438e-05	cluster_0_1_mixed	469	A	212.0
371_I	0.0	4.4673813286601886e-05	cluster_0_1_mixed	371	I	141.0
488_W	0.0	4.464170282449409e-05	cluster_0_1_mixed	488	W	221.0
179_A	0.0	4.463087813035706e-05	cluster_0_1_mixed	179	A	8.0
866_A	0.0	4.462209751055708e-05	cluster_0_1_mixed	866	A	475.0
522_Q	0.0	4.4601346367784527e-05	cluster_0_1_mixed	522	Q	223.0
846_N	0.0	4.4541056445923245e-05	cluster_0_1_mixed	846	N	467.0
632_S	0.0	4.4531945643715376e-05	cluster_0_1_mixed	632	S	314.0
375_L	0.0	4.451816186809556e-05	cluster_0_1_mixed	375	L	141.0
348_V	0.0	4.4489593162302886e-05	cluster_0_1_mixed	348	V	131.0
546_Q	0.0	4.4466589704099155e-05	cluster_0_1_mixed	546	Q	240.0
557_H	0.0	4.4439276184234295e-05	cluster_0_1_mixed	557	H	245.0
670_I	0.0	4.4435031984949774e-05	cluster_0_1_mixed	670	I	340.0
831_K	0.0	4.4430293309273584e-05	cluster_0_1_mixed	831	K	454.0
371_S	0.0	4.441226575848384e-05	cluster_0_1_mixed	371	S	141.0
796_P	0.0	4.4410323391784106e-05	cluster_0_1_mixed	796	P	430.0
591_E	0.0	4.440416295088577e-05	cluster_0_1_mixed	591	E	274.0
383_V	0.0	4.4382255363837846e-05	cluster_0_1_mixed	383	V	148.0
656_N	0.0	4.43800181441122e-05	cluster_0_1_mixed	656	N	338.0
211_S	0.0	4.437049360547695e-05	cluster_0_1_mixed	211	S	38.0
565_V	0.0	4.436408746524873e-05	cluster_0_1_mixed	565	V	250.0
666_P	0.0	4.433107373657092e-05	cluster_0_1_mixed	666	P	339.0
520_T	0.0	4.433059081385777e-05	cluster_0_1_mixed	520	T	223.0
877_P	0.0	4.429674256556574e-05	cluster_0_1_mixed	877	P	486.0
495_A	0.0	4.4273872964976464e-05	cluster_0_1_mixed	495	A	221.0
483_S	0.0	4.426975211645281e-05	cluster_0_1_mixed	483	S	221.0
586_K	0.0	4.423072855681214e-05	cluster_0_1_mixed	586	K	270.0
369_A	0.0	4.421494378709697e-05	cluster_0_1_mixed	369	A	140.0
784_S	0.0	4.420695181927793e-05	cluster_0_1_mixed	784	S	426.0
722_S	0.0	4.41896295327329e-05	cluster_0_1_mixed	722	S	387.0
680_A	0.0	4.416989538454597e-05	cluster_0_1_mixed	680	A	349.0
789_D	0.0	4.410335484544304e-05	cluster_0_1_mixed	789	D	427.0
379_Q	0.0	4.410260641931017e-05	cluster_0_1_mixed	379	Q	144.0
692_R	0.0	4.409581404192888e-05	cluster_0_1_mixed	692	R	357.0
441_S	0.0	4.4053638283180514e-05	cluster_0_1_mixed	441	S	190.0
555_V	0.0	4.397980339643121e-05	cluster_0_1_mixed	555	V	243.0
491_D	0.0	4.396229171419796e-05	cluster_0_1_mixed	491	D	221.0
479_N	0.0	4.39609877814788e-05	cluster_0_1_mixed	479	N	221.0
821_A	0.0	4.395769764808651e-05	cluster_0_1_mixed	821	A	448.0
324_A	0.0	4.392982518517028e-05	cluster_0_1_mixed	324	A	114.0
573_F	0.0	4.388833441356409e-05	cluster_0_1_mixed	573	F	257.0
665_E	0.0	4.383143119671449e-05	cluster_0_1_mixed	665	E	339.0
647_S	0.0	4.381669911030284e-05	cluster_0_1_mixed	647	S	329.0
594_L	0.0	4.379509660055327e-05	cluster_0_1_mixed	594	L	277.0
590_N	0.0	4.378047468136787e-05	cluster_0_1_mixed	590	N	273.0
619_H	0.0	4.3774355981620014e-05	cluster_0_1_mixed	619	H	302.0
545_Q	0.0	4.376416556225782e-05	cluster_0_1_mixed	545	Q	239.0
374_K	0.0	4.372204159314183e-05	cluster_0_1_mixed	374	K	141.0
548_I	0.0	4.370079614831998e-05	cluster_0_1_mixed	548	I	242.0
547_E	0.0	4.3692009497251985e-05	cluster_0_1_mixed	547	E	241.0
535_D	0.0	4.36630268682712e-05	cluster_0_1_mixed	535	D	231.0
349_D	0.0	4.363164653347564e-05	cluster_0_1_mixed	349	D	131.0
325_M	0.0	4.362217341203433e-05	cluster_0_1_mixed	325	M	115.0
482_S	0.0	4.357133036305757e-05	cluster_0_1_mixed	482	S	221.0
377_K	0.0	4.3563279914854305e-05	cluster_0_1_mixed	377	K	142.0
558_M	0.0	4.355686156105057e-05	cluster_0_1_mixed	558	M	245.0
791_N	0.0	4.3552330177340275e-05	cluster_0_1_mixed	791	N	428.0
566_Y	0.0	4.35318851319981e-05	cluster_0_1_mixed	566	Y	251.0
782_A	0.0	4.352688845271711e-05	cluster_0_1_mixed	782	A	426.0
490_P	0.0	4.352505652199204e-05	cluster_0_1_mixed	490	P	221.0
410_S	0.0	4.352381323195938e-05	cluster_0_1_mixed	410	S	169.0
555_P	0.0	4.3486441545070475e-05	cluster_0_1_mixed	555	P	243.0
909_D	0.0	4.348042186053236e-05	cluster_0_1_mixed	909	D	496.0
335_N	0.0	4.346132785552553e-05	cluster_0_1_mixed	335	N	124.0
576_W	0.0	4.344930911463482e-05	cluster_0_1_mixed	576	W	260.0
323_P	0.0	4.338577918385588e-05	cluster_0_1_mixed	323	P	113.0
567_D	0.0	4.338147888390982e-05	cluster_0_1_mixed	567	D	252.0
327_L	0.0	4.337120155828773e-05	cluster_0_1_mixed	327	L	117.0
923_I	0.0	4.325908869828575e-05	cluster_0_1_mixed	923	I	506.0
570_V	0.0	4.325628917841159e-05	cluster_0_1_mixed	570	V	254.0
495_G	0.0	4.321436458988536e-05	cluster_0_1_mixed	495	G	221.0
341_Q	0.0	4.3179001944207546e-05	cluster_0_1_mixed	341	Q	130.0
410_Q	0.0	4.31635874859313e-05	cluster_0_1_mixed	410	Q	169.0
794_G	0.0	4.313750636130309e-05	cluster_0_1_mixed	794	G	429.0
344_P	0.0	4.313100840431996e-05	cluster_0_1_mixed	344	P	130.0
360_P	0.0	4.311070855916105e-05	cluster_0_1_mixed	360	P	134.0
315_R	0.0	4.3106780144182325e-05	cluster_0_1_mixed	315	R	105.0
713_V	0.0	4.309134326183485e-05	cluster_0_1_mixed	713	V	378.0
552_Y	0.0	4.307263906250698e-05	cluster_0_1_mixed	552	Y	242.0
483_P	0.0	4.307083614676102e-05	cluster_0_1_mixed	483	P	221.0
596_T	0.0	4.3033921199856854e-05	cluster_0_1_mixed	596	T	279.0
352_H	0.0	4.3023633873946074e-05	cluster_0_1_mixed	352	H	133.0
379_F	0.0	4.3016714162344174e-05	cluster_0_1_mixed	379	F	144.0
525_G	0.0	4.3013573256173857e-05	cluster_0_1_mixed	525	G	224.0
429_G	0.0	4.300132003355087e-05	cluster_0_1_mixed	429	G	183.0
565_L	0.0	4.2999039372155926e-05	cluster_0_1_mixed	565	L	250.0
413_N	0.0	4.298828150801021e-05	cluster_0_1_mixed	413	N	172.0
678_P	0.0	4.295091246334236e-05	cluster_0_1_mixed	678	P	347.0
376_E	0.0	4.295071288859718e-05	cluster_0_1_mixed	376	E	141.0
38_S	0.0	4.2881658130509974e-05	cluster_0_1_mixed	38	S	0.0
938_I	0.0	4.287501930231432e-05	cluster_0_1_mixed	938	I	521.0
578_V	0.0	4.286646741072616e-05	cluster_0_1_mixed	578	V	262.0
441_V	0.0	4.286300942526581e-05	cluster_0_1_mixed	441	V	190.0
529_Y	0.0	4.284789952316978e-05	cluster_0_1_mixed	529	Y	228.0
228_Y	0.0	4.282812325469517e-05	cluster_0_1_mixed	228	Y	54.0
892_N	0.0	4.282357616459845e-05	cluster_0_1_mixed	892	N	496.0
591_I	0.0	4.281670326123295e-05	cluster_0_1_mixed	591	I	274.0
558_Y	0.0	4.278540771553291e-05	cluster_0_1_mixed	558	Y	245.0
173_D	0.0	4.2755302834606384e-05	cluster_0_1_mixed	173	D	2.0
375_N	0.0	4.275065658612534e-05	cluster_0_1_mixed	375	N	141.0
601_L	0.0	4.2700040675686446e-05	cluster_0_1_mixed	601	L	284.0
569_A	0.0	4.269484062643477e-05	cluster_0_1_mixed	569	A	254.0
576_N	0.0	4.2671018708043834e-05	cluster_0_1_mixed	576	N	260.0
874_V	0.0	4.26579871412584e-05	cluster_0_1_mixed	874	V	483.0
544_R	0.0	4.260387397869819e-05	cluster_0_1_mixed	544	R	238.0
368_E	0.0	4.255891865785727e-05	cluster_0_1_mixed	368	E	139.0
348_N	0.0	4.255563891428499e-05	cluster_0_1_mixed	348	N	131.0
442_D	0.0	4.254522155582944e-05	cluster_0_1_mixed	442	D	190.0
260_E	0.0	4.247031364995452e-05	cluster_0_1_mixed	260	E	78.0
184_H	0.0	4.244998401584859e-05	cluster_0_1_mixed	184	H	13.0
417_N	0.0	4.244549171700532e-05	cluster_0_1_mixed	417	N	176.0
776_D	0.0	4.241780039418059e-05	cluster_0_1_mixed	776	D	422.0
852_D	0.0	4.2412086249870025e-05	cluster_0_1_mixed	852	D	467.0
570_S	0.0	4.228316089406357e-05	cluster_0_1_mixed	570	S	254.0
489_Q	0.0	4.226373513639409e-05	cluster_0_1_mixed	489	Q	221.0
244_T	0.0	4.2260461843480294e-05	cluster_0_1_mixed	244	T	63.0
477_E	0.0	4.221764157524816e-05	cluster_0_1_mixed	477	E	220.0
479_L	0.0	4.2216710303022106e-05	cluster_0_1_mixed	479	L	221.0
543_I	0.0	4.219776265804405e-05	cluster_0_1_mixed	543	I	237.0
524_G	0.0	4.219465177782461e-05	cluster_0_1_mixed	524	G	223.0
459_A	0.0	4.218794150805422e-05	cluster_0_1_mixed	459	A	205.0
424_G	0.0	4.214978137531758e-05	cluster_0_1_mixed	424	G	180.0
394_W	0.0	4.214785102620886e-05	cluster_0_1_mixed	394	W	155.0
574_L	0.0	4.214174290217265e-05	cluster_0_1_mixed	574	L	258.0
816_G	0.0	4.212698216976406e-05	cluster_0_1_mixed	816	G	443.0
214_Q	0.0	4.210846393933396e-05	cluster_0_1_mixed	214	Q	40.0
216_D	0.0	4.210407212298386e-05	cluster_0_1_mixed	216	D	42.0
885_Q	0.0	4.209610949727259e-05	cluster_0_1_mixed	885	Q	494.0
438_R	0.0	4.208378454779221e-05	cluster_0_1_mixed	438	R	190.0
205_T	0.0	4.20604533376337e-05	cluster_0_1_mixed	205	T	32.0
665_N	0.0	4.205885020586632e-05	cluster_0_1_mixed	665	N	339.0
551_P	0.0	4.202520601370059e-05	cluster_0_1_mixed	551	P	242.0
522_E	0.0	4.202308572742201e-05	cluster_0_1_mixed	522	E	223.0
554_F	0.0	4.1972598251609504e-05	cluster_0_1_mixed	554	F	242.0
256_T	0.0	4.18938392016051e-05	cluster_0_1_mixed	256	T	74.0
546_Y	0.0	4.1875214606260864e-05	cluster_0_1_mixed	546	Y	240.0
550_E	0.0	4.183736580118936e-05	cluster_0_1_mixed	550	E	242.0
873_R	0.0	4.1827871065936515e-05	cluster_0_1_mixed	873	R	482.0
528_V	0.0	4.181679782985179e-05	cluster_0_1_mixed	528	V	227.0
537_L	0.0	4.181118649997757e-05	cluster_0_1_mixed	537	L	231.0
451_I	0.0	4.1809133518035026e-05	cluster_0_1_mixed	451	I	197.0
566_K	0.0	4.179956932967816e-05	cluster_0_1_mixed	566	K	251.0
557_R	0.0	4.1799201628305534e-05	cluster_0_1_mixed	557	R	245.0
278_C	0.0	4.178360762895505e-05	cluster_0_1_mixed	278	C	89.0
408_A	0.0	4.174132405397545e-05	cluster_0_1_mixed	408	A	167.0
700_R	0.0	4.173637899802082e-05	cluster_0_1_mixed	700	R	365.0
337_N	0.0	4.170909516467112e-05	cluster_0_1_mixed	337	N	126.0
575_Y	0.0	4.168376878124248e-05	cluster_0_1_mixed	575	Y	259.0
237_S	0.0	4.166143001351988e-05	cluster_0_1_mixed	237	S	56.0
331_P	0.0	4.1637523534394664e-05	cluster_0_1_mixed	331	P	120.0
405_S	0.0	4.160143208133677e-05	cluster_0_1_mixed	405	S	164.0
411_E	0.0	4.1600160202405976e-05	cluster_0_1_mixed	411	E	170.0
493_A	0.0	4.157479101472454e-05	cluster_0_1_mixed	493	A	221.0
541_W	0.0	4.156442358184827e-05	cluster_0_1_mixed	541	W	235.0
546_K	0.0	4.1560920841682435e-05	cluster_0_1_mixed	546	K	240.0
568_W	0.0	4.154953068848399e-05	cluster_0_1_mixed	568	W	253.0
353_W	0.0	4.154528946554224e-05	cluster_0_1_mixed	353	W	134.0
486_D	0.0	4.1540239513775673e-05	cluster_0_1_mixed	486	D	221.0
696_A	0.0	4.153075715808505e-05	cluster_0_1_mixed	696	A	361.0
297_K	0.0	4.152265501716779e-05	cluster_0_1_mixed	297	K	97.0
231_D	0.0	4.151971462820313e-05	cluster_0_1_mixed	231	D	55.0
833_G	0.0	4.151064153612222e-05	cluster_0_1_mixed	833	G	454.0
270_A	0.0	4.148403561283175e-05	cluster_0_1_mixed	270	A	87.0
857_E	0.0	4.139893593649395e-05	cluster_0_1_mixed	857	E	472.0
719_I	0.0	4.138498595570917e-05	cluster_0_1_mixed	719	I	384.0
848_P	0.0	4.131778370707961e-05	cluster_0_1_mixed	848	P	467.0
695_Q	0.0	4.130404778509244e-05	cluster_0_1_mixed	695	Q	360.0
329_S	0.0	4.130392622306897e-05	cluster_0_1_mixed	329	S	118.0
218_R	0.0	4.128767364783636e-05	cluster_0_1_mixed	218	R	44.0
742_D	0.0	4.128074733520677e-05	cluster_0_1_mixed	742	D	407.0
645_I	0.0	4.1271003885195264e-05	cluster_0_1_mixed	645	I	327.0
834_I	0.0	4.125092622913607e-05	cluster_0_1_mixed	834	I	455.0
218_N	0.0	4.124572887651197e-05	cluster_0_1_mixed	218	N	44.0
359_M	0.0	4.123236206661469e-05	cluster_0_1_mixed	359	M	134.0
776_N	0.0	4.1220414563143886e-05	cluster_0_1_mixed	776	N	422.0
440_D	0.0	4.1212048855442225e-05	cluster_0_1_mixed	440	D	190.0
738_Q	0.0	4.119379891212048e-05	cluster_0_1_mixed	738	Q	403.0
434_A	0.0	4.1178834407608144e-05	cluster_0_1_mixed	434	A	187.0
743_E	0.0	4.1163056063599955e-05	cluster_0_1_mixed	743	E	408.0
636_R	0.0	4.111382688685093e-05	cluster_0_1_mixed	636	R	318.0
228_I	0.0	4.1053089954227926e-05	cluster_0_1_mixed	228	I	54.0
693_R	0.0	4.1044479416331634e-05	cluster_0_1_mixed	693	R	358.0
725_K	0.0	4.102246035659349e-05	cluster_0_1_mixed	725	K	390.0
315_T	0.0	4.102141887834442e-05	cluster_0_1_mixed	315	T	105.0
674_N	0.0	4.0991271115401045e-05	cluster_0_1_mixed	674	N	343.0
552_K	0.0	4.098236647480922e-05	cluster_0_1_mixed	552	K	242.0
803_H	0.0	4.095657487823205e-05	cluster_0_1_mixed	803	H	437.0
179_T	0.0	4.09147668053292e-05	cluster_0_1_mixed	179	T	8.0
587_L	0.0	4.090717935842963e-05	cluster_0_1_mixed	587	L	271.0
69_L	0.0	4.090382738556288e-05	cluster_0_1_mixed	69	L	0.0
481_G	0.0	4.090226131908441e-05	cluster_0_1_mixed	481	G	221.0
529_E	0.0	4.087566142994102e-05	cluster_0_1_mixed	529	E	228.0
603_M	0.0	4.0836990554024256e-05	cluster_0_1_mixed	603	M	286.0
884_I	0.0	4.083271906260964e-05	cluster_0_1_mixed	884	I	493.0
556_R	0.0	4.0828950585266585e-05	cluster_0_1_mixed	556	R	244.0
414_F	0.0	4.07885703218914e-05	cluster_0_1_mixed	414	F	173.0
635_G	0.0	4.07866011028946e-05	cluster_0_1_mixed	635	G	317.0
337_H	0.0	4.073475983103501e-05	cluster_0_1_mixed	337	H	126.0
333_V	0.0	4.073399007742569e-05	cluster_0_1_mixed	333	V	122.0
832_G	0.0	4.072633007428748e-05	cluster_0_1_mixed	832	G	454.0
715_T	0.0	4.072625704665701e-05	cluster_0_1_mixed	715	T	380.0
552_P	0.0	4.072475476326842e-05	cluster_0_1_mixed	552	P	242.0
633_V	0.0	4.062917017108786e-05	cluster_0_1_mixed	633	V	315.0
935_S	0.0	4.060876737993824e-05	cluster_0_1_mixed	935	S	518.0
409_S	0.0	4.057465953458577e-05	cluster_0_1_mixed	409	S	168.0
552_I	0.0	4.057030198608725e-05	cluster_0_1_mixed	552	I	242.0
224_S	0.0	4.0533164495407265e-05	cluster_0_1_mixed	224	S	50.0
226_P	0.0	4.050881572337499e-05	cluster_0_1_mixed	226	P	52.0
571_L	0.0	4.045652627181693e-05	cluster_0_1_mixed	571	L	255.0
581_H	0.0	4.0451913948180154e-05	cluster_0_1_mixed	581	H	265.0
646_E	0.0	4.034085317390472e-05	cluster_0_1_mixed	646	E	328.0
783_N	0.0	4.0321139359370414e-05	cluster_0_1_mixed	783	N	426.0
731_L	0.0	4.03089380001476e-05	cluster_0_1_mixed	731	L	396.0
485_D	0.0	4.0291566276017286e-05	cluster_0_1_mixed	485	D	221.0
487_G	0.0	4.025401453005042e-05	cluster_0_1_mixed	487	G	221.0
535_I	0.0	4.02214559193841e-05	cluster_0_1_mixed	535	I	231.0
412_R	0.0	4.016771786650701e-05	cluster_0_1_mixed	412	R	171.0
370_L	0.0	4.0165284655831715e-05	cluster_0_1_mixed	370	L	141.0
547_P	0.0	4.016342896835497e-05	cluster_0_1_mixed	547	P	241.0
572_Y	0.0	4.0160492781001065e-05	cluster_0_1_mixed	572	Y	256.0
532_I	0.0	4.0153871799142385e-05	cluster_0_1_mixed	532	I	231.0
549_Q	0.0	4.013343431613311e-05	cluster_0_1_mixed	549	Q	242.0
623_N	0.0	4.009468882108602e-05	cluster_0_1_mixed	623	N	306.0
468_N	0.0	4.009023324383008e-05	cluster_0_1_mixed	468	N	211.0
430_I	0.0	4.003073426364043e-05	cluster_0_1_mixed	430	I	183.0
782_S	0.0	4.0003232101975595e-05	cluster_0_1_mixed	782	S	426.0
552_Q	0.0	3.998729647021944e-05	cluster_0_1_mixed	552	Q	242.0
522_F	0.0	3.9960536546287296e-05	cluster_0_1_mixed	522	F	223.0
530_K	0.0	3.9949114920131665e-05	cluster_0_1_mixed	530	K	229.0
700_S	0.0	3.991152180590096e-05	cluster_0_1_mixed	700	S	365.0
430_Q	0.0	3.989426232211885e-05	cluster_0_1_mixed	430	Q	183.0
560_Y	0.0	3.988140064970053e-05	cluster_0_1_mixed	560	Y	245.0
868_E	0.0	3.986374747406768e-05	cluster_0_1_mixed	868	E	477.0
771_Q	0.0	3.98578157195687e-05	cluster_0_1_mixed	771	Q	418.0
569_Q	0.0	3.984881193627207e-05	cluster_0_1_mixed	569	Q	254.0
360_H	0.0	3.983227363013282e-05	cluster_0_1_mixed	360	H	134.0
487_D	0.0	3.983072792528562e-05	cluster_0_1_mixed	487	D	221.0
644_Y	0.0	3.980704815873658e-05	cluster_0_1_mixed	644	Y	326.0
618_P	0.0	3.980349050048027e-05	cluster_0_1_mixed	618	P	301.0
743_S	0.0	3.979123055619067e-05	cluster_0_1_mixed	743	S	408.0
848_N	0.0	3.977546300745733e-05	cluster_0_1_mixed	848	N	467.0
846_S	0.0	3.976455031101886e-05	cluster_0_1_mixed	846	S	467.0
771_I	0.0	3.9739275814532e-05	cluster_0_1_mixed	771	I	418.0
620_S	0.0	3.971532313345677e-05	cluster_0_1_mixed	620	S	303.0
936_Y	0.0	3.969759496078233e-05	cluster_0_1_mixed	936	Y	519.0
931_K	0.0	3.9687372343091846e-05	cluster_0_1_mixed	931	K	514.0
777_N	0.0	3.966543355798338e-05	cluster_0_1_mixed	777	N	422.0
628_R	0.0	3.9661693769607726e-05	cluster_0_1_mixed	628	R	310.0
940_L	0.0	3.965330946820676e-05	cluster_0_1_mixed	940	L	523.0
344_A	0.0	3.964899854552727e-05	cluster_0_1_mixed	344	A	130.0
496_T	0.0	3.9642943345725094e-05	cluster_0_1_mixed	496	T	221.0
647_L	0.0	3.963017304790226e-05	cluster_0_1_mixed	647	L	329.0
331_Q	0.0	3.961719722853434e-05	cluster_0_1_mixed	331	Q	120.0
685_R	0.0	3.961622569720799e-05	cluster_0_1_mixed	685	R	354.0
790_N	0.0	3.951532367686352e-05	cluster_0_1_mixed	790	N	428.0
386_V	0.0	3.95118493080394e-05	cluster_0_1_mixed	386	V	151.0
434_F	0.0	3.950639278483292e-05	cluster_0_1_mixed	434	F	187.0
487_Y	0.0	3.949242731020292e-05	cluster_0_1_mixed	487	Y	221.0
491_E	0.0	3.94628032144108e-05	cluster_0_1_mixed	491	E	221.0
396_W	0.0	3.942060722673281e-05	cluster_0_1_mixed	396	W	155.0
579_Y	0.0	3.941658691406852e-05	cluster_0_1_mixed	579	Y	263.0
567_P	0.0	3.93989666236525e-05	cluster_0_1_mixed	567	P	252.0
463_D	0.0	3.9388150516042057e-05	cluster_0_1_mixed	463	D	206.0
588_E	0.0	3.937869809924628e-05	cluster_0_1_mixed	588	E	272.0
189_A	0.0	3.935425236862305e-05	cluster_0_1_mixed	189	A	16.0
415_T	0.0	3.933056243435762e-05	cluster_0_1_mixed	415	T	174.0
3_K	0.0	3.929964551231584e-05	cluster_0_1_mixed	3	K	0.0
684_T	0.0	3.925416345889738e-05	cluster_0_1_mixed	684	T	353.0
754_Q	0.0	3.925357967126948e-05	cluster_0_1_mixed	754	Q	413.0
796_A	0.0	3.9226193040807176e-05	cluster_0_1_mixed	796	A	430.0
496_W	0.0	3.921102496833928e-05	cluster_0_1_mixed	496	W	221.0
182_G	0.0	3.917947552977028e-05	cluster_0_1_mixed	182	G	11.0
673_Q	0.0	3.917674689271039e-05	cluster_0_1_mixed	673	Q	342.0
849_S	0.0	3.917646175182916e-05	cluster_0_1_mixed	849	S	467.0
320_P	0.0	3.916292069881706e-05	cluster_0_1_mixed	320	P	110.0
493_P	0.0	3.914746941867051e-05	cluster_0_1_mixed	493	P	221.0
172_A	0.0	3.912787185316154e-05	cluster_0_1_mixed	172	A	1.0
524_A	0.0	3.91257206781893e-05	cluster_0_1_mixed	524	A	223.0
186_E	0.0	3.907937961142248e-05	cluster_0_1_mixed	186	E	14.0
832_N	0.0	3.9061540827797766e-05	cluster_0_1_mixed	832	N	454.0
191_N	0.0	3.906077564130677e-05	cluster_0_1_mixed	191	N	18.0
916_M	0.0	3.904372559731026e-05	cluster_0_1_mixed	916	M	502.0
479_Y	0.0	3.903856402230076e-05	cluster_0_1_mixed	479	Y	221.0
432_Q	0.0	3.899734270644844e-05	cluster_0_1_mixed	432	Q	185.0
526_I	0.0	3.8989628696751935e-05	cluster_0_1_mixed	526	I	225.0
442_I	0.0	3.897197190792961e-05	cluster_0_1_mixed	442	I	190.0
689_F	0.0	3.8940274816979106e-05	cluster_0_1_mixed	689	F	357.0
730_H	0.0	3.8923823509864955e-05	cluster_0_1_mixed	730	H	395.0
672_L	0.0	3.891536679028706e-05	cluster_0_1_mixed	672	L	341.0
263_N	0.0	3.88873157741328e-05	cluster_0_1_mixed	263	N	81.0
343_V	0.0	3.887412303876643e-05	cluster_0_1_mixed	343	V	130.0
524_V	0.0	3.8871973549433447e-05	cluster_0_1_mixed	524	V	223.0
609_A	0.0	3.881722265063168e-05	cluster_0_1_mixed	609	A	292.0
548_D	0.0	3.8791788212071074e-05	cluster_0_1_mixed	548	D	242.0
535_P	0.0	3.87800137422641e-05	cluster_0_1_mixed	535	P	231.0
542_Y	0.0	3.8756103262945334e-05	cluster_0_1_mixed	542	Y	236.0
495_N	0.0	3.871772051590962e-05	cluster_0_1_mixed	495	N	221.0
657_T	0.0	3.870843751197897e-05	cluster_0_1_mixed	657	T	339.0
700_M	0.0	3.867542883072221e-05	cluster_0_1_mixed	700	M	365.0
494_N	0.0	3.8657363340231247e-05	cluster_0_1_mixed	494	N	221.0
376_K	0.0	3.8653350954848134e-05	cluster_0_1_mixed	376	K	141.0
717_M	0.0	3.86258733493637e-05	cluster_0_1_mixed	717	M	382.0
534_F	0.0	3.8590322110746104e-05	cluster_0_1_mixed	534	F	231.0
550_Y	0.0	3.858951592372894e-05	cluster_0_1_mixed	550	Y	242.0
639_H	0.0	3.858916410997494e-05	cluster_0_1_mixed	639	H	321.0
436_F	0.0	3.8576127472349135e-05	cluster_0_1_mixed	436	F	189.0
630_F	0.0	3.856072968724441e-05	cluster_0_1_mixed	630	F	312.0
430_L	0.0	3.85487311425594e-05	cluster_0_1_mixed	430	L	183.0
326_L	0.0	3.8489780479082605e-05	cluster_0_1_mixed	326	L	116.0
185_Q	0.0	3.848022175118778e-05	cluster_0_1_mixed	185	Q	14.0
629_D	0.0	3.8426625716449616e-05	cluster_0_1_mixed	629	D	311.0
649_D	0.0	3.842297928500199e-05	cluster_0_1_mixed	649	D	331.0
629_K	0.0	3.842238845039288e-05	cluster_0_1_mixed	629	K	311.0
168_L	0.0	3.840340142023509e-05	cluster_0_1_mixed	168	L	0.0
433_S	0.0	3.8394439375503495e-05	cluster_0_1_mixed	433	S	186.0
528_L	0.0	3.837588999703105e-05	cluster_0_1_mixed	528	L	227.0
297_E	0.0	3.837231030813031e-05	cluster_0_1_mixed	297	E	97.0
606_Y	0.0	3.8366525232449945e-05	cluster_0_1_mixed	606	Y	289.0
707_W	0.0	3.8350511752872945e-05	cluster_0_1_mixed	707	W	372.0
635_M	0.0	3.8348001414482104e-05	cluster_0_1_mixed	635	M	317.0
263_M	0.0	3.833186145510355e-05	cluster_0_1_mixed	263	M	81.0
494_A	0.0	3.824702505491249e-05	cluster_0_1_mixed	494	A	221.0
264_F	0.0	3.824319406300363e-05	cluster_0_1_mixed	264	F	82.0
537_Y	0.0	3.816755693843885e-05	cluster_0_1_mixed	537	Y	231.0
464_S	0.0	3.813909763352067e-05	cluster_0_1_mixed	464	S	207.0
699_Q	0.0	3.812222330509058e-05	cluster_0_1_mixed	699	Q	364.0
682_T	0.0	3.811514581361045e-05	cluster_0_1_mixed	682	T	351.0
175_L	0.0	3.805732183277317e-05	cluster_0_1_mixed	175	L	4.0
921_H	0.0	3.805196910538489e-05	cluster_0_1_mixed	921	H	504.0
715_N	0.0	3.804707859410712e-05	cluster_0_1_mixed	715	N	380.0
2_M	0.0	3.803315320318151e-05	cluster_0_1_mixed	2	M	0.0
635_A	0.0	3.796145996185283e-05	cluster_0_1_mixed	635	A	317.0
355_H	0.0	3.791553757340189e-05	cluster_0_1_mixed	355	H	134.0
397_M	0.0	3.7909039477479885e-05	cluster_0_1_mixed	397	M	156.0
349_P	0.0	3.7868238190967706e-05	cluster_0_1_mixed	349	P	131.0
887_E	0.0	3.785479252130363e-05	cluster_0_1_mixed	887	E	496.0
484_N	0.0	3.783940622500201e-05	cluster_0_1_mixed	484	N	221.0
728_L	0.0	3.782726559367066e-05	cluster_0_1_mixed	728	L	393.0
322_N	0.0	3.782045545021657e-05	cluster_0_1_mixed	322	N	112.0
564_D	0.0	3.777192001205631e-05	cluster_0_1_mixed	564	D	249.0
518_D	0.0	3.774611517329082e-05	cluster_0_1_mixed	518	D	223.0
347_Q	0.0	3.7734552182839155e-05	cluster_0_1_mixed	347	Q	130.0
429_L	0.0	3.7676525518179025e-05	cluster_0_1_mixed	429	L	183.0
543_D	0.0	3.767313195755015e-05	cluster_0_1_mixed	543	D	237.0
326_A	0.0	3.76706810016296e-05	cluster_0_1_mixed	326	A	116.0
674_Y	0.0	3.7663142455613984e-05	cluster_0_1_mixed	674	Y	343.0
840_I	0.0	3.764575342693868e-05	cluster_0_1_mixed	840	I	461.0
359_F	0.0	3.7638434815324006e-05	cluster_0_1_mixed	359	F	134.0
878_L	0.0	3.763811213113686e-05	cluster_0_1_mixed	878	L	487.0
410_T	0.0	3.763168450030179e-05	cluster_0_1_mixed	410	T	169.0
401_C	0.0	3.762769568440889e-05	cluster_0_1_mixed	401	C	160.0
778_T	0.0	3.76095414321979e-05	cluster_0_1_mixed	778	T	422.0
563_Y	0.0	3.760334437725011e-05	cluster_0_1_mixed	563	Y	248.0
816_R	0.0	3.7599907529532254e-05	cluster_0_1_mixed	816	R	443.0
703_S	0.0	3.757351579204288e-05	cluster_0_1_mixed	703	S	368.0
545_P	0.0	3.752514343516847e-05	cluster_0_1_mixed	545	P	239.0
647_Q	0.0	3.750963700994435e-05	cluster_0_1_mixed	647	Q	329.0
531_D	0.0	3.749778091636077e-05	cluster_0_1_mixed	531	D	230.0
195_D	0.0	3.747539657212042e-05	cluster_0_1_mixed	195	D	22.0
563_F	0.0	3.7475180092988106e-05	cluster_0_1_mixed	563	F	248.0
546_L	0.0	3.7461661535749383e-05	cluster_0_1_mixed	546	L	240.0
339_Y	0.0	3.745894822101425e-05	cluster_0_1_mixed	339	Y	128.0
576_P	0.0	3.744541561281511e-05	cluster_0_1_mixed	576	P	260.0
365_V	0.0	3.742690768920608e-05	cluster_0_1_mixed	365	V	139.0
303_M	0.0	3.736865484084529e-05	cluster_0_1_mixed	303	M	102.0
768_T	0.0	3.736303565112403e-05	cluster_0_1_mixed	768	T	415.0
240_L	0.0	3.735516325087259e-05	cluster_0_1_mixed	240	L	59.0
483_T	0.0	3.73387077897185e-05	cluster_0_1_mixed	483	T	221.0
580_E	0.0	3.7318240001969115e-05	cluster_0_1_mixed	580	E	264.0
181_T	0.0	3.729379585338176e-05	cluster_0_1_mixed	181	T	10.0
487_N	0.0	3.72902928516548e-05	cluster_0_1_mixed	487	N	221.0
638_Y	0.0	3.72870841250419e-05	cluster_0_1_mixed	638	Y	320.0
601_I	0.0	3.727975499323247e-05	cluster_0_1_mixed	601	I	284.0
197_Q	0.0	3.727414519409582e-05	cluster_0_1_mixed	197	Q	24.0
427_N	0.0	3.7251313859266355e-05	cluster_0_1_mixed	427	N	183.0
413_G	0.0	3.72475846341076e-05	cluster_0_1_mixed	413	G	172.0
909_E	0.0	3.723729379522637e-05	cluster_0_1_mixed	909	E	496.0
312_G	0.0	3.722963342087973e-05	cluster_0_1_mixed	312	G	102.0
644_T	0.0	3.722751718576665e-05	cluster_0_1_mixed	644	T	326.0
564_P	0.0	3.720941256994941e-05	cluster_0_1_mixed	564	P	249.0
279_R	0.0	3.719822001345987e-05	cluster_0_1_mixed	279	R	90.0
263_A	0.0	3.7197418698996186e-05	cluster_0_1_mixed	263	A	81.0
709_V	0.0	3.717896659288096e-05	cluster_0_1_mixed	709	V	374.0
889_N	0.0	3.717069461441993e-05	cluster_0_1_mixed	889	N	496.0
731_D	0.0	3.7162985073728955e-05	cluster_0_1_mixed	731	D	396.0
487_V	0.0	3.714644943027243e-05	cluster_0_1_mixed	487	V	221.0
684_A	0.0	3.714484503439733e-05	cluster_0_1_mixed	684	A	353.0
416_V	0.0	3.713002122649866e-05	cluster_0_1_mixed	416	V	175.0
480_Q	0.0	3.711738117369177e-05	cluster_0_1_mixed	480	Q	221.0
915_W	0.0	3.711393318797598e-05	cluster_0_1_mixed	915	W	502.0
437_N	0.0	3.7106885300353114e-05	cluster_0_1_mixed	437	N	190.0
266_Y	0.0	3.709146588909877e-05	cluster_0_1_mixed	266	Y	84.0
620_Y	0.0	3.708643727831951e-05	cluster_0_1_mixed	620	Y	303.0
434_I	0.0	3.707392064269658e-05	cluster_0_1_mixed	434	I	187.0
667_G	0.0	3.7066436748258294e-05	cluster_0_1_mixed	667	G	339.0
413_Q	0.0	3.7036963988787926e-05	cluster_0_1_mixed	413	Q	172.0
368_V	0.0	3.703491730643657e-05	cluster_0_1_mixed	368	V	139.0
315_G	0.0	3.701431953450863e-05	cluster_0_1_mixed	315	G	105.0
341_D	0.0	3.699775106281379e-05	cluster_0_1_mixed	341	D	130.0
251_I	0.0	3.699162044580432e-05	cluster_0_1_mixed	251	I	69.0
544_D	0.0	3.698071169011618e-05	cluster_0_1_mixed	544	D	238.0
371_E	0.0	3.6976253730332975e-05	cluster_0_1_mixed	371	E	141.0
488_N	0.0	3.697374446439859e-05	cluster_0_1_mixed	488	N	221.0
867_Q	0.0	3.69713514118384e-05	cluster_0_1_mixed	867	Q	476.0
328_E	0.0	3.695565382877296e-05	cluster_0_1_mixed	328	E	118.0
317_T	0.0	3.6916735635488875e-05	cluster_0_1_mixed	317	T	107.0
344_N	0.0	3.6902745819809726e-05	cluster_0_1_mixed	344	N	130.0
449_P	0.0	3.68951711993938e-05	cluster_0_1_mixed	449	P	195.0
488_A	0.0	3.688886837046013e-05	cluster_0_1_mixed	488	A	221.0
567_L	0.0	3.686921496197552e-05	cluster_0_1_mixed	567	L	252.0
489_V	0.0	3.68391605136916e-05	cluster_0_1_mixed	489	V	221.0
805_Q	0.0	3.6836439026682167e-05	cluster_0_1_mixed	805	Q	438.0
295_F	0.0	3.6790403128547774e-05	cluster_0_1_mixed	295	F	95.0
592_I	0.0	3.678136918477816e-05	cluster_0_1_mixed	592	I	275.0
486_E	0.0	3.674931965274339e-05	cluster_0_1_mixed	486	E	221.0
524_K	0.0	3.6725972612122024e-05	cluster_0_1_mixed	524	K	223.0
413_C	0.0	3.672458787428391e-05	cluster_0_1_mixed	413	C	172.0
687_Y	0.0	3.671851895652089e-05	cluster_0_1_mixed	687	Y	356.0
351_H	0.0	3.662685598709018e-05	cluster_0_1_mixed	351	H	132.0
222_C	0.0	3.6570516741305816e-05	cluster_0_1_mixed	222	C	48.0
520_I	0.0	3.652604204288515e-05	cluster_0_1_mixed	520	I	223.0
686_S	0.0	3.650438315855069e-05	cluster_0_1_mixed	686	S	355.0
434_P	0.0	3.649936933609186e-05	cluster_0_1_mixed	434	P	187.0
932_K	0.0	3.6499085311640304e-05	cluster_0_1_mixed	932	K	515.0
582_K	0.0	3.64965217817682e-05	cluster_0_1_mixed	582	K	266.0
552_H	0.0	3.648320545262008e-05	cluster_0_1_mixed	552	H	242.0
561_L	0.0	3.647758619905257e-05	cluster_0_1_mixed	561	L	246.0
871_N	0.0	3.646695285284329e-05	cluster_0_1_mixed	871	N	480.0
195_V	0.0	3.644764133986866e-05	cluster_0_1_mixed	195	V	22.0
568_E	0.0	3.640441271426836e-05	cluster_0_1_mixed	568	E	253.0
546_D	0.0	3.636189435739277e-05	cluster_0_1_mixed	546	D	240.0
203_H	0.0	3.635577798874428e-05	cluster_0_1_mixed	203	H	30.0
664_Q	0.0	3.632311356460698e-05	cluster_0_1_mixed	664	Q	339.0
435_P	0.0	3.6310248692983995e-05	cluster_0_1_mixed	435	P	188.0
413_D	0.0	3.6290449542190406e-05	cluster_0_1_mixed	413	D	172.0
214_R	0.0	3.6285161851113006e-05	cluster_0_1_mixed	214	R	40.0
871_K	0.0	3.624474653438474e-05	cluster_0_1_mixed	871	K	480.0
548_F	0.0	3.621682999460609e-05	cluster_0_1_mixed	548	F	242.0
897_D	0.0	3.6201953106572555e-05	cluster_0_1_mixed	897	D	496.0
381_N	0.0	3.6191913173921353e-05	cluster_0_1_mixed	381	N	146.0
422_I	0.0	3.617957632992526e-05	cluster_0_1_mixed	422	I	180.0
397_R	0.0	3.6161692233064376e-05	cluster_0_1_mixed	397	R	156.0
300_T	0.0	3.6154546332963766e-05	cluster_0_1_mixed	300	T	100.0
535_R	0.0	3.6140544027904455e-05	cluster_0_1_mixed	535	R	231.0
527_W	0.0	3.613925627474369e-05	cluster_0_1_mixed	527	W	226.0
689_I	0.0	3.610972982832748e-05	cluster_0_1_mixed	689	I	357.0
328_K	0.0	3.610325733034617e-05	cluster_0_1_mixed	328	K	118.0
488_S	0.0	3.608824398711343e-05	cluster_0_1_mixed	488	S	221.0
426_N	0.0	3.600467578243196e-05	cluster_0_1_mixed	426	N	182.0
772_V	0.0	3.59792057586146e-05	cluster_0_1_mixed	772	V	419.0
323_T	0.0	3.5976542020298337e-05	cluster_0_1_mixed	323	T	113.0
328_G	0.0	3.596347367103395e-05	cluster_0_1_mixed	328	G	118.0
366_T	0.0	3.593549445124002e-05	cluster_0_1_mixed	366	T	139.0
811_D	0.0	3.59279244955965e-05	cluster_0_1_mixed	811	D	438.0
373_L	0.0	3.589812308311772e-05	cluster_0_1_mixed	373	L	141.0
905_K	0.0	3.5874115658357175e-05	cluster_0_1_mixed	905	K	496.0
789_V	0.0	3.587090264137743e-05	cluster_0_1_mixed	789	V	427.0
914_D	0.0	3.5865140672419456e-05	cluster_0_1_mixed	914	D	501.0
551_V	0.0	3.582285314819803e-05	cluster_0_1_mixed	551	V	242.0
691_T	0.0	3.581668841454298e-05	cluster_0_1_mixed	691	T	357.0
567_H	0.0	3.578892413380848e-05	cluster_0_1_mixed	567	H	252.0
936_T	0.0	3.5785700908872165e-05	cluster_0_1_mixed	936	T	519.0
639_S	0.0	3.573530326883533e-05	cluster_0_1_mixed	639	S	321.0
673_E	0.0	3.572671487467992e-05	cluster_0_1_mixed	673	E	342.0
561_I	0.0	3.5715170188207656e-05	cluster_0_1_mixed	561	I	246.0
366_Q	0.0	3.5697143481339136e-05	cluster_0_1_mixed	366	Q	139.0
412_T	0.0	3.568816845620302e-05	cluster_0_1_mixed	412	T	171.0
458_A	0.0	3.567839193500087e-05	cluster_0_1_mixed	458	A	204.0
631_R	0.0	3.562879698042721e-05	cluster_0_1_mixed	631	R	313.0
622_N	0.0	3.5627998368669186e-05	cluster_0_1_mixed	622	N	305.0
340_Y	0.0	3.562784478473357e-05	cluster_0_1_mixed	340	Y	129.0
174_N	0.0	3.5609721152517515e-05	cluster_0_1_mixed	174	N	3.0
185_I	0.0	3.5608560162715985e-05	cluster_0_1_mixed	185	I	14.0
484_D	0.0	3.558448283833957e-05	cluster_0_1_mixed	484	D	221.0
540_P	0.0	3.5499130363867176e-05	cluster_0_1_mixed	540	P	234.0
877_K	0.0	3.545356486502562e-05	cluster_0_1_mixed	877	K	486.0
496_L	0.0	3.53986891437914e-05	cluster_0_1_mixed	496	L	221.0
743_A	0.0	3.5368959366058665e-05	cluster_0_1_mixed	743	A	408.0
569_R	0.0	3.5343099685269097e-05	cluster_0_1_mixed	569	R	254.0
396_S	0.0	3.52537184652845e-05	cluster_0_1_mixed	396	S	155.0
525_N	0.0	3.522154711451077e-05	cluster_0_1_mixed	525	N	224.0
597_M	0.0	3.516734814210469e-05	cluster_0_1_mixed	597	M	280.0
454_T	0.0	3.51580425160692e-05	cluster_0_1_mixed	454	T	200.0
523_Q	0.0	3.515174121186321e-05	cluster_0_1_mixed	523	Q	223.0
476_V	0.0	3.514154280010796e-05	cluster_0_1_mixed	476	V	219.0
220_M	0.0	3.513152811976797e-05	cluster_0_1_mixed	220	M	46.0
378_W	0.0	3.5071967022117855e-05	cluster_0_1_mixed	378	W	143.0
330_N	0.0	3.5049586782549365e-05	cluster_0_1_mixed	330	N	119.0
664_A	0.0	3.50457865568838e-05	cluster_0_1_mixed	664	A	339.0
372_H	0.0	3.4981207675433365e-05	cluster_0_1_mixed	372	H	141.0
520_D	0.0	3.489043024500128e-05	cluster_0_1_mixed	520	D	223.0
469_G	0.0	3.488763407341255e-05	cluster_0_1_mixed	469	G	212.0
425_N	0.0	3.486004794304041e-05	cluster_0_1_mixed	425	N	181.0
392_V	0.0	3.481393022569554e-05	cluster_0_1_mixed	392	V	155.0
633_C	0.0	3.480735312566595e-05	cluster_0_1_mixed	633	C	315.0
463_A	0.0	3.48023167539071e-05	cluster_0_1_mixed	463	A	206.0
493_I	0.0	3.480216688894257e-05	cluster_0_1_mixed	493	I	221.0
479_H	0.0	3.4793331712157075e-05	cluster_0_1_mixed	479	H	221.0
794_T	0.0	3.4777692675786706e-05	cluster_0_1_mixed	794	T	429.0
580_Y	0.0	3.477478327033837e-05	cluster_0_1_mixed	580	Y	264.0
925_S	0.0	3.475473888206188e-05	cluster_0_1_mixed	925	S	508.0
610_E	0.0	3.474466681682252e-05	cluster_0_1_mixed	610	E	293.0
923_N	0.0	3.467248629902823e-05	cluster_0_1_mixed	923	N	506.0
370_N	0.0	3.465980000816638e-05	cluster_0_1_mixed	370	N	141.0
430_G	0.0	3.464820294897952e-05	cluster_0_1_mixed	430	G	183.0
537_I	0.0	3.462403363417511e-05	cluster_0_1_mixed	537	I	231.0
804_S	0.0	3.4574628464824464e-05	cluster_0_1_mixed	804	S	438.0
525_V	0.0	3.456855735564973e-05	cluster_0_1_mixed	525	V	224.0
539_Y	0.0	3.4558973267747655e-05	cluster_0_1_mixed	539	Y	233.0
487_F	0.0	3.454961334425153e-05	cluster_0_1_mixed	487	F	221.0
541_V	0.0	3.453918475593224e-05	cluster_0_1_mixed	541	V	235.0
193_L	0.0	3.4530477785692e-05	cluster_0_1_mixed	193	L	20.0
871_T	0.0	3.4487152309748815e-05	cluster_0_1_mixed	871	T	480.0
571_I	0.0	3.4466395684603164e-05	cluster_0_1_mixed	571	I	255.0
853_R	0.0	3.4452191907920485e-05	cluster_0_1_mixed	853	R	468.0
521_L	0.0	3.443501518344265e-05	cluster_0_1_mixed	521	L	223.0
545_H	0.0	3.441781855969031e-05	cluster_0_1_mixed	545	H	239.0
544_M	0.0	3.44131447271582e-05	cluster_0_1_mixed	544	M	238.0
556_K	0.0	3.440707227406987e-05	cluster_0_1_mixed	556	K	244.0
386_M	0.0	3.440272347051213e-05	cluster_0_1_mixed	386	M	151.0
490_A	0.0	3.4394845547419255e-05	cluster_0_1_mixed	490	A	221.0
783_Q	0.0	3.439052416195285e-05	cluster_0_1_mixed	783	Q	426.0
568_I	0.0	3.4361731899502516e-05	cluster_0_1_mixed	568	I	253.0
691_I	0.0	3.4357481438913716e-05	cluster_0_1_mixed	691	I	357.0
916_G	0.0	3.435434485264625e-05	cluster_0_1_mixed	916	G	502.0
436_S	0.0	3.434985482763998e-05	cluster_0_1_mixed	436	S	189.0
494_Q	0.0	3.43488521153247e-05	cluster_0_1_mixed	494	Q	221.0
489_N	0.0	3.433486081115598e-05	cluster_0_1_mixed	489	N	221.0
851_P	0.0	3.4330837817984814e-05	cluster_0_1_mixed	851	P	467.0
321_D	0.0	3.432684872987165e-05	cluster_0_1_mixed	321	D	111.0
530_D	0.0	3.432588782177356e-05	cluster_0_1_mixed	530	D	229.0
334_P	0.0	3.430648791171438e-05	cluster_0_1_mixed	334	P	123.0
325_A	0.0	3.430243604933545e-05	cluster_0_1_mixed	325	A	115.0
851_E	0.0	3.4294268618977885e-05	cluster_0_1_mixed	851	E	467.0
246_E	0.0	3.42822046679482e-05	cluster_0_1_mixed	246	E	64.0
330_D	0.0	3.4210016814706595e-05	cluster_0_1_mixed	330	D	119.0
421_S	0.0	3.4204093715057016e-05	cluster_0_1_mixed	421	S	180.0
363_Q	0.0	3.419236267333614e-05	cluster_0_1_mixed	363	Q	137.0
532_D	0.0	3.4180722838501906e-05	cluster_0_1_mixed	532	D	231.0
396_H	0.0	3.4159037342530255e-05	cluster_0_1_mixed	396	H	155.0
439_W	0.0	3.4154166522596085e-05	cluster_0_1_mixed	439	W	190.0
519_A	0.0	3.415361665121861e-05	cluster_0_1_mixed	519	A	223.0
781_V	0.0	3.4137859719563066e-05	cluster_0_1_mixed	781	V	425.0
638_T	0.0	3.4114284290587774e-05	cluster_0_1_mixed	638	T	320.0
571_H	0.0	3.4110428348350954e-05	cluster_0_1_mixed	571	H	255.0
834_Q	0.0	3.411010906340117e-05	cluster_0_1_mixed	834	Q	455.0
777_D	0.0	3.41074589345509e-05	cluster_0_1_mixed	777	D	422.0
550_V	0.0	3.409756029493134e-05	cluster_0_1_mixed	550	V	242.0
185_N	0.0	3.4073681608932846e-05	cluster_0_1_mixed	185	N	14.0
715_L	0.0	3.4063454119759946e-05	cluster_0_1_mixed	715	L	380.0
844_L	0.0	3.40256949837874e-05	cluster_0_1_mixed	844	L	465.0
491_L	0.0	3.397931495055534e-05	cluster_0_1_mixed	491	L	221.0
372_N	0.0	3.39368002422312e-05	cluster_0_1_mixed	372	N	141.0
216_F	0.0	3.393125246560902e-05	cluster_0_1_mixed	216	F	42.0
462_T	0.0	3.387903154926573e-05	cluster_0_1_mixed	462	T	206.0
767_L	0.0	3.386582982953162e-05	cluster_0_1_mixed	767	L	414.0
258_C	0.0	3.386389631356349e-05	cluster_0_1_mixed	258	C	76.0
306_V	0.0	3.386344912243604e-05	cluster_0_1_mixed	306	V	102.0
547_F	0.0	3.381721449103815e-05	cluster_0_1_mixed	547	F	241.0
382_V	0.0	3.381628330296772e-05	cluster_0_1_mixed	382	V	147.0
315_A	0.0	3.378735366590667e-05	cluster_0_1_mixed	315	A	105.0
299_P	0.0	3.376840023983993e-05	cluster_0_1_mixed	299	P	99.0
213_A	0.0	3.376205995076621e-05	cluster_0_1_mixed	213	A	40.0
192_T	0.0	3.3743987862398835e-05	cluster_0_1_mixed	192	T	19.0
436_T	0.0	3.3718421328434006e-05	cluster_0_1_mixed	436	T	189.0
553_P	0.0	3.371798254862403e-05	cluster_0_1_mixed	553	P	242.0
577_Q	0.0	3.367612521490382e-05	cluster_0_1_mixed	577	Q	261.0
572_V	0.0	3.3672583130999765e-05	cluster_0_1_mixed	572	V	256.0
676_A	0.0	3.365895569818341e-05	cluster_0_1_mixed	676	A	345.0
280_S	0.0	3.364235287009118e-05	cluster_0_1_mixed	280	S	91.0
610_R	0.0	3.363965334862719e-05	cluster_0_1_mixed	610	R	293.0
9_D	0.0	3.359994232645236e-05	cluster_0_1_mixed	9	D	0.0
575_P	0.0	3.359319050397436e-05	cluster_0_1_mixed	575	P	259.0
299_A	0.0	3.357037504282444e-05	cluster_0_1_mixed	299	A	99.0
918_T	0.0	3.3560245241370875e-05	cluster_0_1_mixed	918	T	502.0
536_H	0.0	3.3555749554743184e-05	cluster_0_1_mixed	536	H	231.0
198_L	0.0	3.35490590473598e-05	cluster_0_1_mixed	198	L	25.0
817_V	0.0	3.3511865764517855e-05	cluster_0_1_mixed	817	V	444.0
658_G	0.0	3.349109122865037e-05	cluster_0_1_mixed	658	G	339.0
368_F	0.0	3.3489759208774445e-05	cluster_0_1_mixed	368	F	139.0
520_Q	0.0	3.347476449582566e-05	cluster_0_1_mixed	520	Q	223.0
848_F	0.0	3.3471028085492284e-05	cluster_0_1_mixed	848	F	467.0
264_Q	0.0	3.346496627974908e-05	cluster_0_1_mixed	264	Q	82.0
489_G	0.0	3.343733022511775e-05	cluster_0_1_mixed	489	G	221.0
462_A	0.0	3.342955830639151e-05	cluster_0_1_mixed	462	A	206.0
731_T	0.0	3.342121282894326e-05	cluster_0_1_mixed	731	T	396.0
191_G	0.0	3.339527882371702e-05	cluster_0_1_mixed	191	G	18.0
568_Y	0.0	3.339085911824618e-05	cluster_0_1_mixed	568	Y	253.0
570_F	0.0	3.331261152866526e-05	cluster_0_1_mixed	570	F	254.0
575_E	0.0	3.3296776391743364e-05	cluster_0_1_mixed	575	E	259.0
822_A	0.0	3.3295912066050755e-05	cluster_0_1_mixed	822	A	449.0
483_K	0.0	3.328370780340746e-05	cluster_0_1_mixed	483	K	221.0
729_L	0.0	3.328040491338558e-05	cluster_0_1_mixed	729	L	394.0
252_T	0.0	3.32580157799212e-05	cluster_0_1_mixed	252	T	70.0
679_Q	0.0	3.3234506101130704e-05	cluster_0_1_mixed	679	Q	348.0
443_M	0.0	3.3227531025095416e-05	cluster_0_1_mixed	443	M	190.0
525_Q	0.0	3.321543108713334e-05	cluster_0_1_mixed	525	Q	224.0
900_A	0.0	3.321181457561632e-05	cluster_0_1_mixed	900	A	496.0
860_F	0.0	3.3205768376640924e-05	cluster_0_1_mixed	860	F	475.0
376_Q	0.0	3.316716762450962e-05	cluster_0_1_mixed	376	Q	141.0
738_H	0.0	3.3153983390166694e-05	cluster_0_1_mixed	738	H	403.0
416_N	0.0	3.3124541562969576e-05	cluster_0_1_mixed	416	N	175.0
521_E	0.0	3.3099994183083666e-05	cluster_0_1_mixed	521	E	223.0
914_A	0.0	3.3084061539924934e-05	cluster_0_1_mixed	914	A	501.0
816_S	0.0	3.307160496464773e-05	cluster_0_1_mixed	816	S	443.0
440_F	0.0	3.306400449870632e-05	cluster_0_1_mixed	440	F	190.0
171_M	0.0	3.305005748815393e-05	cluster_0_1_mixed	171	M	0.0
327_M	0.0	3.304005098310471e-05	cluster_0_1_mixed	327	M	117.0
386_N	0.0	3.3021230939910615e-05	cluster_0_1_mixed	386	N	151.0
184_R	0.0	3.3009961712964265e-05	cluster_0_1_mixed	184	R	13.0
602_M	0.0	3.295918628672112e-05	cluster_0_1_mixed	602	M	285.0
567_I	0.0	3.295388531847839e-05	cluster_0_1_mixed	567	I	252.0
417_V	0.0	3.2952399535118794e-05	cluster_0_1_mixed	417	V	176.0
688_T	0.0	3.295216591997543e-05	cluster_0_1_mixed	688	T	357.0
493_S	0.0	3.291008049114507e-05	cluster_0_1_mixed	493	S	221.0
876_T	0.0	3.2906399045216575e-05	cluster_0_1_mixed	876	T	485.0
574_P	0.0	3.284761823955836e-05	cluster_0_1_mixed	574	P	258.0
559_W	0.0	3.2828446342017015e-05	cluster_0_1_mixed	559	W	245.0
886_D	0.0	3.28190114547599e-05	cluster_0_1_mixed	886	D	495.0
734_N	0.0	3.2811191508327725e-05	cluster_0_1_mixed	734	N	399.0
557_W	0.0	3.2749794459915085e-05	cluster_0_1_mixed	557	W	245.0
928_R	0.0	3.270954892232184e-05	cluster_0_1_mixed	928	R	511.0
542_Q	0.0	3.270287524003956e-05	cluster_0_1_mixed	542	Q	236.0
723_S	0.0	3.2698671649732174e-05	cluster_0_1_mixed	723	S	388.0
464_A	0.0	3.267577757862332e-05	cluster_0_1_mixed	464	A	207.0
389_F	0.0	3.266491193939946e-05	cluster_0_1_mixed	389	F	154.0
887_S	0.0	3.2632009686434274e-05	cluster_0_1_mixed	887	S	496.0
530_Y	0.0	3.2630129934995344e-05	cluster_0_1_mixed	530	Y	229.0
335_Q	0.0	3.2625766988550905e-05	cluster_0_1_mixed	335	Q	124.0
438_K	0.0	3.262433281962692e-05	cluster_0_1_mixed	438	K	190.0
565_R	0.0	3.2577551654486594e-05	cluster_0_1_mixed	565	R	250.0
527_I	0.0	3.2572653554500624e-05	cluster_0_1_mixed	527	I	226.0
223_G	0.0	3.256484758898603e-05	cluster_0_1_mixed	223	G	49.0
676_V	0.0	3.255704567199737e-05	cluster_0_1_mixed	676	V	345.0
912_C	0.0	3.252880615266627e-05	cluster_0_1_mixed	912	C	499.0
553_E	0.0	3.251607504751349e-05	cluster_0_1_mixed	553	E	242.0
868_D	0.0	3.248669512031136e-05	cluster_0_1_mixed	868	D	477.0
440_A	0.0	3.248090779807978e-05	cluster_0_1_mixed	440	A	190.0
800_A	0.0	3.247552656146328e-05	cluster_0_1_mixed	800	A	434.0
550_P	0.0	3.247342831401842e-05	cluster_0_1_mixed	550	P	242.0
739_K	0.0	3.246767212743864e-05	cluster_0_1_mixed	739	K	404.0
366_N	0.0	3.2448376867475634e-05	cluster_0_1_mixed	366	N	139.0
327_T	0.0	3.244003590179314e-05	cluster_0_1_mixed	327	T	117.0
317_K	0.0	3.24317279930192e-05	cluster_0_1_mixed	317	K	107.0
690_I	0.0	3.2422700483282174e-05	cluster_0_1_mixed	690	I	357.0
341_N	0.0	3.241603999436562e-05	cluster_0_1_mixed	341	N	130.0
302_Q	0.0	3.240814813710169e-05	cluster_0_1_mixed	302	Q	102.0
213_L	0.0	3.237799885904617e-05	cluster_0_1_mixed	213	L	40.0
893_S	0.0	3.2374049422942266e-05	cluster_0_1_mixed	893	S	496.0
530_Q	0.0	3.237401368631968e-05	cluster_0_1_mixed	530	Q	229.0
569_M	0.0	3.236826530641818e-05	cluster_0_1_mixed	569	M	254.0
564_E	0.0	3.236561189808064e-05	cluster_0_1_mixed	564	E	249.0
372_D	0.0	3.2350274092585604e-05	cluster_0_1_mixed	372	D	141.0
559_Y	0.0	3.228106137460017e-05	cluster_0_1_mixed	559	Y	245.0
425_Q	0.0	3.2279010041142506e-05	cluster_0_1_mixed	425	Q	181.0
783_G	0.0	3.218675745981231e-05	cluster_0_1_mixed	783	G	426.0
563_E	0.0	3.2180394551759327e-05	cluster_0_1_mixed	563	E	248.0
688_L	0.0	3.217816453922192e-05	cluster_0_1_mixed	688	L	357.0
492_T	0.0	3.215774129181974e-05	cluster_0_1_mixed	492	T	221.0
867_P	0.0	3.215411635138221e-05	cluster_0_1_mixed	867	P	476.0
742_E	0.0	3.214063757848341e-05	cluster_0_1_mixed	742	E	407.0
531_K	0.0	3.213088400215203e-05	cluster_0_1_mixed	531	K	230.0
481_R	0.0	3.212611650235509e-05	cluster_0_1_mixed	481	R	221.0
543_Q	0.0	3.205164499021182e-05	cluster_0_1_mixed	543	Q	237.0
174_F	0.0	3.2046196661142786e-05	cluster_0_1_mixed	174	F	3.0
199_K	0.0	3.2041751150921296e-05	cluster_0_1_mixed	199	K	26.0
567_Q	0.0	3.2039618487708e-05	cluster_0_1_mixed	567	Q	252.0
770_S	0.0	3.201382305418282e-05	cluster_0_1_mixed	770	S	417.0
424_P	0.0	3.2008914822273526e-05	cluster_0_1_mixed	424	P	180.0
178_Q	0.0	3.198148781286443e-05	cluster_0_1_mixed	178	Q	7.0
655_T	0.0	3.197075122281585e-05	cluster_0_1_mixed	655	T	337.0
570_D	0.0	3.196928818705865e-05	cluster_0_1_mixed	570	D	254.0
698_A	0.0	3.1955919799912574e-05	cluster_0_1_mixed	698	A	363.0
934_G	0.0	3.194937418307554e-05	cluster_0_1_mixed	934	G	517.0
520_P	0.0	3.18756884659308e-05	cluster_0_1_mixed	520	P	223.0
241_D	0.0	3.1842805217861624e-05	cluster_0_1_mixed	241	D	60.0
883_L	0.0	3.183541751823234e-05	cluster_0_1_mixed	883	L	492.0
376_R	0.0	3.182246850645081e-05	cluster_0_1_mixed	376	R	141.0
543_R	0.0	3.180063138778459e-05	cluster_0_1_mixed	543	R	237.0
555_R	0.0	3.1775060249742403e-05	cluster_0_1_mixed	555	R	243.0
680_E	0.0	3.176853911355236e-05	cluster_0_1_mixed	680	E	349.0
871_D	0.0	3.174627722519183e-05	cluster_0_1_mixed	871	D	480.0
872_Q	0.0	3.173986279507085e-05	cluster_0_1_mixed	872	Q	481.0
562_R	0.0	3.172718544966693e-05	cluster_0_1_mixed	562	R	247.0
484_F	0.0	3.172651330001356e-05	cluster_0_1_mixed	484	F	221.0
444_F	0.0	3.171983368257245e-05	cluster_0_1_mixed	444	F	190.0
345_F	0.0	3.167959712264941e-05	cluster_0_1_mixed	345	F	130.0
726_W	0.0	3.167473705805585e-05	cluster_0_1_mixed	726	W	391.0
318_D	0.0	3.1659767210257614e-05	cluster_0_1_mixed	318	D	108.0
685_V	0.0	3.1657988960448214e-05	cluster_0_1_mixed	685	V	354.0
62_L	0.0	3.163866047996668e-05	cluster_0_1_mixed	62	L	0.0
531_P	0.0	3.1619042703458774e-05	cluster_0_1_mixed	531	P	230.0
202_A	0.0	3.1609038713454346e-05	cluster_0_1_mixed	202	A	29.0
185_H	0.0	3.154736478305651e-05	cluster_0_1_mixed	185	H	14.0
303_N	0.0	3.15270625521049e-05	cluster_0_1_mixed	303	N	102.0
575_A	0.0	3.151610045798982e-05	cluster_0_1_mixed	575	A	259.0
318_G	0.0	3.151413021796349e-05	cluster_0_1_mixed	318	G	108.0
610_S	0.0	3.1489990652305444e-05	cluster_0_1_mixed	610	S	293.0
827_D	0.0	3.147659934770891e-05	cluster_0_1_mixed	827	D	454.0
873_S	0.0	3.147320271167667e-05	cluster_0_1_mixed	873	S	482.0
910_M	0.0	3.146828466051771e-05	cluster_0_1_mixed	910	M	497.0
486_A	0.0	3.145752810820933e-05	cluster_0_1_mixed	486	A	221.0
390_G	0.0	3.1446389090390316e-05	cluster_0_1_mixed	390	G	155.0
198_V	0.0	3.143265791712821e-05	cluster_0_1_mixed	198	V	25.0
568_P	0.0	3.141786778234237e-05	cluster_0_1_mixed	568	P	253.0
477_R	0.0	3.141614012540761e-05	cluster_0_1_mixed	477	R	220.0
873_V	0.0	3.138529495331735e-05	cluster_0_1_mixed	873	V	482.0
360_G	0.0	3.135830043410532e-05	cluster_0_1_mixed	360	G	134.0
878_I	0.0	3.135139477475197e-05	cluster_0_1_mixed	878	I	487.0
802_I	0.0	3.1350839029714985e-05	cluster_0_1_mixed	802	I	436.0
806_P	0.0	3.134009987100087e-05	cluster_0_1_mixed	806	P	438.0
635_T	0.0	3.1329219258951765e-05	cluster_0_1_mixed	635	T	317.0
737_A	0.0	3.130593093296711e-05	cluster_0_1_mixed	737	A	402.0
700_A	0.0	3.130480545033838e-05	cluster_0_1_mixed	700	A	365.0
634_V	0.0	3.128440080413189e-05	cluster_0_1_mixed	634	V	316.0
654_Q	0.0	3.127968613849753e-05	cluster_0_1_mixed	654	Q	336.0
564_F	0.0	3.1257511517544544e-05	cluster_0_1_mixed	564	F	249.0
532_F	0.0	3.1253205210587496e-05	cluster_0_1_mixed	532	F	231.0
666_N	0.0	3.125311493103066e-05	cluster_0_1_mixed	666	N	339.0
836_L	0.0	3.123489441539235e-05	cluster_0_1_mixed	836	L	457.0
173_K	0.0	3.12004791239955e-05	cluster_0_1_mixed	173	K	2.0
555_W	0.0	3.116249946848123e-05	cluster_0_1_mixed	555	W	243.0
332_L	0.0	3.115334282768707e-05	cluster_0_1_mixed	332	L	121.0
367_N	0.0	3.1137910571426024e-05	cluster_0_1_mixed	367	N	139.0
380_I	0.0	3.1127129507095215e-05	cluster_0_1_mixed	380	I	145.0
280_H	0.0	3.1125165037702205e-05	cluster_0_1_mixed	280	H	91.0
180_Q	0.0	3.111945135549637e-05	cluster_0_1_mixed	180	Q	9.0
564_R	0.0	3.1071707536725085e-05	cluster_0_1_mixed	564	R	249.0
562_M	0.0	3.104838444895113e-05	cluster_0_1_mixed	562	M	247.0
376_L	0.0	3.1026912547141324e-05	cluster_0_1_mixed	376	L	141.0
342_P	0.0	3.102635775028098e-05	cluster_0_1_mixed	342	P	130.0
184_L	0.0	3.1012298586434786e-05	cluster_0_1_mixed	184	L	13.0
492_E	0.0	3.0996730466031974e-05	cluster_0_1_mixed	492	E	221.0
637_P	0.0	3.0983438515631465e-05	cluster_0_1_mixed	637	P	319.0
345_S	0.0	3.095814914089716e-05	cluster_0_1_mixed	345	S	130.0
359_P	0.0	3.095291992448624e-05	cluster_0_1_mixed	359	P	134.0
483_F	0.0	3.094410318869549e-05	cluster_0_1_mixed	483	F	221.0
189_F	0.0	3.0902540489494926e-05	cluster_0_1_mixed	189	F	16.0
867_E	0.0	3.087273548424937e-05	cluster_0_1_mixed	867	E	476.0
569_Y	0.0	3.0862851737654293e-05	cluster_0_1_mixed	569	Y	254.0
696_Q	0.0	3.0862402415364334e-05	cluster_0_1_mixed	696	Q	361.0
493_D	0.0	3.085566694762321e-05	cluster_0_1_mixed	493	D	221.0
523_K	0.0	3.083014586666754e-05	cluster_0_1_mixed	523	K	223.0
521_N	0.0	3.082222174254648e-05	cluster_0_1_mixed	521	N	223.0
371_D	0.0	3.0818894848960226e-05	cluster_0_1_mixed	371	D	141.0
326_P	0.0	3.079159493877643e-05	cluster_0_1_mixed	326	P	116.0
570_K	0.0	3.0786350289442715e-05	cluster_0_1_mixed	570	K	254.0
668_V	0.0	3.0780190961459956e-05	cluster_0_1_mixed	668	V	340.0
319_L	0.0	3.075862333083149e-05	cluster_0_1_mixed	319	L	109.0
248_I	0.0	3.071764445501703e-05	cluster_0_1_mixed	248	I	66.0
779_S	0.0	3.0705533894013734e-05	cluster_0_1_mixed	779	S	423.0
186_G	0.0	3.0676402778443386e-05	cluster_0_1_mixed	186	G	14.0
543_F	0.0	3.066972219944139e-05	cluster_0_1_mixed	543	F	237.0
927_V	0.0	3.060631270574481e-05	cluster_0_1_mixed	927	V	510.0
354_E	0.0	3.058037944202431e-05	cluster_0_1_mixed	354	E	134.0
333_F	0.0	3.058011659254497e-05	cluster_0_1_mixed	333	F	122.0
623_R	0.0	3.056931955656139e-05	cluster_0_1_mixed	623	R	306.0
175_M	0.0	3.05587316236821e-05	cluster_0_1_mixed	175	M	4.0
87_E	0.0	3.0555853370164424e-05	cluster_0_1_mixed	87	E	0.0
517_N	0.0	3.053706267805334e-05	cluster_0_1_mixed	517	N	223.0
355_K	0.0	3.052824979466149e-05	cluster_0_1_mixed	355	K	134.0
875_A	0.0	3.052097993799951e-05	cluster_0_1_mixed	875	A	484.0
204_A	0.0	3.0514689073002305e-05	cluster_0_1_mixed	204	A	31.0
224_W	0.0	3.0500406263749543e-05	cluster_0_1_mixed	224	W	50.0
798_T	0.0	3.0491992298674836e-05	cluster_0_1_mixed	798	T	432.0
707_H	0.0	3.0474836976420872e-05	cluster_0_1_mixed	707	H	372.0
623_Q	0.0	3.0461365839161653e-05	cluster_0_1_mixed	623	Q	306.0
276_I	0.0	3.0458648251076345e-05	cluster_0_1_mixed	276	I	87.0
848_I	0.0	3.0453216593981013e-05	cluster_0_1_mixed	848	I	467.0
930_A	0.0	3.044941599477211e-05	cluster_0_1_mixed	930	A	513.0
538_Q	0.0	3.0437002861760247e-05	cluster_0_1_mixed	538	Q	232.0
527_V	0.0	3.039867778897782e-05	cluster_0_1_mixed	527	V	226.0
207_N	0.0	3.0356779648924233e-05	cluster_0_1_mixed	207	N	34.0
182_V	0.0	3.0355501771823025e-05	cluster_0_1_mixed	182	V	11.0
241_H	0.0	3.03468997619214e-05	cluster_0_1_mixed	241	H	60.0
662_A	0.0	3.032143823845689e-05	cluster_0_1_mixed	662	A	339.0
564_I	0.0	3.031124277962759e-05	cluster_0_1_mixed	564	I	249.0
628_A	0.0	3.0309833994299657e-05	cluster_0_1_mixed	628	A	310.0
421_A	0.0	3.029859060626372e-05	cluster_0_1_mixed	421	A	180.0
177_R	0.0	3.0269804260285426e-05	cluster_0_1_mixed	177	R	6.0
565_H	0.0	3.026809716830092e-05	cluster_0_1_mixed	565	H	250.0
605_A	0.0	3.0260022251822734e-05	cluster_0_1_mixed	605	A	288.0
485_N	0.0	3.0251412245442097e-05	cluster_0_1_mixed	485	N	221.0
486_Q	0.0	3.0233362477004955e-05	cluster_0_1_mixed	486	Q	221.0
858_Q	0.0	3.0231567960343797e-05	cluster_0_1_mixed	858	Q	473.0
801_D	0.0	3.0214666652427576e-05	cluster_0_1_mixed	801	D	435.0
551_E	0.0	3.021155318131231e-05	cluster_0_1_mixed	551	E	242.0
425_S	0.0	3.020436369953191e-05	cluster_0_1_mixed	425	S	181.0
922_H	0.0	3.016630285106256e-05	cluster_0_1_mixed	922	H	505.0
595_T	0.0	3.014679671201177e-05	cluster_0_1_mixed	595	T	278.0
658_Q	0.0	3.0115462522625853e-05	cluster_0_1_mixed	658	Q	339.0
423_Y	0.0	3.007871575325218e-05	cluster_0_1_mixed	423	Y	180.0
175_K	0.0	3.0024066293089635e-05	cluster_0_1_mixed	175	K	4.0
195_N	0.0	3.0013066663384308e-05	cluster_0_1_mixed	195	N	22.0
532_K	0.0	2.994680366933759e-05	cluster_0_1_mixed	532	K	231.0
319_E	0.0	2.991497631905552e-05	cluster_0_1_mixed	319	E	109.0
784_I	0.0	2.989236977783613e-05	cluster_0_1_mixed	784	I	426.0
667_Q	0.0	2.989206681320092e-05	cluster_0_1_mixed	667	Q	339.0
178_V	0.0	2.986702494874588e-05	cluster_0_1_mixed	178	V	7.0
475_F	0.0	2.9837523729344563e-05	cluster_0_1_mixed	475	F	218.0
408_M	0.0	2.980748846945536e-05	cluster_0_1_mixed	408	M	167.0
578_S	0.0	2.979852402507483e-05	cluster_0_1_mixed	578	S	262.0
210_L	0.0	2.9787558868221457e-05	cluster_0_1_mixed	210	L	37.0
540_Y	0.0	2.978610082900607e-05	cluster_0_1_mixed	540	Y	234.0
414_E	0.0	2.977322383314577e-05	cluster_0_1_mixed	414	E	173.0
780_Y	0.0	2.9758101664959056e-05	cluster_0_1_mixed	780	Y	424.0
437_S	0.0	2.975671663734383e-05	cluster_0_1_mixed	437	S	190.0
520_N	0.0	2.974411590105286e-05	cluster_0_1_mixed	520	N	223.0
579_L	0.0	2.9723637379467625e-05	cluster_0_1_mixed	579	L	263.0
853_T	0.0	2.9717039800040735e-05	cluster_0_1_mixed	853	T	468.0
263_E	0.0	2.9716915812596566e-05	cluster_0_1_mixed	263	E	81.0
330_A	0.0	2.9716665201733904e-05	cluster_0_1_mixed	330	A	119.0
858_I	0.0	2.971160635087594e-05	cluster_0_1_mixed	858	I	473.0
302_L	0.0	2.9678865365012097e-05	cluster_0_1_mixed	302	L	102.0
782_L	0.0	2.967307222432101e-05	cluster_0_1_mixed	782	L	426.0
333_D	0.0	2.9672925262043036e-05	cluster_0_1_mixed	333	D	122.0
412_P	0.0	2.9657503864512207e-05	cluster_0_1_mixed	412	P	171.0
438_Y	0.0	2.9643056530449573e-05	cluster_0_1_mixed	438	Y	190.0
793_P	0.0	2.964028900911191e-05	cluster_0_1_mixed	793	P	428.0
438_I	0.0	2.9639193994101485e-05	cluster_0_1_mixed	438	I	190.0
518_N	0.0	2.963734295598774e-05	cluster_0_1_mixed	518	N	223.0
559_Q	0.0	2.9595795472430524e-05	cluster_0_1_mixed	559	Q	245.0
687_M	0.0	2.9556924988737487e-05	cluster_0_1_mixed	687	M	356.0
350_F	0.0	2.9552644975589048e-05	cluster_0_1_mixed	350	F	131.0
441_P	0.0	2.9541356594798856e-05	cluster_0_1_mixed	441	P	190.0
365_P	0.0	2.9541018978060057e-05	cluster_0_1_mixed	365	P	139.0
736_M	0.0	2.9515809133121484e-05	cluster_0_1_mixed	736	M	401.0
329_G	0.0	2.9504826864291163e-05	cluster_0_1_mixed	329	G	118.0
296_P	0.0	2.9502644803603404e-05	cluster_0_1_mixed	296	P	96.0
349_K	0.0	2.948842757122745e-05	cluster_0_1_mixed	349	K	131.0
535_M	0.0	2.9475238423461097e-05	cluster_0_1_mixed	535	M	231.0
409_E	0.0	2.9466009710851866e-05	cluster_0_1_mixed	409	E	168.0
334_D	0.0	2.9456432841849044e-05	cluster_0_1_mixed	334	D	123.0
329_F	0.0	2.9450571353817557e-05	cluster_0_1_mixed	329	F	118.0
674_V	0.0	2.938750559080614e-05	cluster_0_1_mixed	674	V	343.0
537_P	0.0	2.9379309152038585e-05	cluster_0_1_mixed	537	P	231.0
662_Q	0.0	2.9378704935030964e-05	cluster_0_1_mixed	662	Q	339.0
441_I	0.0	2.9378376437569625e-05	cluster_0_1_mixed	441	I	190.0
423_I	0.0	2.937171176599635e-05	cluster_0_1_mixed	423	I	180.0
426_T	0.0	2.93487886812829e-05	cluster_0_1_mixed	426	T	182.0
815_H	0.0	2.934697630666788e-05	cluster_0_1_mixed	815	H	442.0
685_S	0.0	2.9344093873627624e-05	cluster_0_1_mixed	685	S	354.0
695_T	0.0	2.932988886386684e-05	cluster_0_1_mixed	695	T	360.0
830_S	0.0	2.9314588843235955e-05	cluster_0_1_mixed	830	S	454.0
480_I	0.0	2.929599720351922e-05	cluster_0_1_mixed	480	I	221.0
114_P	0.0	2.9272129759041653e-05	cluster_0_1_mixed	114	P	0.0
845_Y	0.0	2.925741891815336e-05	cluster_0_1_mixed	845	Y	466.0
265_T	0.0	2.9246239254106423e-05	cluster_0_1_mixed	265	T	83.0
722_T	0.0	2.920957826002609e-05	cluster_0_1_mixed	722	T	387.0
731_I	0.0	2.920298099020854e-05	cluster_0_1_mixed	731	I	396.0
547_R	0.0	2.9202578389068494e-05	cluster_0_1_mixed	547	R	241.0
611_Q	0.0	2.9187774640999943e-05	cluster_0_1_mixed	611	Q	294.0
416_I	0.0	2.918237460532825e-05	cluster_0_1_mixed	416	I	175.0
463_S	0.0	2.9171388772062617e-05	cluster_0_1_mixed	463	S	206.0
729_F	0.0	2.915207079068204e-05	cluster_0_1_mixed	729	F	394.0
105_G	0.0	2.914238923336708e-05	cluster_0_1_mixed	105	G	0.0
378_Q	0.0	2.9140337945162748e-05	cluster_0_1_mixed	378	Q	143.0
550_F	0.0	2.9137702232304345e-05	cluster_0_1_mixed	550	F	242.0
346_A	0.0	2.909606877897379e-05	cluster_0_1_mixed	346	A	130.0
485_Q	0.0	2.909183023344255e-05	cluster_0_1_mixed	485	Q	221.0
178_Y	0.0	2.9083544713191412e-05	cluster_0_1_mixed	178	Y	7.0
668_L	0.0	2.9033231058083116e-05	cluster_0_1_mixed	668	L	340.0
488_V	0.0	2.9020823627241204e-05	cluster_0_1_mixed	488	V	221.0
727_A	0.0	2.9015324172290254e-05	cluster_0_1_mixed	727	A	392.0
548_Y	0.0	2.9011411576411143e-05	cluster_0_1_mixed	548	Y	242.0
937_F	0.0	2.897680980164301e-05	cluster_0_1_mixed	937	F	520.0
693_D	0.0	2.8948911799424437e-05	cluster_0_1_mixed	693	D	358.0
201_A	0.0	2.8948578507243616e-05	cluster_0_1_mixed	201	A	28.0
16_K	0.0	2.893672704604023e-05	cluster_0_1_mixed	16	K	0.0
557_Y	0.0	2.892635650028338e-05	cluster_0_1_mixed	557	Y	245.0
760_K	0.0	2.8921409480621207e-05	cluster_0_1_mixed	760	K	413.0
344_V	0.0	2.891584958084702e-05	cluster_0_1_mixed	344	V	130.0
854_Q	0.0	2.890849333511274e-05	cluster_0_1_mixed	854	Q	469.0
524_P	0.0	2.8897142940716912e-05	cluster_0_1_mixed	524	P	223.0
899_S	0.0	2.889458601079887e-05	cluster_0_1_mixed	899	S	496.0
714_L	0.0	2.8836981538824305e-05	cluster_0_1_mixed	714	L	379.0
385_L	0.0	2.883346493063404e-05	cluster_0_1_mixed	385	L	150.0
526_R	0.0	2.8824622523107428e-05	cluster_0_1_mixed	526	R	225.0
446_H	0.0	2.8822916722743858e-05	cluster_0_1_mixed	446	H	192.0
390_R	0.0	2.880025045884823e-05	cluster_0_1_mixed	390	R	155.0
186_H	0.0	2.8796029708595244e-05	cluster_0_1_mixed	186	H	14.0
323_V	0.0	2.8773404171503462e-05	cluster_0_1_mixed	323	V	113.0
341_L	0.0	2.8693624832164315e-05	cluster_0_1_mixed	341	L	130.0
736_L	0.0	2.8685904840542297e-05	cluster_0_1_mixed	736	L	401.0
371_N	0.0	2.865739459312553e-05	cluster_0_1_mixed	371	N	141.0
420_L	0.0	2.8598776785790804e-05	cluster_0_1_mixed	420	L	179.0
433_V	0.0	2.8575870475042487e-05	cluster_0_1_mixed	433	V	186.0
211_G	0.0	2.856795216950166e-05	cluster_0_1_mixed	211	G	38.0
774_W	0.0	2.8554864457861073e-05	cluster_0_1_mixed	774	W	421.0
372_S	0.0	2.8547183920186548e-05	cluster_0_1_mixed	372	S	141.0
481_Q	0.0	2.8530536999040574e-05	cluster_0_1_mixed	481	Q	221.0
651_E	0.0	2.8509389088758057e-05	cluster_0_1_mixed	651	E	333.0
588_V	0.0	2.84304780455578e-05	cluster_0_1_mixed	588	V	272.0
692_K	0.0	2.842753585193186e-05	cluster_0_1_mixed	692	K	357.0
282_Q	0.0	2.8386185446295665e-05	cluster_0_1_mixed	282	Q	93.0
322_A	0.0	2.8358767614425733e-05	cluster_0_1_mixed	322	A	112.0
843_Q	0.0	2.8339341457381166e-05	cluster_0_1_mixed	843	Q	464.0
368_I	0.0	2.832063635273388e-05	cluster_0_1_mixed	368	I	139.0
479_F	0.0	2.831326898265123e-05	cluster_0_1_mixed	479	F	221.0
278_H	0.0	2.8312257492975824e-05	cluster_0_1_mixed	278	H	89.0
241_V	0.0	2.8310341994590245e-05	cluster_0_1_mixed	241	V	60.0
184_N	0.0	2.8296383061742474e-05	cluster_0_1_mixed	184	N	13.0
676_K	0.0	2.828766573504803e-05	cluster_0_1_mixed	676	K	345.0
519_N	0.0	2.8286587249806712e-05	cluster_0_1_mixed	519	N	223.0
519_V	0.0	2.82620057132782e-05	cluster_0_1_mixed	519	V	223.0
486_L	0.0	2.825344259450918e-05	cluster_0_1_mixed	486	L	221.0
693_Y	0.0	2.8251490783454903e-05	cluster_0_1_mixed	693	Y	358.0
339_P	0.0	2.824679424252935e-05	cluster_0_1_mixed	339	P	128.0
849_L	0.0	2.8222959945220737e-05	cluster_0_1_mixed	849	L	467.0
318_R	0.0	2.8171877479124702e-05	cluster_0_1_mixed	318	R	108.0
566_Q	0.0	2.8156832951984377e-05	cluster_0_1_mixed	566	Q	251.0
301_L	0.0	2.812687230035356e-05	cluster_0_1_mixed	301	L	101.0
528_I	0.0	2.8125593405240045e-05	cluster_0_1_mixed	528	I	227.0
379_N	0.0	2.811834837789003e-05	cluster_0_1_mixed	379	N	144.0
533_F	0.0	2.81162832888828e-05	cluster_0_1_mixed	533	F	231.0
620_H	0.0	2.804399310204824e-05	cluster_0_1_mixed	620	H	303.0
199_R	0.0	2.803731495172681e-05	cluster_0_1_mixed	199	R	26.0
109_S	0.0	2.8025483879077428e-05	cluster_0_1_mixed	109	S	0.0
935_I	0.0	2.802459079452319e-05	cluster_0_1_mixed	935	I	518.0
634_Q	0.0	2.8008459265675583e-05	cluster_0_1_mixed	634	Q	316.0
374_Q	0.0	2.799883929649357e-05	cluster_0_1_mixed	374	Q	141.0
560_V	0.0	2.7992789037297474e-05	cluster_0_1_mixed	560	V	245.0
484_P	0.0	2.7955923567959305e-05	cluster_0_1_mixed	484	P	221.0
627_C	0.0	2.7946509601256043e-05	cluster_0_1_mixed	627	C	309.0
673_L	0.0	2.7934073945227895e-05	cluster_0_1_mixed	673	L	342.0
586_N	0.0	2.79162241417793e-05	cluster_0_1_mixed	586	N	270.0
915_H	0.0	2.7904660854559192e-05	cluster_0_1_mixed	915	H	502.0
859_S	0.0	2.7899930064785656e-05	cluster_0_1_mixed	859	S	474.0
777_V	0.0	2.789644567104056e-05	cluster_0_1_mixed	777	V	422.0
187_G	0.0	2.7889532694520608e-05	cluster_0_1_mixed	187	G	14.0
775_S	0.0	2.787522561517492e-05	cluster_0_1_mixed	775	S	422.0
466_I	0.0	2.7867597158373876e-05	cluster_0_1_mixed	466	I	209.0
279_K	0.0	2.786497886829455e-05	cluster_0_1_mixed	279	K	90.0
526_A	0.0	2.783361929486352e-05	cluster_0_1_mixed	526	A	225.0
827_G	0.0	2.7805456678996582e-05	cluster_0_1_mixed	827	G	454.0
802_K	0.0	2.777052552363034e-05	cluster_0_1_mixed	802	K	436.0
429_W	0.0	2.7763844286344902e-05	cluster_0_1_mixed	429	W	183.0
428_V	0.0	2.7692165655746534e-05	cluster_0_1_mixed	428	V	183.0
693_V	0.0	2.7689541708781655e-05	cluster_0_1_mixed	693	V	358.0
897_V	0.0	2.768367972726352e-05	cluster_0_1_mixed	897	V	496.0
645_N	0.0	2.7676889082639576e-05	cluster_0_1_mixed	645	N	327.0
875_T	0.0	2.7669685241296623e-05	cluster_0_1_mixed	875	T	484.0
422_A	0.0	2.766125351912405e-05	cluster_0_1_mixed	422	A	180.0
438_G	0.0	2.765942655596146e-05	cluster_0_1_mixed	438	G	190.0
722_G	0.0	2.763802787652012e-05	cluster_0_1_mixed	722	G	387.0
184_P	0.0	2.7630823184707755e-05	cluster_0_1_mixed	184	P	13.0
663_S	0.0	2.763033753927043e-05	cluster_0_1_mixed	663	S	339.0
351_N	0.0	2.7593103493260933e-05	cluster_0_1_mixed	351	N	132.0
477_F	0.0	2.759273892830717e-05	cluster_0_1_mixed	477	F	220.0
490_Y	0.0	2.7589946735648373e-05	cluster_0_1_mixed	490	Y	221.0
748_S	0.0	2.7583109784431837e-05	cluster_0_1_mixed	748	S	413.0
408_F	0.0	2.756271387056256e-05	cluster_0_1_mixed	408	F	167.0
519_M	0.0	2.756232240074808e-05	cluster_0_1_mixed	519	M	223.0
869_D	0.0	2.7560612862436737e-05	cluster_0_1_mixed	869	D	478.0
911_S	0.0	2.7540511945490592e-05	cluster_0_1_mixed	911	S	498.0
846_Q	0.0	2.751761551440992e-05	cluster_0_1_mixed	846	Q	467.0
852_G	0.0	2.750564606178561e-05	cluster_0_1_mixed	852	G	467.0
790_R	0.0	2.7462992311104233e-05	cluster_0_1_mixed	790	R	428.0
853_A	0.0	2.744649881571264e-05	cluster_0_1_mixed	853	A	468.0
811_Q	0.0	2.7415701522411777e-05	cluster_0_1_mixed	811	Q	438.0
182_A	0.0	2.740939684296356e-05	cluster_0_1_mixed	182	A	11.0
714_F	0.0	2.7389003205463647e-05	cluster_0_1_mixed	714	F	379.0
834_R	0.0	2.7346309839265364e-05	cluster_0_1_mixed	834	R	455.0
179_H	0.0	2.7332624261562133e-05	cluster_0_1_mixed	179	H	8.0
917_W	0.0	2.7322737370628607e-05	cluster_0_1_mixed	917	W	502.0
424_W	0.0	2.7316114452417884e-05	cluster_0_1_mixed	424	W	180.0
242_A	0.0	2.731457032972162e-05	cluster_0_1_mixed	242	A	61.0
338_Q	0.0	2.731445853261735e-05	cluster_0_1_mixed	338	Q	127.0
496_D	0.0	2.7306075673012147e-05	cluster_0_1_mixed	496	D	221.0
249_C	0.0	2.7253304568407974e-05	cluster_0_1_mixed	249	C	67.0
515_L	0.0	2.724640875586132e-05	cluster_0_1_mixed	515	L	221.0
530_R	0.0	2.7222475757764146e-05	cluster_0_1_mixed	530	R	229.0
341_S	0.0	2.721919873659456e-05	cluster_0_1_mixed	341	S	130.0
682_L	0.0	2.721506435509491e-05	cluster_0_1_mixed	682	L	351.0
780_Q	0.0	2.721352851956169e-05	cluster_0_1_mixed	780	Q	424.0
435_K	0.0	2.720947920956914e-05	cluster_0_1_mixed	435	K	188.0
894_T	0.0	2.719836034302724e-05	cluster_0_1_mixed	894	T	496.0
263_R	0.0	2.7177675123568057e-05	cluster_0_1_mixed	263	R	81.0
831_N	0.0	2.7171263093216342e-05	cluster_0_1_mixed	831	N	454.0
414_L	0.0	2.7141857825348546e-05	cluster_0_1_mixed	414	L	173.0
517_V	0.0	2.7139042615170123e-05	cluster_0_1_mixed	517	V	223.0
438_S	0.0	2.7111110683297375e-05	cluster_0_1_mixed	438	S	190.0
493_Y	0.0	2.710850534763122e-05	cluster_0_1_mixed	493	Y	221.0
423_V	0.0	2.7101335501348197e-05	cluster_0_1_mixed	423	V	180.0
162_F	0.0	2.7092590573945007e-05	cluster_0_1_mixed	162	F	0.0
534_D	0.0	2.70925612839626e-05	cluster_0_1_mixed	534	D	231.0
537_F	0.0	2.7070264711890208e-05	cluster_0_1_mixed	537	F	231.0
668_I	0.0	2.705239675469778e-05	cluster_0_1_mixed	668	I	340.0
186_I	0.0	2.7041418835081937e-05	cluster_0_1_mixed	186	I	14.0
591_P	0.0	2.7038161385272453e-05	cluster_0_1_mixed	591	P	274.0
404_M	0.0	2.7021195202145193e-05	cluster_0_1_mixed	404	M	163.0
207_C	0.0	2.7006340955780833e-05	cluster_0_1_mixed	207	C	34.0
379_S	0.0	2.7003481586803475e-05	cluster_0_1_mixed	379	S	144.0
865_A	0.0	2.6973079116140865e-05	cluster_0_1_mixed	865	A	475.0
840_M	0.0	2.696749131635473e-05	cluster_0_1_mixed	840	M	461.0
446_N	0.0	2.69574755745218e-05	cluster_0_1_mixed	446	N	192.0
650_T	0.0	2.693891635628306e-05	cluster_0_1_mixed	650	T	332.0
325_F	0.0	2.6933880950518657e-05	cluster_0_1_mixed	325	F	115.0
346_D	0.0	2.6881848959299093e-05	cluster_0_1_mixed	346	D	130.0
883_N	0.0	2.686824001430701e-05	cluster_0_1_mixed	883	N	492.0
644_N	0.0	2.6862542141107836e-05	cluster_0_1_mixed	644	N	326.0
653_T	0.0	2.6842199453187244e-05	cluster_0_1_mixed	653	T	335.0
337_I	0.0	2.682588782859422e-05	cluster_0_1_mixed	337	I	126.0
781_S	0.0	2.6801060302866653e-05	cluster_0_1_mixed	781	S	425.0
869_Q	0.0	2.678376338452548e-05	cluster_0_1_mixed	869	Q	478.0
358_F	0.0	2.6774710199595894e-05	cluster_0_1_mixed	358	F	134.0
223_V	0.0	2.675709936695305e-05	cluster_0_1_mixed	223	V	49.0
519_E	0.0	2.6751444778402512e-05	cluster_0_1_mixed	519	E	223.0
649_K	0.0	2.6749888339333216e-05	cluster_0_1_mixed	649	K	331.0
466_V	0.0	2.668226543118346e-05	cluster_0_1_mixed	466	V	209.0
721_H	0.0	2.6654971038990023e-05	cluster_0_1_mixed	721	H	386.0
493_E	0.0	2.6637414501556945e-05	cluster_0_1_mixed	493	E	221.0
339_D	0.0	2.663671147672104e-05	cluster_0_1_mixed	339	D	128.0
227_G	0.0	2.6601663388218244e-05	cluster_0_1_mixed	227	G	53.0
479_Q	0.0	2.6589769344225468e-05	cluster_0_1_mixed	479	Q	221.0
910_I	0.0	2.6580557327700903e-05	cluster_0_1_mixed	910	I	497.0
216_M	0.0	2.6572669446359064e-05	cluster_0_1_mixed	216	M	42.0
306_L	0.0	2.656757891058752e-05	cluster_0_1_mixed	306	L	102.0
911_A	0.0	2.654450530152704e-05	cluster_0_1_mixed	911	A	498.0
648_S	0.0	2.6541743051161804e-05	cluster_0_1_mixed	648	S	330.0
472_F	0.0	2.6540383497467655e-05	cluster_0_1_mixed	472	F	215.0
64_C	0.0	2.6537975019963375e-05	cluster_0_1_mixed	64	C	0.0
217_W	0.0	2.6533583746322288e-05	cluster_0_1_mixed	217	W	43.0
883_F	0.0	2.6526758349744532e-05	cluster_0_1_mixed	883	F	492.0
433_Q	0.0	2.6526235370673425e-05	cluster_0_1_mixed	433	Q	186.0
482_N	0.0	2.650719644240087e-05	cluster_0_1_mixed	482	N	221.0
363_V	0.0	2.6498827905367068e-05	cluster_0_1_mixed	363	V	137.0
495_T	0.0	2.649489300802348e-05	cluster_0_1_mixed	495	T	221.0
574_R	0.0	2.6467735276098832e-05	cluster_0_1_mixed	574	R	258.0
528_D	0.0	2.644534969768766e-05	cluster_0_1_mixed	528	D	227.0
437_V	0.0	2.6438215667381353e-05	cluster_0_1_mixed	437	V	190.0
340_I	0.0	2.6428658945120892e-05	cluster_0_1_mixed	340	I	129.0
647_K	0.0	2.6422954270250905e-05	cluster_0_1_mixed	647	K	329.0
574_I	0.0	2.641194171018486e-05	cluster_0_1_mixed	574	I	258.0
784_E	0.0	2.64071803267193e-05	cluster_0_1_mixed	784	E	426.0
631_F	0.0	2.6401637555202063e-05	cluster_0_1_mixed	631	F	313.0
900_W	0.0	2.6393391451898497e-05	cluster_0_1_mixed	900	W	496.0
207_W	0.0	2.637559902744189e-05	cluster_0_1_mixed	207	W	34.0
496_P	0.0	2.637423906828162e-05	cluster_0_1_mixed	496	P	221.0
181_I	0.0	2.6371252529608968e-05	cluster_0_1_mixed	181	I	10.0
345_N	0.0	2.6369071780323816e-05	cluster_0_1_mixed	345	N	130.0
464_R	0.0	2.635766360967472e-05	cluster_0_1_mixed	464	R	207.0
655_I	0.0	2.6357035830434213e-05	cluster_0_1_mixed	655	I	337.0
179_P	0.0	2.6349532889624427e-05	cluster_0_1_mixed	179	P	8.0
244_S	0.0	2.634760785295095e-05	cluster_0_1_mixed	244	S	63.0
815_R	0.0	2.634086076972248e-05	cluster_0_1_mixed	815	R	442.0
778_G	0.0	2.633196674901781e-05	cluster_0_1_mixed	778	G	422.0
430_K	0.0	2.630732192275138e-05	cluster_0_1_mixed	430	K	183.0
851_D	0.0	2.6281536570487943e-05	cluster_0_1_mixed	851	D	467.0
517_T	0.0	2.6263208758248673e-05	cluster_0_1_mixed	517	T	223.0
57_T	0.0	2.6259865273672893e-05	cluster_0_1_mixed	57	T	0.0
911_F	0.0	2.625554975762465e-05	cluster_0_1_mixed	911	F	498.0
599_K	0.0	2.6254363265934867e-05	cluster_0_1_mixed	599	K	282.0
686_Q	0.0	2.6244560193314298e-05	cluster_0_1_mixed	686	Q	355.0
557_Q	0.0	2.623985218331975e-05	cluster_0_1_mixed	557	Q	245.0
165_M	0.0	2.622040765035516e-05	cluster_0_1_mixed	165	M	0.0
565_I	0.0	2.6214321189146623e-05	cluster_0_1_mixed	565	I	250.0
623_T	0.0	2.620684385129515e-05	cluster_0_1_mixed	623	T	306.0
575_R	0.0	2.62046411469057e-05	cluster_0_1_mixed	575	R	259.0
244_P	0.0	2.619247938195437e-05	cluster_0_1_mixed	244	P	63.0
67_K	0.0	2.6164191573457644e-05	cluster_0_1_mixed	67	K	0.0
635_W	0.0	2.6161515228757532e-05	cluster_0_1_mixed	635	W	317.0
462_E	0.0	2.615792469862041e-05	cluster_0_1_mixed	462	E	206.0
559_F	0.0	2.6148680152660715e-05	cluster_0_1_mixed	559	F	245.0
430_E	0.0	2.6147256435099147e-05	cluster_0_1_mixed	430	E	183.0
540_L	0.0	2.610927355564274e-05	cluster_0_1_mixed	540	L	234.0
434_L	0.0	2.6099362086893057e-05	cluster_0_1_mixed	434	L	187.0
793_T	0.0	2.6096065967567477e-05	cluster_0_1_mixed	793	T	428.0
444_Q	0.0	2.608566223575428e-05	cluster_0_1_mixed	444	Q	190.0
379_G	0.0	2.607299596765404e-05	cluster_0_1_mixed	379	G	144.0
184_K	0.0	2.6064719142918575e-05	cluster_0_1_mixed	184	K	13.0
609_I	0.0	2.604685553597598e-05	cluster_0_1_mixed	609	I	292.0
283_V	0.0	2.6033255219708424e-05	cluster_0_1_mixed	283	V	93.0
486_I	0.0	2.6023165624813223e-05	cluster_0_1_mixed	486	I	221.0
59_D	0.0	2.601141238916836e-05	cluster_0_1_mixed	59	D	0.0
885_L	0.0	2.5962697038809355e-05	cluster_0_1_mixed	885	L	494.0
532_L	0.0	2.5957494872879243e-05	cluster_0_1_mixed	532	L	231.0
440_G	0.0	2.595647271025564e-05	cluster_0_1_mixed	440	G	190.0
675_K	0.0	2.5955479828241923e-05	cluster_0_1_mixed	675	K	344.0
481_S	0.0	2.5949800755801356e-05	cluster_0_1_mixed	481	S	221.0
737_L	0.0	2.5947113708272725e-05	cluster_0_1_mixed	737	L	402.0
566_P	0.0	2.5919842656752827e-05	cluster_0_1_mixed	566	P	251.0
446_C	0.0	2.590618430480191e-05	cluster_0_1_mixed	446	C	192.0
414_P	0.0	2.5882731459937125e-05	cluster_0_1_mixed	414	P	173.0
673_N	0.0	2.587023018600309e-05	cluster_0_1_mixed	673	N	342.0
533_R	0.0	2.5842814961566185e-05	cluster_0_1_mixed	533	R	231.0
813_T	0.0	2.581817937084058e-05	cluster_0_1_mixed	813	T	440.0
204_V	0.0	2.5816172406891753e-05	cluster_0_1_mixed	204	V	31.0
209_I	0.0	2.5799084746999713e-05	cluster_0_1_mixed	209	I	36.0
332_Y	0.0	2.5764045799582408e-05	cluster_0_1_mixed	332	Y	121.0
92_L	0.0	2.5756714931949632e-05	cluster_0_1_mixed	92	L	0.0
205_S	0.0	2.5749340839712977e-05	cluster_0_1_mixed	205	S	32.0
847_E	0.0	2.574920168269028e-05	cluster_0_1_mixed	847	E	467.0
914_C	0.0	2.5738763588390827e-05	cluster_0_1_mixed	914	C	501.0
115_Q	0.0	2.5709069453694095e-05	cluster_0_1_mixed	115	Q	0.0
321_P	0.0	2.5681623633438937e-05	cluster_0_1_mixed	321	P	111.0
848_L	0.0	2.566762115047517e-05	cluster_0_1_mixed	848	L	467.0
332_H	0.0	2.5641373629055396e-05	cluster_0_1_mixed	332	H	121.0
337_L	0.0	2.560949518842722e-05	cluster_0_1_mixed	337	L	126.0
774_I	0.0	2.553429979281644e-05	cluster_0_1_mixed	774	I	421.0
185_G	0.0	2.5522499362446312e-05	cluster_0_1_mixed	185	G	14.0
556_Y	0.0	2.551689535419307e-05	cluster_0_1_mixed	556	Y	244.0
580_V	0.0	2.5507596672944185e-05	cluster_0_1_mixed	580	V	264.0
886_S	0.0	2.550701926023977e-05	cluster_0_1_mixed	886	S	495.0
402_F	0.0	2.5493535460840104e-05	cluster_0_1_mixed	402	F	161.0
590_V	0.0	2.549112971933361e-05	cluster_0_1_mixed	590	V	273.0
562_E	0.0	2.5486096231590845e-05	cluster_0_1_mixed	562	E	247.0
540_E	0.0	2.5463173475993417e-05	cluster_0_1_mixed	540	E	234.0
483_D	0.0	2.5431993083031578e-05	cluster_0_1_mixed	483	D	221.0
552_F	0.0	2.5422494604068583e-05	cluster_0_1_mixed	552	F	242.0
543_H	0.0	2.541885026738151e-05	cluster_0_1_mixed	543	H	237.0
654_S	0.0	2.5418745013841454e-05	cluster_0_1_mixed	654	S	336.0
879_R	0.0	2.54181328171251e-05	cluster_0_1_mixed	879	R	488.0
727_E	0.0	2.5413402337371504e-05	cluster_0_1_mixed	727	E	392.0
632_G	0.0	2.5405253801002734e-05	cluster_0_1_mixed	632	G	314.0
541_F	0.0	2.539797650847014e-05	cluster_0_1_mixed	541	F	235.0
32_S	0.0	2.5356963815657905e-05	cluster_0_1_mixed	32	S	0.0
617_L	0.0	2.5353770702513696e-05	cluster_0_1_mixed	617	L	300.0
345_Y	0.0	2.5353002580095357e-05	cluster_0_1_mixed	345	Y	130.0
183_I	0.0	2.5305762687459543e-05	cluster_0_1_mixed	183	I	12.0
544_I	0.0	2.530142837196218e-05	cluster_0_1_mixed	544	I	238.0
485_V	0.0	2.527347808451559e-05	cluster_0_1_mixed	485	V	221.0
597_V	0.0	2.5266127465265348e-05	cluster_0_1_mixed	597	V	280.0
622_H	0.0	2.5250782072826856e-05	cluster_0_1_mixed	622	H	305.0
241_A	0.0	2.524759353049539e-05	cluster_0_1_mixed	241	A	60.0
880_S	0.0	2.524684998545468e-05	cluster_0_1_mixed	880	S	489.0
251_A	0.0	2.520686689457192e-05	cluster_0_1_mixed	251	A	69.0
776_A	0.0	2.520539355018717e-05	cluster_0_1_mixed	776	A	422.0
107_D	0.0	2.52014499419148e-05	cluster_0_1_mixed	107	D	0.0
491_N	0.0	2.5138180992513693e-05	cluster_0_1_mixed	491	N	221.0
646_N	0.0	2.5131107510914217e-05	cluster_0_1_mixed	646	N	328.0
904_E	0.0	2.5118371163379e-05	cluster_0_1_mixed	904	E	496.0
437_A	0.0	2.508069592452044e-05	cluster_0_1_mixed	437	A	190.0
489_P	0.0	2.5079086762592185e-05	cluster_0_1_mixed	489	P	221.0
226_Q	0.0	2.5077816572333833e-05	cluster_0_1_mixed	226	Q	52.0
643_T	0.0	2.5052959350944697e-05	cluster_0_1_mixed	643	T	325.0
697_N	0.0	2.5052441275561634e-05	cluster_0_1_mixed	697	N	362.0
780_K	0.0	2.504991613729638e-05	cluster_0_1_mixed	780	K	424.0
645_G	0.0	2.5046994208357955e-05	cluster_0_1_mixed	645	G	327.0
836_N	0.0	2.503646304156999e-05	cluster_0_1_mixed	836	N	457.0
877_R	0.0	2.5028080558203925e-05	cluster_0_1_mixed	877	R	486.0
336_D	0.0	2.49838762147755e-05	cluster_0_1_mixed	336	D	125.0
678_M	0.0	2.497938703040895e-05	cluster_0_1_mixed	678	M	347.0
896_I	0.0	2.4974320364102747e-05	cluster_0_1_mixed	896	I	496.0
572_E	0.0	2.4933523800963263e-05	cluster_0_1_mixed	572	E	256.0
429_V	0.0	2.492506119132307e-05	cluster_0_1_mixed	429	V	183.0
548_R	0.0	2.4919163934788612e-05	cluster_0_1_mixed	548	R	242.0
624_Q	0.0	2.4918357579318133e-05	cluster_0_1_mixed	624	Q	307.0
822_N	0.0	2.490787504363504e-05	cluster_0_1_mixed	822	N	449.0
631_E	0.0	2.490436488799761e-05	cluster_0_1_mixed	631	E	313.0
575_M	0.0	2.4892971378228676e-05	cluster_0_1_mixed	575	M	259.0
305_N	0.0	2.487399429227525e-05	cluster_0_1_mixed	305	N	102.0
419_D	0.0	2.486848160188272e-05	cluster_0_1_mixed	419	D	178.0
895_A	0.0	2.486048864421937e-05	cluster_0_1_mixed	895	A	496.0
652_T	0.0	2.4854198700357837e-05	cluster_0_1_mixed	652	T	334.0
364_V	0.0	2.4851621267341713e-05	cluster_0_1_mixed	364	V	138.0
703_R	0.0	2.4790696299383865e-05	cluster_0_1_mixed	703	R	368.0
23_N	0.0	2.478493542187308e-05	cluster_0_1_mixed	23	N	0.0
433_W	0.0	2.478377669174332e-05	cluster_0_1_mixed	433	W	186.0
525_I	0.0	2.477334823749967e-05	cluster_0_1_mixed	525	I	224.0
737_W	0.0	2.4760068134668436e-05	cluster_0_1_mixed	737	W	402.0
424_F	0.0	2.4754919841416635e-05	cluster_0_1_mixed	424	F	180.0
320_T	0.0	2.4738993526352188e-05	cluster_0_1_mixed	320	T	110.0
662_V	0.0	2.472331210469459e-05	cluster_0_1_mixed	662	V	339.0
487_W	0.0	2.4716840379260567e-05	cluster_0_1_mixed	487	W	221.0
427_V	0.0	2.470890675464616e-05	cluster_0_1_mixed	427	V	183.0
801_S	0.0	2.4702420507977697e-05	cluster_0_1_mixed	801	S	435.0
839_V	0.0	2.469910745512523e-05	cluster_0_1_mixed	839	V	460.0
435_D	0.0	2.4684850635604536e-05	cluster_0_1_mixed	435	D	188.0
435_R	0.0	2.466545290179059e-05	cluster_0_1_mixed	435	R	188.0
332_D	0.0	2.4665105756875667e-05	cluster_0_1_mixed	332	D	121.0
854_L	0.0	2.4660365696072384e-05	cluster_0_1_mixed	854	L	469.0
490_T	0.0	2.4651080053043176e-05	cluster_0_1_mixed	490	T	221.0
910_L	0.0	2.4647479789165703e-05	cluster_0_1_mixed	910	L	497.0
649_L	0.0	2.4642287225890715e-05	cluster_0_1_mixed	649	L	331.0
389_I	0.0	2.463510114615741e-05	cluster_0_1_mixed	389	I	154.0
204_R	0.0	2.4631614803616093e-05	cluster_0_1_mixed	204	R	31.0
417_R	0.0	2.462854071024377e-05	cluster_0_1_mixed	417	R	176.0
527_E	0.0	2.4622862819743064e-05	cluster_0_1_mixed	527	E	226.0
198_H	0.0	2.458506922629409e-05	cluster_0_1_mixed	198	H	25.0
427_K	0.0	2.4584781186516604e-05	cluster_0_1_mixed	427	K	183.0
82_Q	0.0	2.4557698499461575e-05	cluster_0_1_mixed	82	Q	0.0
381_S	0.0	2.455721524626624e-05	cluster_0_1_mixed	381	S	146.0
496_F	0.0	2.455495287678363e-05	cluster_0_1_mixed	496	F	221.0
777_P	0.0	2.4543778821980708e-05	cluster_0_1_mixed	777	P	422.0
389_L	0.0	2.451961853166262e-05	cluster_0_1_mixed	389	L	154.0
489_E	0.0	2.450853387071887e-05	cluster_0_1_mixed	489	E	221.0
541_H	0.0	2.448355887571832e-05	cluster_0_1_mixed	541	H	235.0
823_D	0.0	2.446848245284763e-05	cluster_0_1_mixed	823	D	450.0
713_Q	0.0	2.443534080279191e-05	cluster_0_1_mixed	713	Q	378.0
912_M	0.0	2.4422561438036755e-05	cluster_0_1_mixed	912	M	499.0
641_G	0.0	2.4417257270125763e-05	cluster_0_1_mixed	641	G	323.0
698_I	0.0	2.441470854287499e-05	cluster_0_1_mixed	698	I	363.0
542_M	0.0	2.43991699246131e-05	cluster_0_1_mixed	542	M	236.0
85_V	0.0	2.4379690323276862e-05	cluster_0_1_mixed	85	V	0.0
377_H	0.0	2.4366890361008564e-05	cluster_0_1_mixed	377	H	142.0
65_D	0.0	2.4350614312740477e-05	cluster_0_1_mixed	65	D	0.0
562_K	0.0	2.4346631926656738e-05	cluster_0_1_mixed	562	K	247.0
421_F	0.0	2.4323099320518566e-05	cluster_0_1_mixed	421	F	180.0
536_F	0.0	2.4299181116911893e-05	cluster_0_1_mixed	536	F	231.0
835_V	0.0	2.4297461596956176e-05	cluster_0_1_mixed	835	V	456.0
39_M	0.0	2.4279812126138324e-05	cluster_0_1_mixed	39	M	0.0
548_Q	0.0	2.427889206108449e-05	cluster_0_1_mixed	548	Q	242.0
188_G	0.0	2.4265770250037453e-05	cluster_0_1_mixed	188	G	15.0
418_G	0.0	2.425844832174349e-05	cluster_0_1_mixed	418	G	177.0
924_F	0.0	2.4254092736426552e-05	cluster_0_1_mixed	924	F	507.0
639_Q	0.0	2.4247094719954272e-05	cluster_0_1_mixed	639	Q	321.0
781_P	0.0	2.4216556970231224e-05	cluster_0_1_mixed	781	P	425.0
589_S	0.0	2.4212624249251332e-05	cluster_0_1_mixed	589	S	272.0
837_N	0.0	2.4209784569796956e-05	cluster_0_1_mixed	837	N	458.0
782_I	0.0	2.420505566377884e-05	cluster_0_1_mixed	782	I	426.0
562_Y	0.0	2.418934550310549e-05	cluster_0_1_mixed	562	Y	247.0
841_E	0.0	2.4173578421096993e-05	cluster_0_1_mixed	841	E	462.0
565_Q	0.0	2.4171965028827817e-05	cluster_0_1_mixed	565	Q	250.0
542_F	0.0	2.41686154162551e-05	cluster_0_1_mixed	542	F	236.0
671_Q	0.0	2.4165998575906964e-05	cluster_0_1_mixed	671	Q	340.0
242_T	0.0	2.416477119976704e-05	cluster_0_1_mixed	242	T	61.0
924_V	0.0	2.4164231509896507e-05	cluster_0_1_mixed	924	V	507.0
367_C	0.0	2.411697652846946e-05	cluster_0_1_mixed	367	C	139.0
331_E	0.0	2.4112857024739494e-05	cluster_0_1_mixed	331	E	120.0
341_P	0.0	2.4108490158874206e-05	cluster_0_1_mixed	341	P	130.0
850_Q	0.0	2.409940249798469e-05	cluster_0_1_mixed	850	Q	467.0
680_G	0.0	2.4080048208770627e-05	cluster_0_1_mixed	680	G	349.0
838_A	0.0	2.407743352389713e-05	cluster_0_1_mixed	838	A	459.0
702_I	0.0	2.4065388412662623e-05	cluster_0_1_mixed	702	I	367.0
690_H	0.0	2.405218616421811e-05	cluster_0_1_mixed	690	H	357.0
374_I	0.0	2.4042602326353864e-05	cluster_0_1_mixed	374	I	141.0
174_Y	0.0	2.4039780171794384e-05	cluster_0_1_mixed	174	Y	3.0
719_M	0.0	2.403236327642019e-05	cluster_0_1_mixed	719	M	384.0
480_M	0.0	2.402540578932673e-05	cluster_0_1_mixed	480	M	221.0
340_M	0.0	2.4013863839930992e-05	cluster_0_1_mixed	340	M	129.0
592_T	0.0	2.399006866443034e-05	cluster_0_1_mixed	592	T	275.0
178_H	0.0	2.3986931753554077e-05	cluster_0_1_mixed	178	H	7.0
483_Y	0.0	2.3951615026352236e-05	cluster_0_1_mixed	483	Y	221.0
458_S	0.0	2.39444825431722e-05	cluster_0_1_mixed	458	S	204.0
179_R	0.0	2.394048670165264e-05	cluster_0_1_mixed	179	R	8.0
421_L	0.0	2.393656962165941e-05	cluster_0_1_mixed	421	L	180.0
411_A	0.0	2.3932137814756234e-05	cluster_0_1_mixed	411	A	170.0
322_D	0.0	2.390503472185489e-05	cluster_0_1_mixed	322	D	112.0
780_L	0.0	2.3872021369089953e-05	cluster_0_1_mixed	780	L	424.0
544_Q	0.0	2.38688649427422e-05	cluster_0_1_mixed	544	Q	238.0
149_R	0.0	2.386807679309484e-05	cluster_0_1_mixed	149	R	0.0
727_R	0.0	2.385084796125993e-05	cluster_0_1_mixed	727	R	392.0
242_G	0.0	2.3849134391746736e-05	cluster_0_1_mixed	242	G	61.0
849_Y	0.0	2.3845140149160567e-05	cluster_0_1_mixed	849	Y	467.0
536_M	0.0	2.3843792175102325e-05	cluster_0_1_mixed	536	M	231.0
485_I	0.0	2.384086763937325e-05	cluster_0_1_mixed	485	I	221.0
363_E	0.0	2.3818737273080285e-05	cluster_0_1_mixed	363	E	137.0
691_L	0.0	2.380885320926807e-05	cluster_0_1_mixed	691	L	357.0
526_L	0.0	2.380734201295916e-05	cluster_0_1_mixed	526	L	225.0
533_K	0.0	2.379198630673801e-05	cluster_0_1_mixed	533	K	231.0
320_A	0.0	2.3782722226322008e-05	cluster_0_1_mixed	320	A	110.0
316_G	0.0	2.3747921008109593e-05	cluster_0_1_mixed	316	G	106.0
698_N	0.0	2.3734270337578e-05	cluster_0_1_mixed	698	N	363.0
322_F	0.0	2.3722819331320493e-05	cluster_0_1_mixed	322	F	112.0
494_V	0.0	2.3718431124095376e-05	cluster_0_1_mixed	494	V	221.0
195_E	0.0	2.3714270255563697e-05	cluster_0_1_mixed	195	E	22.0
655_Y	0.0	2.3710187118735733e-05	cluster_0_1_mixed	655	Y	337.0
527_Y	0.0	2.368523371447107e-05	cluster_0_1_mixed	527	Y	226.0
543_K	0.0	2.3676634656591375e-05	cluster_0_1_mixed	543	K	237.0
795_I	0.0	2.367470496652753e-05	cluster_0_1_mixed	795	I	429.0
379_D	0.0	2.3669732945740365e-05	cluster_0_1_mixed	379	D	144.0
839_A	0.0	2.3647802554051308e-05	cluster_0_1_mixed	839	A	460.0
816_F	0.0	2.36390457654413e-05	cluster_0_1_mixed	816	F	443.0
917_Q	0.0	2.3629253171315828e-05	cluster_0_1_mixed	917	Q	502.0
412_F	0.0	2.3624947322750273e-05	cluster_0_1_mixed	412	F	171.0
572_Q	0.0	2.3615786676959065e-05	cluster_0_1_mixed	572	Q	256.0
209_N	0.0	2.3612090275455904e-05	cluster_0_1_mixed	209	N	36.0
420_F	0.0	2.359117613983852e-05	cluster_0_1_mixed	420	F	179.0
901_F	0.0	2.358035608102107e-05	cluster_0_1_mixed	901	F	496.0
927_R	0.0	2.356068241050272e-05	cluster_0_1_mixed	927	R	510.0
437_P	0.0	2.3553673293864028e-05	cluster_0_1_mixed	437	P	190.0
374_L	0.0	2.353370045302931e-05	cluster_0_1_mixed	374	L	141.0
24_Y	0.0	2.353013110431065e-05	cluster_0_1_mixed	24	Y	0.0
694_V	0.0	2.3513042866103235e-05	cluster_0_1_mixed	694	V	359.0
443_A	0.0	2.350736688765992e-05	cluster_0_1_mixed	443	A	190.0
925_K	0.0	2.3506568433932277e-05	cluster_0_1_mixed	925	K	508.0
717_E	0.0	2.34829781447541e-05	cluster_0_1_mixed	717	E	382.0
912_A	0.0	2.3480745510829047e-05	cluster_0_1_mixed	912	A	499.0
524_E	0.0	2.346967735469655e-05	cluster_0_1_mixed	524	E	223.0
814_N	0.0	2.346091765411092e-05	cluster_0_1_mixed	814	N	441.0
756_P	0.0	2.343792639277582e-05	cluster_0_1_mixed	756	P	413.0
342_A	0.0	2.3430427805316716e-05	cluster_0_1_mixed	342	A	130.0
528_R	0.0	2.3421983363852568e-05	cluster_0_1_mixed	528	R	227.0
467_Q	0.0	2.341237516619514e-05	cluster_0_1_mixed	467	Q	210.0
437_Q	0.0	2.339229772204355e-05	cluster_0_1_mixed	437	Q	190.0
372_I	0.0	2.3386818885304024e-05	cluster_0_1_mixed	372	I	141.0
488_Q	0.0	2.3384885459868288e-05	cluster_0_1_mixed	488	Q	221.0
383_M	0.0	2.3367607309254977e-05	cluster_0_1_mixed	383	M	148.0
844_H	0.0	2.333471005261312e-05	cluster_0_1_mixed	844	H	465.0
558_R	0.0	2.3274366077747137e-05	cluster_0_1_mixed	558	R	245.0
933_M	0.0	2.324149388181708e-05	cluster_0_1_mixed	933	M	516.0
651_I	0.0	2.3239403983031552e-05	cluster_0_1_mixed	651	I	333.0
718_Y	0.0	2.3228786821609523e-05	cluster_0_1_mixed	718	Y	383.0
492_L	0.0	2.32282322973074e-05	cluster_0_1_mixed	492	L	221.0
524_F	0.0	2.3219118491569583e-05	cluster_0_1_mixed	524	F	223.0
362_N	0.0	2.3200044369086765e-05	cluster_0_1_mixed	362	N	136.0
268_A	0.0	2.3199173503844775e-05	cluster_0_1_mixed	268	A	86.0
535_Q	0.0	2.318272180999287e-05	cluster_0_1_mixed	535	Q	231.0
920_A	0.0	2.3178983033504483e-05	cluster_0_1_mixed	920	A	503.0
855_E	0.0	2.313671951313904e-05	cluster_0_1_mixed	855	E	470.0
280_K	0.0	2.3126007453087676e-05	cluster_0_1_mixed	280	K	91.0
159_A	0.0	2.3114619478101787e-05	cluster_0_1_mixed	159	A	0.0
881_R	0.0	2.3098024051936317e-05	cluster_0_1_mixed	881	R	490.0
400_T	0.0	2.306328161873853e-05	cluster_0_1_mixed	400	T	159.0
924_I	0.0	2.3044552569090963e-05	cluster_0_1_mixed	924	I	507.0
427_S	0.0	2.3040015705016677e-05	cluster_0_1_mixed	427	S	183.0
390_D	0.0	2.3024063839977303e-05	cluster_0_1_mixed	390	D	155.0
826_P	0.0	2.302382299005517e-05	cluster_0_1_mixed	826	P	453.0
625_L	0.0	2.300198526429896e-05	cluster_0_1_mixed	625	L	308.0
676_G	0.0	2.2969031995064143e-05	cluster_0_1_mixed	676	G	345.0
432_P	0.0	2.296649532435435e-05	cluster_0_1_mixed	432	P	185.0
413_R	0.0	2.295597719592743e-05	cluster_0_1_mixed	413	R	172.0
253_L	0.0	2.2945544669629855e-05	cluster_0_1_mixed	253	L	71.0
482_I	0.0	2.2945018606631692e-05	cluster_0_1_mixed	482	I	221.0
444_P	0.0	2.294252418255223e-05	cluster_0_1_mixed	444	P	190.0
591_N	0.0	2.2912403202158785e-05	cluster_0_1_mixed	591	N	274.0
532_P	0.0	2.2906458883799924e-05	cluster_0_1_mixed	532	P	231.0
668_Q	0.0	2.288473997141637e-05	cluster_0_1_mixed	668	Q	340.0
494_F	0.0	2.2870402894245672e-05	cluster_0_1_mixed	494	F	221.0
789_S	0.0	2.287037369132291e-05	cluster_0_1_mixed	789	S	427.0
774_N	0.0	2.286955856977936e-05	cluster_0_1_mixed	774	N	421.0
913_K	0.0	2.284836771347992e-05	cluster_0_1_mixed	913	K	500.0
550_Q	0.0	2.2845569956795284e-05	cluster_0_1_mixed	550	Q	242.0
579_K	0.0	2.284480729878646e-05	cluster_0_1_mixed	579	K	263.0
533_Q	0.0	2.279141553309593e-05	cluster_0_1_mixed	533	Q	231.0
369_N	0.0	2.2787290418737152e-05	cluster_0_1_mixed	369	N	140.0
248_V	0.0	2.2767870648249765e-05	cluster_0_1_mixed	248	V	66.0
558_E	0.0	2.2755038422289684e-05	cluster_0_1_mixed	558	E	245.0
823_V	0.0	2.2744425539680273e-05	cluster_0_1_mixed	823	V	450.0
526_K	0.0	2.2742754362726883e-05	cluster_0_1_mixed	526	K	225.0
369_K	0.0	2.2719274115139943e-05	cluster_0_1_mixed	369	K	140.0
576_Q	0.0	2.271279561122282e-05	cluster_0_1_mixed	576	Q	260.0
4_T	0.0	2.270260495417049e-05	cluster_0_1_mixed	4	T	0.0
675_L	0.0	2.2701865334647564e-05	cluster_0_1_mixed	675	L	344.0
526_Q	0.0	2.2686425759095317e-05	cluster_0_1_mixed	526	Q	225.0
264_C	0.0	2.267187406753483e-05	cluster_0_1_mixed	264	C	82.0
185_K	0.0	2.2658892139876153e-05	cluster_0_1_mixed	185	K	14.0
473_T	0.0	2.2655113023109385e-05	cluster_0_1_mixed	473	T	216.0
336_F	0.0	2.2648991256728312e-05	cluster_0_1_mixed	336	F	125.0
725_S	0.0	2.264364419210245e-05	cluster_0_1_mixed	725	S	390.0
531_M	0.0	2.263919072167632e-05	cluster_0_1_mixed	531	M	230.0
525_P	0.0	2.2625908606819057e-05	cluster_0_1_mixed	525	P	224.0
476_S	0.0	2.2618046097460832e-05	cluster_0_1_mixed	476	S	219.0
75_L	0.0	2.261668245483088e-05	cluster_0_1_mixed	75	L	0.0
424_N	0.0	2.2589958572955695e-05	cluster_0_1_mixed	424	N	180.0
101_M	0.0	2.2573312666423316e-05	cluster_0_1_mixed	101	M	0.0
885_G	0.0	2.25728586105048e-05	cluster_0_1_mixed	885	G	494.0
936_Q	0.0	2.257284774500564e-05	cluster_0_1_mixed	936	Q	519.0
306_P	0.0	2.2569443583090426e-05	cluster_0_1_mixed	306	P	102.0
323_F	0.0	2.255101945616457e-05	cluster_0_1_mixed	323	F	113.0
529_L	0.0	2.2549545781380102e-05	cluster_0_1_mixed	529	L	228.0
698_Y	0.0	2.252015353974824e-05	cluster_0_1_mixed	698	Y	363.0
207_A	0.0	2.2519387311529388e-05	cluster_0_1_mixed	207	A	34.0
879_C	0.0	2.251220684752972e-05	cluster_0_1_mixed	879	C	488.0
605_I	0.0	2.250203711293271e-05	cluster_0_1_mixed	605	I	288.0
856_R	0.0	2.2478040336792467e-05	cluster_0_1_mixed	856	R	471.0
694_F	0.0	2.246777284132093e-05	cluster_0_1_mixed	694	F	359.0
876_E	0.0	2.2439605403350067e-05	cluster_0_1_mixed	876	E	485.0
136_S	0.0	2.243183181525419e-05	cluster_0_1_mixed	136	S	0.0
269_W	0.0	2.2419150950300785e-05	cluster_0_1_mixed	269	W	87.0
572_R	0.0	2.2410222012498423e-05	cluster_0_1_mixed	572	R	256.0
493_V	0.0	2.240504076154663e-05	cluster_0_1_mixed	493	V	221.0
433_T	0.0	2.2380583508499493e-05	cluster_0_1_mixed	433	T	186.0
872_C	0.0	2.2376368072589504e-05	cluster_0_1_mixed	872	C	481.0
176_N	0.0	2.2331164790956448e-05	cluster_0_1_mixed	176	N	5.0
422_E	0.0	2.2285900472331036e-05	cluster_0_1_mixed	422	E	180.0
433_R	0.0	2.2267945070753872e-05	cluster_0_1_mixed	433	R	186.0
322_S	0.0	2.2265861617955644e-05	cluster_0_1_mixed	322	S	112.0
871_L	0.0	2.22605606771844e-05	cluster_0_1_mixed	871	L	480.0
535_F	0.0	2.222865555629904e-05	cluster_0_1_mixed	535	F	231.0
782_T	0.0	2.222736136217054e-05	cluster_0_1_mixed	782	T	426.0
545_W	0.0	2.2218383166124717e-05	cluster_0_1_mixed	545	W	239.0
681_N	0.0	2.2212658739520587e-05	cluster_0_1_mixed	681	N	350.0
630_D	0.0	2.219211098901132e-05	cluster_0_1_mixed	630	D	312.0
782_D	0.0	2.218762561794763e-05	cluster_0_1_mixed	782	D	426.0
896_M	0.0	2.218094375199003e-05	cluster_0_1_mixed	896	M	496.0
448_K	0.0	2.218091219767401e-05	cluster_0_1_mixed	448	K	194.0
217_Y	0.0	2.217730412586591e-05	cluster_0_1_mixed	217	Y	43.0
561_R	0.0	2.2168967356017255e-05	cluster_0_1_mixed	561	R	246.0
567_M	0.0	2.2149012662381076e-05	cluster_0_1_mixed	567	M	252.0
672_V	0.0	2.212134298823674e-05	cluster_0_1_mixed	672	V	341.0
728_M	0.0	2.211795264008513e-05	cluster_0_1_mixed	728	M	393.0
897_R	0.0	2.2117696285885684e-05	cluster_0_1_mixed	897	R	496.0
576_I	0.0	2.20700298562504e-05	cluster_0_1_mixed	576	I	260.0
421_E	0.0	2.205227922439799e-05	cluster_0_1_mixed	421	E	180.0
852_F	0.0	2.2044505839656302e-05	cluster_0_1_mixed	852	F	467.0
351_Q	0.0	2.204079296696772e-05	cluster_0_1_mixed	351	Q	132.0
472_V	0.0	2.199594760401345e-05	cluster_0_1_mixed	472	V	215.0
416_G	0.0	2.19870822876074e-05	cluster_0_1_mixed	416	G	175.0
663_T	0.0	2.1984175246472605e-05	cluster_0_1_mixed	663	T	339.0
839_K	0.0	2.196885692566576e-05	cluster_0_1_mixed	839	K	460.0
496_R	0.0	2.196560986784285e-05	cluster_0_1_mixed	496	R	221.0
127_L	0.0	2.195455638656549e-05	cluster_0_1_mixed	127	L	0.0
423_Q	0.0	2.1952382637146685e-05	cluster_0_1_mixed	423	Q	180.0
431_W	0.0	2.194819278947564e-05	cluster_0_1_mixed	431	W	184.0
926_A	0.0	2.1939664202456925e-05	cluster_0_1_mixed	926	A	509.0
544_H	0.0	2.1938558310470205e-05	cluster_0_1_mixed	544	H	238.0
494_H	0.0	2.191157026358528e-05	cluster_0_1_mixed	494	H	221.0
431_P	0.0	2.1908344434237873e-05	cluster_0_1_mixed	431	P	184.0
649_G	0.0	2.1869249279911343e-05	cluster_0_1_mixed	649	G	331.0
898_A	0.0	2.1866634830184504e-05	cluster_0_1_mixed	898	A	496.0
200_T	0.0	2.1863644019414567e-05	cluster_0_1_mixed	200	T	27.0
925_I	0.0	2.1858542054381408e-05	cluster_0_1_mixed	925	I	508.0
896_T	0.0	2.1858256644942355e-05	cluster_0_1_mixed	896	T	496.0
565_M	0.0	2.183049722455497e-05	cluster_0_1_mixed	565	M	250.0
484_Q	0.0	2.182285915343832e-05	cluster_0_1_mixed	484	Q	221.0
326_S	0.0	2.1817953737213765e-05	cluster_0_1_mixed	326	S	116.0
887_Y	0.0	2.1806386465833955e-05	cluster_0_1_mixed	887	Y	496.0
364_D	0.0	2.1785484815189333e-05	cluster_0_1_mixed	364	D	138.0
747_D	0.0	2.178208968747922e-05	cluster_0_1_mixed	747	D	412.0
668_N	0.0	2.1779968847284283e-05	cluster_0_1_mixed	668	N	340.0
379_K	0.0	2.175343863968003e-05	cluster_0_1_mixed	379	K	144.0
577_K	0.0	2.1751030491159188e-05	cluster_0_1_mixed	577	K	261.0
100_N	0.0	2.1738522644506094e-05	cluster_0_1_mixed	100	N	0.0
174_K	0.0	2.1733334910019483e-05	cluster_0_1_mixed	174	K	3.0
480_R	0.0	2.1729483108413583e-05	cluster_0_1_mixed	480	R	221.0
694_Y	0.0	2.170706346089324e-05	cluster_0_1_mixed	694	Y	359.0
379_H	0.0	2.169391811356866e-05	cluster_0_1_mixed	379	H	144.0
524_Y	0.0	2.1690491954439883e-05	cluster_0_1_mixed	524	Y	223.0
635_N	0.0	2.169047085804543e-05	cluster_0_1_mixed	635	N	317.0
492_V	0.0	2.1680052238507603e-05	cluster_0_1_mixed	492	V	221.0
346_N	0.0	2.167275562118802e-05	cluster_0_1_mixed	346	N	130.0
25_S	0.0	2.1671044448309724e-05	cluster_0_1_mixed	25	S	0.0
431_F	0.0	2.166960011446181e-05	cluster_0_1_mixed	431	F	184.0
335_H	0.0	2.165767296225776e-05	cluster_0_1_mixed	335	H	124.0
345_I	0.0	2.165356237111665e-05	cluster_0_1_mixed	345	I	130.0
177_Q	0.0	2.1651583479358576e-05	cluster_0_1_mixed	177	Q	6.0
442_M	0.0	2.1651521665308153e-05	cluster_0_1_mixed	442	M	190.0
645_Y	0.0	2.164577890321151e-05	cluster_0_1_mixed	645	Y	327.0
348_Q	0.0	2.164256097218072e-05	cluster_0_1_mixed	348	Q	131.0
326_F	0.0	2.1627096678042672e-05	cluster_0_1_mixed	326	F	116.0
471_S	0.0	2.160462981614159e-05	cluster_0_1_mixed	471	S	214.0
354_N	0.0	2.1572908579954823e-05	cluster_0_1_mixed	354	N	134.0
563_K	0.0	2.1551229468876058e-05	cluster_0_1_mixed	563	K	248.0
871_A	0.0	2.1545809762896545e-05	cluster_0_1_mixed	871	A	480.0
597_F	0.0	2.1533785301664217e-05	cluster_0_1_mixed	597	F	280.0
583_G	0.0	2.1529977480500492e-05	cluster_0_1_mixed	583	G	267.0
492_Y	0.0	2.1524700537565785e-05	cluster_0_1_mixed	492	Y	221.0
462_K	0.0	2.1500039582421305e-05	cluster_0_1_mixed	462	K	206.0
59_E	0.0	2.147776061674301e-05	cluster_0_1_mixed	59	E	0.0
855_V	0.0	2.1477033547155066e-05	cluster_0_1_mixed	855	V	470.0
681_V	0.0	2.1461778459379305e-05	cluster_0_1_mixed	681	V	350.0
669_E	0.0	2.1445839129082065e-05	cluster_0_1_mixed	669	E	340.0
124_P	0.0	2.142833803572361e-05	cluster_0_1_mixed	124	P	0.0
263_I	0.0	2.141330649739166e-05	cluster_0_1_mixed	263	I	81.0
411_K	0.0	2.14096569576303e-05	cluster_0_1_mixed	411	K	170.0
342_F	0.0	2.1409318979198223e-05	cluster_0_1_mixed	342	F	130.0
539_K	0.0	2.139934203023694e-05	cluster_0_1_mixed	539	K	233.0
582_M	0.0	2.1398941893882968e-05	cluster_0_1_mixed	582	M	266.0
516_Q	0.0	2.138236622977407e-05	cluster_0_1_mixed	516	Q	222.0
244_C	0.0	2.1380181709049824e-05	cluster_0_1_mixed	244	C	63.0
688_S	0.0	2.137777971366141e-05	cluster_0_1_mixed	688	S	357.0
458_N	0.0	2.1367949889575756e-05	cluster_0_1_mixed	458	N	204.0
246_R	0.0	2.1343900644608052e-05	cluster_0_1_mixed	246	R	64.0
215_Y	0.0	2.1330786391123156e-05	cluster_0_1_mixed	215	Y	41.0
192_A	0.0	2.1318193198179085e-05	cluster_0_1_mixed	192	A	19.0
601_Y	0.0	2.1305188823155767e-05	cluster_0_1_mixed	601	Y	284.0
175_E	0.0	2.1300456659059487e-05	cluster_0_1_mixed	175	E	4.0
389_H	0.0	2.128539872922957e-05	cluster_0_1_mixed	389	H	154.0
408_T	0.0	2.1284096609258298e-05	cluster_0_1_mixed	408	T	167.0
528_Y	0.0	2.128377071348585e-05	cluster_0_1_mixed	528	Y	227.0
629_P	0.0	2.128025183460785e-05	cluster_0_1_mixed	629	P	311.0
235_Q	0.0	2.12670918856118e-05	cluster_0_1_mixed	235	Q	55.0
796_S	0.0	2.1260979132456943e-05	cluster_0_1_mixed	796	S	430.0
629_Q	0.0	2.123659724754142e-05	cluster_0_1_mixed	629	Q	311.0
844_M	0.0	2.1214058061159427e-05	cluster_0_1_mixed	844	M	465.0
53_L	0.0	2.120345876486262e-05	cluster_0_1_mixed	53	L	0.0
379_Y	0.0	2.1200910083525658e-05	cluster_0_1_mixed	379	Y	144.0
428_A	0.0	2.1196443483845033e-05	cluster_0_1_mixed	428	A	183.0
530_V	0.0	2.1148892011736737e-05	cluster_0_1_mixed	530	V	229.0
373_E	0.0	2.1146970096344062e-05	cluster_0_1_mixed	373	E	141.0
568_R	0.0	2.114576742057172e-05	cluster_0_1_mixed	568	R	253.0
124_G	0.0	2.1140367723157467e-05	cluster_0_1_mixed	124	G	0.0
541_K	0.0	2.112850412976664e-05	cluster_0_1_mixed	541	K	235.0
49_S	0.0	2.112507442027184e-05	cluster_0_1_mixed	49	S	0.0
366_S	0.0	2.111352496170707e-05	cluster_0_1_mixed	366	S	139.0
636_I	0.0	2.1091805952142445e-05	cluster_0_1_mixed	636	I	318.0
170_Y	0.0	2.1075481749931048e-05	cluster_0_1_mixed	170	Y	0.0
902_I	0.0	2.1059690481301383e-05	cluster_0_1_mixed	902	I	496.0
756_T	0.0	2.1044852586938336e-05	cluster_0_1_mixed	756	T	413.0
686_Y	0.0	2.1041180174300624e-05	cluster_0_1_mixed	686	Y	355.0
582_H	0.0	2.1017678339329774e-05	cluster_0_1_mixed	582	H	266.0
187_E	0.0	2.101735097608235e-05	cluster_0_1_mixed	187	E	14.0
487_K	0.0	2.0982562497013892e-05	cluster_0_1_mixed	487	K	221.0
678_A	0.0	2.0979733061977582e-05	cluster_0_1_mixed	678	A	347.0
558_K	0.0	2.0963365704724908e-05	cluster_0_1_mixed	558	K	245.0
186_Y	0.0	2.095031748026143e-05	cluster_0_1_mixed	186	Y	14.0
408_V	0.0	2.0944515418000463e-05	cluster_0_1_mixed	408	V	167.0
465_L	0.0	2.0941473885737967e-05	cluster_0_1_mixed	465	L	208.0
923_H	0.0	2.093152305148386e-05	cluster_0_1_mixed	923	H	506.0
606_V	0.0	2.0882825930755745e-05	cluster_0_1_mixed	606	V	289.0
815_V	0.0	2.086277137609204e-05	cluster_0_1_mixed	815	V	442.0
929_L	0.0	2.0835933371334326e-05	cluster_0_1_mixed	929	L	512.0
692_I	0.0	2.082396548118692e-05	cluster_0_1_mixed	692	I	357.0
714_S	0.0	2.080868251717683e-05	cluster_0_1_mixed	714	S	379.0
189_V	0.0	2.079442505959104e-05	cluster_0_1_mixed	189	V	16.0
137_S	0.0	2.0789777949311063e-05	cluster_0_1_mixed	137	S	0.0
539_P	0.0	2.078760033250315e-05	cluster_0_1_mixed	539	P	233.0
657_A	0.0	2.0775042316865768e-05	cluster_0_1_mixed	657	A	339.0
894_K	0.0	2.0774596920018288e-05	cluster_0_1_mixed	894	K	496.0
347_H	0.0	2.077199293023051e-05	cluster_0_1_mixed	347	H	130.0
206_P	0.0	2.0752915142378714e-05	cluster_0_1_mixed	206	P	33.0
209_K	0.0	2.074397927622377e-05	cluster_0_1_mixed	209	K	36.0
540_K	0.0	2.0741891411291654e-05	cluster_0_1_mixed	540	K	234.0
225_I	0.0	2.073996571592442e-05	cluster_0_1_mixed	225	I	51.0
436_W	0.0	2.0739164528155537e-05	cluster_0_1_mixed	436	W	189.0
377_F	0.0	2.073401495056403e-05	cluster_0_1_mixed	377	F	142.0
526_V	0.0	2.0717956320994777e-05	cluster_0_1_mixed	526	V	225.0
816_Q	0.0	2.0711555033486126e-05	cluster_0_1_mixed	816	Q	443.0
768_V	0.0	2.069057189365255e-05	cluster_0_1_mixed	768	V	415.0
672_F	0.0	2.0682711941252956e-05	cluster_0_1_mixed	672	F	341.0
553_R	0.0	2.067988695184911e-05	cluster_0_1_mixed	553	R	242.0
222_L	0.0	2.0666295823432575e-05	cluster_0_1_mixed	222	L	48.0
631_Y	0.0	2.0665497747441777e-05	cluster_0_1_mixed	631	Y	313.0
373_Q	0.0	2.063188736800689e-05	cluster_0_1_mixed	373	Q	141.0
372_L	0.0	2.06017059262309e-05	cluster_0_1_mixed	372	L	141.0
665_P	0.0	2.055497157885706e-05	cluster_0_1_mixed	665	P	339.0
179_Q	0.0	2.053962199317885e-05	cluster_0_1_mixed	179	Q	8.0
226_F	0.0	2.0535697168251703e-05	cluster_0_1_mixed	226	F	52.0
99_M	0.0	2.051486325466559e-05	cluster_0_1_mixed	99	M	0.0
820_G	0.0	2.0507597443709124e-05	cluster_0_1_mixed	820	G	447.0
434_M	0.0	2.047442434553767e-05	cluster_0_1_mixed	434	M	187.0
682_R	0.0	2.0447235502008644e-05	cluster_0_1_mixed	682	R	351.0
897_E	0.0	2.043534265398008e-05	cluster_0_1_mixed	897	E	496.0
383_L	0.0	2.03830597381298e-05	cluster_0_1_mixed	383	L	148.0
222_M	0.0	2.0381633487926724e-05	cluster_0_1_mixed	222	M	48.0
213_S	0.0	2.037922999445033e-05	cluster_0_1_mixed	213	S	40.0
41_S	0.0	2.0373002383503957e-05	cluster_0_1_mixed	41	S	0.0
372_E	0.0	2.037230575441375e-05	cluster_0_1_mixed	372	E	141.0
387_S	0.0	2.033502318746969e-05	cluster_0_1_mixed	387	S	152.0
404_N	0.0	2.031841123531086e-05	cluster_0_1_mixed	404	N	163.0
742_G	0.0	2.031540366871348e-05	cluster_0_1_mixed	742	G	407.0
827_A	0.0	2.0306665707352143e-05	cluster_0_1_mixed	827	A	454.0
537_W	0.0	2.0306569137048923e-05	cluster_0_1_mixed	537	W	231.0
460_F	0.0	2.0292715173714024e-05	cluster_0_1_mixed	460	F	206.0
106_M	0.0	2.028442996377235e-05	cluster_0_1_mixed	106	M	0.0
477_A	0.0	2.0279981091953e-05	cluster_0_1_mixed	477	A	220.0
249_I	0.0	2.0277457473073267e-05	cluster_0_1_mixed	249	I	67.0
712_G	0.0	2.0271311334227417e-05	cluster_0_1_mixed	712	G	377.0
186_K	0.0	2.026745843052381e-05	cluster_0_1_mixed	186	K	14.0
823_H	0.0	2.026229404032853e-05	cluster_0_1_mixed	823	H	450.0
922_N	0.0	2.024824924172403e-05	cluster_0_1_mixed	922	N	505.0
61_D	0.0	2.021300623507883e-05	cluster_0_1_mixed	61	D	0.0
243_A	0.0	2.021057642688166e-05	cluster_0_1_mixed	243	A	62.0
223_T	0.0	2.0209506344016255e-05	cluster_0_1_mixed	223	T	49.0
347_W	0.0	2.0209381426042276e-05	cluster_0_1_mixed	347	W	130.0
624_F	0.0	2.0206933163547583e-05	cluster_0_1_mixed	624	F	307.0
831_T	0.0	2.0169244961147473e-05	cluster_0_1_mixed	831	T	454.0
835_N	0.0	2.0168469528836503e-05	cluster_0_1_mixed	835	N	456.0
661_S	0.0	2.0143384164817325e-05	cluster_0_1_mixed	661	S	339.0
527_F	0.0	2.011767453229486e-05	cluster_0_1_mixed	527	F	226.0
919_R	0.0	2.0096913190302255e-05	cluster_0_1_mixed	919	R	502.0
574_Y	0.0	2.0093455498724604e-05	cluster_0_1_mixed	574	Y	258.0
237_Y	0.0	2.007799485308648e-05	cluster_0_1_mixed	237	Y	56.0
436_P	0.0	2.007677614405321e-05	cluster_0_1_mixed	436	P	189.0
433_E	0.0	2.0053354358702567e-05	cluster_0_1_mixed	433	E	186.0
650_N	0.0	2.0047337052904422e-05	cluster_0_1_mixed	650	N	332.0
518_I	0.0	2.0042901134753056e-05	cluster_0_1_mixed	518	I	223.0
672_E	0.0	2.0034777410334625e-05	cluster_0_1_mixed	672	E	341.0
540_H	0.0	2.0026776181207456e-05	cluster_0_1_mixed	540	H	234.0
184_G	0.0	1.99977784826744e-05	cluster_0_1_mixed	184	G	13.0
324_D	0.0	1.9995515774306383e-05	cluster_0_1_mixed	324	D	114.0
856_V	0.0	1.997593871695275e-05	cluster_0_1_mixed	856	V	471.0
223_C	0.0	1.9958781495553103e-05	cluster_0_1_mixed	223	C	49.0
324_G	0.0	1.9957144887454413e-05	cluster_0_1_mixed	324	G	114.0
491_F	0.0	1.9952328368947455e-05	cluster_0_1_mixed	491	F	221.0
415_V	0.0	1.9915115202007183e-05	cluster_0_1_mixed	415	V	174.0
521_Q	0.0	1.990303440352724e-05	cluster_0_1_mixed	521	Q	223.0
691_R	0.0	1.9899958732779137e-05	cluster_0_1_mixed	691	R	357.0
84_D	0.0	1.9890345605459735e-05	cluster_0_1_mixed	84	D	0.0
670_E	0.0	1.9862742998155128e-05	cluster_0_1_mixed	670	E	340.0
495_I	0.0	1.9845776434747053e-05	cluster_0_1_mixed	495	I	221.0
219_M	0.0	1.9840585452871275e-05	cluster_0_1_mixed	219	M	45.0
684_S	0.0	1.983730993002636e-05	cluster_0_1_mixed	684	S	353.0
556_M	0.0	1.9816807040719536e-05	cluster_0_1_mixed	556	M	244.0
900_C	0.0	1.9811469773164624e-05	cluster_0_1_mixed	900	C	496.0
637_M	0.0	1.9809561167840247e-05	cluster_0_1_mixed	637	M	319.0
884_E	0.0	1.9807977630787277e-05	cluster_0_1_mixed	884	E	493.0
541_R	0.0	1.9796248012256184e-05	cluster_0_1_mixed	541	R	235.0
89_P	0.0	1.9787051849520417e-05	cluster_0_1_mixed	89	P	0.0
780_N	0.0	1.977495756834544e-05	cluster_0_1_mixed	780	N	424.0
97_L	0.0	1.977073251219983e-05	cluster_0_1_mixed	97	L	0.0
473_D	0.0	1.9769444422373773e-05	cluster_0_1_mixed	473	D	216.0
405_T	0.0	1.9758528994150966e-05	cluster_0_1_mixed	405	T	164.0
14_G	0.0	1.9744122879002583e-05	cluster_0_1_mixed	14	G	0.0
492_Q	0.0	1.973496119599899e-05	cluster_0_1_mixed	492	Q	221.0
404_A	0.0	1.9719516920060466e-05	cluster_0_1_mixed	404	A	163.0
263_Q	0.0	1.9706687646190844e-05	cluster_0_1_mixed	263	Q	81.0
677_H	0.0	1.9699754074255975e-05	cluster_0_1_mixed	677	H	346.0
374_S	0.0	1.9699739787883763e-05	cluster_0_1_mixed	374	S	141.0
746_N	0.0	1.9696392258176786e-05	cluster_0_1_mixed	746	N	411.0
360_T	0.0	1.9695349371772866e-05	cluster_0_1_mixed	360	T	134.0
573_R	0.0	1.968861556999485e-05	cluster_0_1_mixed	573	R	257.0
576_Y	0.0	1.968725884935259e-05	cluster_0_1_mixed	576	Y	260.0
581_A	0.0	1.968367585334367e-05	cluster_0_1_mixed	581	A	265.0
31_L	0.0	1.966960785890742e-05	cluster_0_1_mixed	31	L	0.0
226_M	0.0	1.9660640790596777e-05	cluster_0_1_mixed	226	M	52.0
398_S	0.0	1.9658836584438325e-05	cluster_0_1_mixed	398	S	157.0
419_Y	0.0	1.964254016113054e-05	cluster_0_1_mixed	419	Y	178.0
416_Q	0.0	1.963112404526264e-05	cluster_0_1_mixed	416	Q	175.0
249_F	0.0	1.9630264874930935e-05	cluster_0_1_mixed	249	F	67.0
666_V	0.0	1.9607884254638885e-05	cluster_0_1_mixed	666	V	339.0
664_F	0.0	1.959997947399382e-05	cluster_0_1_mixed	664	F	339.0
378_L	0.0	1.9592404482912033e-05	cluster_0_1_mixed	378	L	143.0
865_I	0.0	1.9577509311916137e-05	cluster_0_1_mixed	865	I	475.0
436_C	0.0	1.9556045698019784e-05	cluster_0_1_mixed	436	C	189.0
414_A	0.0	1.954931769371056e-05	cluster_0_1_mixed	414	A	173.0
913_Y	0.0	1.954655313784679e-05	cluster_0_1_mixed	913	Y	500.0
215_Q	0.0	1.9543261681079e-05	cluster_0_1_mixed	215	Q	41.0
869_P	0.0	1.9541889269874604e-05	cluster_0_1_mixed	869	P	478.0
702_S	0.0	1.951670771416567e-05	cluster_0_1_mixed	702	S	367.0
362_T	0.0	1.9489030966566492e-05	cluster_0_1_mixed	362	T	136.0
419_N	0.0	1.947670795965283e-05	cluster_0_1_mixed	419	N	178.0
815_F	0.0	1.9474525150523108e-05	cluster_0_1_mixed	815	F	442.0
60_I	0.0	1.947053528081069e-05	cluster_0_1_mixed	60	I	0.0
725_Q	0.0	1.9457151764118847e-05	cluster_0_1_mixed	725	Q	390.0
663_E	0.0	1.9428862044742817e-05	cluster_0_1_mixed	663	E	339.0
667_M	0.0	1.941935210759994e-05	cluster_0_1_mixed	667	M	339.0
870_D	0.0	1.939382647470136e-05	cluster_0_1_mixed	870	D	479.0
466_G	0.0	1.938751046903244e-05	cluster_0_1_mixed	466	G	209.0
191_E	0.0	1.937983844509318e-05	cluster_0_1_mixed	191	E	18.0
639_V	0.0	1.9371355694289823e-05	cluster_0_1_mixed	639	V	321.0
680_S	0.0	1.935533995808708e-05	cluster_0_1_mixed	680	S	349.0
242_F	0.0	1.9354751747723544e-05	cluster_0_1_mixed	242	F	61.0
420_N	0.0	1.935406768603586e-05	cluster_0_1_mixed	420	N	179.0
336_Y	0.0	1.9348651187620816e-05	cluster_0_1_mixed	336	Y	125.0
628_D	0.0	1.932108385402556e-05	cluster_0_1_mixed	628	D	310.0
479_R	0.0	1.9321073680492046e-05	cluster_0_1_mixed	479	R	221.0
392_G	0.0	1.9318344034659865e-05	cluster_0_1_mixed	392	G	155.0
171_A	0.0	1.9313310715008193e-05	cluster_0_1_mixed	171	A	0.0
335_D	0.0	1.9311473353466875e-05	cluster_0_1_mixed	335	D	124.0
909_F	0.0	1.929953752701751e-05	cluster_0_1_mixed	909	F	496.0
848_M	0.0	1.928300446951578e-05	cluster_0_1_mixed	848	M	467.0
422_L	0.0	1.9281518649393697e-05	cluster_0_1_mixed	422	L	180.0
214_T	0.0	1.928028013771965e-05	cluster_0_1_mixed	214	T	40.0
183_A	0.0	1.928023048404833e-05	cluster_0_1_mixed	183	A	12.0
852_K	0.0	1.9279935909725607e-05	cluster_0_1_mixed	852	K	467.0
423_M	0.0	1.927871086870187e-05	cluster_0_1_mixed	423	M	180.0
437_M	0.0	1.9277887731706032e-05	cluster_0_1_mixed	437	M	190.0
531_I	0.0	1.9274303150838097e-05	cluster_0_1_mixed	531	I	230.0
52_A	0.0	1.9265457689897788e-05	cluster_0_1_mixed	52	A	0.0
639_M	0.0	1.925579712958298e-05	cluster_0_1_mixed	639	M	321.0
817_E	0.0	1.923643742274667e-05	cluster_0_1_mixed	817	E	444.0
817_R	0.0	1.923633292730727e-05	cluster_0_1_mixed	817	R	444.0
781_K	0.0	1.9231073189570123e-05	cluster_0_1_mixed	781	K	425.0
685_T	0.0	1.9223783280850075e-05	cluster_0_1_mixed	685	T	354.0
556_F	0.0	1.9220715489561172e-05	cluster_0_1_mixed	556	F	244.0
252_M	0.0	1.9212024518636302e-05	cluster_0_1_mixed	252	M	70.0
431_Q	0.0	1.920956644126704e-05	cluster_0_1_mixed	431	Q	184.0
852_Q	0.0	1.9182409098369703e-05	cluster_0_1_mixed	852	Q	467.0
339_Q	0.0	1.918240607441199e-05	cluster_0_1_mixed	339	Q	128.0
718_V	0.0	1.917660291446064e-05	cluster_0_1_mixed	718	V	383.0
449_G	0.0	1.916852880592807e-05	cluster_0_1_mixed	449	G	195.0
563_W	0.0	1.9165571575692504e-05	cluster_0_1_mixed	563	W	248.0
800_H	0.0	1.915652916909013e-05	cluster_0_1_mixed	800	H	434.0
517_M	0.0	1.9148110332235925e-05	cluster_0_1_mixed	517	M	223.0
12_G	0.0	1.91389355588735e-05	cluster_0_1_mixed	12	G	0.0
489_W	0.0	1.911375817971476e-05	cluster_0_1_mixed	489	W	221.0
517_F	0.0	1.909273269623709e-05	cluster_0_1_mixed	517	F	223.0
629_N	0.0	1.909132014022951e-05	cluster_0_1_mixed	629	N	311.0
672_Y	0.0	1.9075918610336547e-05	cluster_0_1_mixed	672	Y	341.0
577_V	0.0	1.9059903872209208e-05	cluster_0_1_mixed	577	V	261.0
435_Y	0.0	1.9054039923445284e-05	cluster_0_1_mixed	435	Y	188.0
354_Q	0.0	1.905273239843e-05	cluster_0_1_mixed	354	Q	134.0
420_S	0.0	1.9044360671631845e-05	cluster_0_1_mixed	420	S	179.0
333_I	0.0	1.9035218143546944e-05	cluster_0_1_mixed	333	I	122.0
314_W	0.0	1.9027970917355665e-05	cluster_0_1_mixed	314	W	104.0
836_V	0.0	1.9020073007267608e-05	cluster_0_1_mixed	836	V	457.0
450_N	0.0	1.9005504405830643e-05	cluster_0_1_mixed	450	N	196.0
54_P	0.0	1.8976598000999003e-05	cluster_0_1_mixed	54	P	0.0
919_M	0.0	1.8969598187163087e-05	cluster_0_1_mixed	919	M	502.0
882_E	0.0	1.8959777958564335e-05	cluster_0_1_mixed	882	E	491.0
560_W	0.0	1.895960900419934e-05	cluster_0_1_mixed	560	W	245.0
539_R	0.0	1.8955887575990167e-05	cluster_0_1_mixed	539	R	233.0
585_G	0.0	1.8943298736657365e-05	cluster_0_1_mixed	585	G	269.0
842_M	0.0	1.8933813103425515e-05	cluster_0_1_mixed	842	M	463.0
474_N	0.0	1.8901271008943044e-05	cluster_0_1_mixed	474	N	217.0
350_H	0.0	1.8899651747806464e-05	cluster_0_1_mixed	350	H	131.0
816_M	0.0	1.889548484144389e-05	cluster_0_1_mixed	816	M	443.0
769_Y	0.0	1.8866730984794076e-05	cluster_0_1_mixed	769	Y	416.0
570_R	0.0	1.886571624805596e-05	cluster_0_1_mixed	570	R	254.0
855_N	0.0	1.885203069913092e-05	cluster_0_1_mixed	855	N	470.0
469_L	0.0	1.8834820589450065e-05	cluster_0_1_mixed	469	L	212.0
526_E	0.0	1.8794443281944026e-05	cluster_0_1_mixed	526	E	225.0
571_F	0.0	1.8794064466789495e-05	cluster_0_1_mixed	571	F	255.0
536_K	0.0	1.879215664106404e-05	cluster_0_1_mixed	536	K	231.0
414_N	0.0	1.878441845811024e-05	cluster_0_1_mixed	414	N	173.0
171_W	0.0	1.8776899965814695e-05	cluster_0_1_mixed	171	W	0.0
245_R	0.0	1.876508458862717e-05	cluster_0_1_mixed	245	R	64.0
523_I	0.0	1.876144792718771e-05	cluster_0_1_mixed	523	I	223.0
202_H	0.0	1.8760151454449774e-05	cluster_0_1_mixed	202	H	29.0
574_F	0.0	1.8752912211090898e-05	cluster_0_1_mixed	574	F	258.0
748_G	0.0	1.874900628124599e-05	cluster_0_1_mixed	748	G	413.0
167_K	0.0	1.8745510019855783e-05	cluster_0_1_mixed	167	K	0.0
375_E	0.0	1.8736317496242653e-05	cluster_0_1_mixed	375	E	141.0
240_C	0.0	1.873469549074987e-05	cluster_0_1_mixed	240	C	59.0
515_G	0.0	1.8730404045678658e-05	cluster_0_1_mixed	515	G	221.0
557_F	0.0	1.8719415980278853e-05	cluster_0_1_mixed	557	F	245.0
465_S	0.0	1.8719181994587953e-05	cluster_0_1_mixed	465	S	208.0
346_L	0.0	1.870748290792947e-05	cluster_0_1_mixed	346	L	130.0
922_T	0.0	1.8706321883556207e-05	cluster_0_1_mixed	922	T	505.0
553_Q	0.0	1.870120459481385e-05	cluster_0_1_mixed	553	Q	242.0
318_I	0.0	1.8697483234901452e-05	cluster_0_1_mixed	318	I	108.0
196_K	0.0	1.86960630109108e-05	cluster_0_1_mixed	196	K	23.0
183_G	0.0	1.86825091626611e-05	cluster_0_1_mixed	183	G	12.0
734_D	0.0	1.865210449833408e-05	cluster_0_1_mixed	734	D	399.0
669_P	0.0	1.8646397695231528e-05	cluster_0_1_mixed	669	P	340.0
532_Q	0.0	1.862519808237939e-05	cluster_0_1_mixed	532	Q	231.0
113_L	0.0	1.861811882811195e-05	cluster_0_1_mixed	113	L	0.0
516_Y	0.0	1.861168634549947e-05	cluster_0_1_mixed	516	Y	222.0
20_S	0.0	1.8584397181256675e-05	cluster_0_1_mixed	20	S	0.0
93_Y	0.0	1.858180738763522e-05	cluster_0_1_mixed	93	Y	0.0
656_L	0.0	1.8569651250465337e-05	cluster_0_1_mixed	656	L	338.0
523_V	0.0	1.855626962015248e-05	cluster_0_1_mixed	523	V	223.0
454_A	0.0	1.855274772699605e-05	cluster_0_1_mixed	454	A	200.0
731_M	0.0	1.854835099170873e-05	cluster_0_1_mixed	731	M	396.0
617_I	0.0	1.8546248117285894e-05	cluster_0_1_mixed	617	I	300.0
519_K	0.0	1.8539223623264667e-05	cluster_0_1_mixed	519	K	223.0
532_M	0.0	1.851967329517901e-05	cluster_0_1_mixed	532	M	231.0
571_Y	0.0	1.851624555290348e-05	cluster_0_1_mixed	571	Y	255.0
907_A	0.0	1.8507405232591204e-05	cluster_0_1_mixed	907	A	496.0
735_Q	0.0	1.8496216826614183e-05	cluster_0_1_mixed	735	Q	400.0
769_M	0.0	1.8480649550223615e-05	cluster_0_1_mixed	769	M	416.0
380_F	0.0	1.8473947363586112e-05	cluster_0_1_mixed	380	F	145.0
218_V	0.0	1.8468126756833582e-05	cluster_0_1_mixed	218	V	44.0
875_Q	0.0	1.8467273181667427e-05	cluster_0_1_mixed	875	Q	484.0
173_N	0.0	1.8466871413677964e-05	cluster_0_1_mixed	173	N	2.0
656_S	0.0	1.845998707784368e-05	cluster_0_1_mixed	656	S	338.0
490_I	0.0	1.843618391427197e-05	cluster_0_1_mixed	490	I	221.0
187_I	0.0	1.842855936927105e-05	cluster_0_1_mixed	187	I	14.0
690_M	0.0	1.8421029018121184e-05	cluster_0_1_mixed	690	M	357.0
424_M	0.0	1.841799946976985e-05	cluster_0_1_mixed	424	M	180.0
688_A	0.0	1.8414791305785403e-05	cluster_0_1_mixed	688	A	357.0
433_A	0.0	1.8413187294991455e-05	cluster_0_1_mixed	433	A	186.0
550_I	0.0	1.8393148661157865e-05	cluster_0_1_mixed	550	I	242.0
211_K	0.0	1.8388539446695475e-05	cluster_0_1_mixed	211	K	38.0
103_N	0.0	1.835671847860137e-05	cluster_0_1_mixed	103	N	0.0
639_G	0.0	1.833677914170659e-05	cluster_0_1_mixed	639	G	321.0
324_L	0.0	1.8320891208956365e-05	cluster_0_1_mixed	324	L	114.0
563_M	0.0	1.83145450215806e-05	cluster_0_1_mixed	563	M	248.0
490_V	0.0	1.830514575243446e-05	cluster_0_1_mixed	490	V	221.0
872_L	0.0	1.829002256435317e-05	cluster_0_1_mixed	872	L	481.0
323_I	0.0	1.8286775854706907e-05	cluster_0_1_mixed	323	I	113.0
187_D	0.0	1.8278214305818595e-05	cluster_0_1_mixed	187	D	14.0
96_K	0.0	1.827700482551311e-05	cluster_0_1_mixed	96	K	0.0
178_K	0.0	1.8276534264837668e-05	cluster_0_1_mixed	178	K	7.0
315_S	0.0	1.8273238734118645e-05	cluster_0_1_mixed	315	S	105.0
397_H	0.0	1.8258606430204115e-05	cluster_0_1_mixed	397	H	156.0
412_M	0.0	1.824171010253145e-05	cluster_0_1_mixed	412	M	171.0
265_F	0.0	1.823483282708885e-05	cluster_0_1_mixed	265	F	83.0
192_D	0.0	1.820829595454143e-05	cluster_0_1_mixed	192	D	19.0
612_Q	0.0	1.820283454824692e-05	cluster_0_1_mixed	612	Q	295.0
329_K	0.0	1.8200220812761574e-05	cluster_0_1_mixed	329	K	118.0
469_M	0.0	1.819331518185408e-05	cluster_0_1_mixed	469	M	212.0
871_R	0.0	1.81857322059848e-05	cluster_0_1_mixed	871	R	480.0
578_I	0.0	1.8184751046185524e-05	cluster_0_1_mixed	578	I	262.0
850_N	0.0	1.8171709350823742e-05	cluster_0_1_mixed	850	N	467.0
410_A	0.0	1.815115557499638e-05	cluster_0_1_mixed	410	A	169.0
646_K	0.0	1.8136355400914865e-05	cluster_0_1_mixed	646	K	328.0
581_G	0.0	1.8133557336954735e-05	cluster_0_1_mixed	581	G	265.0
535_K	0.0	1.8116807259061525e-05	cluster_0_1_mixed	535	K	231.0
788_A	0.0	1.8114384548571344e-05	cluster_0_1_mixed	788	A	427.0
693_K	0.0	1.810131391427331e-05	cluster_0_1_mixed	693	K	358.0
674_I	0.0	1.8094675361853156e-05	cluster_0_1_mixed	674	I	343.0
555_H	0.0	1.808361713177497e-05	cluster_0_1_mixed	555	H	243.0
397_Q	0.0	1.8081624462131204e-05	cluster_0_1_mixed	397	Q	156.0
661_D	0.0	1.8072012487734417e-05	cluster_0_1_mixed	661	D	339.0
835_H	0.0	1.8068244469124713e-05	cluster_0_1_mixed	835	H	456.0
928_A	0.0	1.8060640614465812e-05	cluster_0_1_mixed	928	A	511.0
482_L	0.0	1.8059535343049375e-05	cluster_0_1_mixed	482	L	221.0
473_L	0.0	1.8041043477101756e-05	cluster_0_1_mixed	473	L	216.0
365_Q	0.0	1.8031887599478766e-05	cluster_0_1_mixed	365	Q	139.0
337_W	0.0	1.8025645409408837e-05	cluster_0_1_mixed	337	W	126.0
876_R	0.0	1.8010982968827576e-05	cluster_0_1_mixed	876	R	485.0
649_R	0.0	1.8004352525306763e-05	cluster_0_1_mixed	649	R	331.0
470_N	0.0	1.7994478771762416e-05	cluster_0_1_mixed	470	N	213.0
379_R	0.0	1.7991509117461413e-05	cluster_0_1_mixed	379	R	144.0
429_I	0.0	1.7973162136717672e-05	cluster_0_1_mixed	429	I	183.0
540_W	0.0	1.7961508450924128e-05	cluster_0_1_mixed	540	W	234.0
886_N	0.0	1.7939023549113152e-05	cluster_0_1_mixed	886	N	495.0
523_E	0.0	1.7936772812096407e-05	cluster_0_1_mixed	523	E	223.0
413_E	0.0	1.7927328082987145e-05	cluster_0_1_mixed	413	E	172.0
375_Q	0.0	1.7923656705566467e-05	cluster_0_1_mixed	375	Q	141.0
475_A	0.0	1.7923336930070328e-05	cluster_0_1_mixed	475	A	218.0
644_A	0.0	1.7916019153404126e-05	cluster_0_1_mixed	644	A	326.0
176_S	0.0	1.79158781979355e-05	cluster_0_1_mixed	176	S	5.0
255_T	0.0	1.789540727453158e-05	cluster_0_1_mixed	255	T	73.0
208_Y	0.0	1.7893626209127165e-05	cluster_0_1_mixed	208	Y	35.0
848_R	0.0	1.7880055865848333e-05	cluster_0_1_mixed	848	R	467.0
817_I	0.0	1.784054061674236e-05	cluster_0_1_mixed	817	I	444.0
569_F	0.0	1.782726926954075e-05	cluster_0_1_mixed	569	F	254.0
612_M	0.0	1.782534222123079e-05	cluster_0_1_mixed	612	M	295.0
715_D	0.0	1.781049797918238e-05	cluster_0_1_mixed	715	D	380.0
464_Y	0.0	1.7798824009453923e-05	cluster_0_1_mixed	464	Y	207.0
469_V	0.0	1.7794685831184906e-05	cluster_0_1_mixed	469	V	212.0
220_P	0.0	1.7792060688990636e-05	cluster_0_1_mixed	220	P	46.0
464_T	0.0	1.7791476909666377e-05	cluster_0_1_mixed	464	T	207.0
919_S	0.0	1.7788116291951024e-05	cluster_0_1_mixed	919	S	502.0
224_D	0.0	1.7772850349217068e-05	cluster_0_1_mixed	224	D	50.0
489_F	0.0	1.7750835895617716e-05	cluster_0_1_mixed	489	F	221.0
325_Y	0.0	1.7737341826698884e-05	cluster_0_1_mixed	325	Y	115.0
870_M	0.0	1.772271854478304e-05	cluster_0_1_mixed	870	M	479.0
480_P	0.0	1.771307924470457e-05	cluster_0_1_mixed	480	P	221.0
138_I	0.0	1.7711380200001108e-05	cluster_0_1_mixed	138	I	0.0
26_R	0.0	1.770839538485886e-05	cluster_0_1_mixed	26	R	0.0
672_Q	0.0	1.7689400362428532e-05	cluster_0_1_mixed	672	Q	341.0
693_T	0.0	1.7684387492896042e-05	cluster_0_1_mixed	693	T	358.0
446_S	0.0	1.7656366381889422e-05	cluster_0_1_mixed	446	S	192.0
647_I	0.0	1.7654866151933658e-05	cluster_0_1_mixed	647	I	329.0
91_R	0.0	1.7653083417491368e-05	cluster_0_1_mixed	91	R	0.0
432_I	0.0	1.7632441437270215e-05	cluster_0_1_mixed	432	I	185.0
524_I	0.0	1.7624356594423544e-05	cluster_0_1_mixed	524	I	223.0
465_T	0.0	1.7595359689449805e-05	cluster_0_1_mixed	465	T	208.0
464_D	0.0	1.759458260266752e-05	cluster_0_1_mixed	464	D	207.0
427_F	0.0	1.7569359194651054e-05	cluster_0_1_mixed	427	F	183.0
663_P	0.0	1.7569235748120628e-05	cluster_0_1_mixed	663	P	339.0
905_R	0.0	1.7567336963495185e-05	cluster_0_1_mixed	905	R	496.0
268_V	0.0	1.7558069262316023e-05	cluster_0_1_mixed	268	V	86.0
81_V	0.0	1.7554823320180934e-05	cluster_0_1_mixed	81	V	0.0
887_P	0.0	1.7548175182835867e-05	cluster_0_1_mixed	887	P	496.0
607_I	0.0	1.7537231416018985e-05	cluster_0_1_mixed	607	I	290.0
355_G	0.0	1.753026047847673e-05	cluster_0_1_mixed	355	G	134.0
746_F	0.0	1.7529572756125247e-05	cluster_0_1_mixed	746	F	411.0
329_N	0.0	1.7524638923003948e-05	cluster_0_1_mixed	329	N	118.0
412_Q	0.0	1.7524517103284302e-05	cluster_0_1_mixed	412	Q	171.0
36_R	0.0	1.7523991328001067e-05	cluster_0_1_mixed	36	R	0.0
489_Y	0.0	1.7521147342518558e-05	cluster_0_1_mixed	489	Y	221.0
329_C	0.0	1.7504231346073284e-05	cluster_0_1_mixed	329	C	118.0
673_V	0.0	1.750415094914759e-05	cluster_0_1_mixed	673	V	342.0
876_K	0.0	1.7497998037327873e-05	cluster_0_1_mixed	876	K	485.0
685_Y	0.0	1.7489845118301385e-05	cluster_0_1_mixed	685	Y	354.0
332_F	0.0	1.7485419488732524e-05	cluster_0_1_mixed	332	F	121.0
395_P	0.0	1.7484858034942163e-05	cluster_0_1_mixed	395	P	155.0
549_R	0.0	1.7484199696169127e-05	cluster_0_1_mixed	549	R	242.0
685_F	0.0	1.7477855829189247e-05	cluster_0_1_mixed	685	F	354.0
865_M	0.0	1.7463901770716407e-05	cluster_0_1_mixed	865	M	475.0
196_S	0.0	1.7450808494273927e-05	cluster_0_1_mixed	196	S	23.0
551_W	0.0	1.744456491410002e-05	cluster_0_1_mixed	551	W	242.0
531_V	0.0	1.74383375456499e-05	cluster_0_1_mixed	531	V	230.0
881_E	0.0	1.7432526479354008e-05	cluster_0_1_mixed	881	E	490.0
317_F	0.0	1.7417001493636665e-05	cluster_0_1_mixed	317	F	107.0
649_Y	0.0	1.7388390540841088e-05	cluster_0_1_mixed	649	Y	331.0
759_R	0.0	1.73609443662726e-05	cluster_0_1_mixed	759	R	413.0
465_F	0.0	1.7354706525721907e-05	cluster_0_1_mixed	465	F	208.0
542_I	0.0	1.7349953652221762e-05	cluster_0_1_mixed	542	I	236.0
125_S	0.0	1.7342476450081266e-05	cluster_0_1_mixed	125	S	0.0
554_P	0.0	1.733952626556671e-05	cluster_0_1_mixed	554	P	242.0
382_R	0.0	1.7335355429970225e-05	cluster_0_1_mixed	382	R	147.0
836_I	0.0	1.733491588861612e-05	cluster_0_1_mixed	836	I	457.0
535_W	0.0	1.7326187966241252e-05	cluster_0_1_mixed	535	W	231.0
208_N	0.0	1.732352671531236e-05	cluster_0_1_mixed	208	N	35.0
265_R	0.0	1.730604710219741e-05	cluster_0_1_mixed	265	R	83.0
627_Q	0.0	1.7294725587922364e-05	cluster_0_1_mixed	627	Q	309.0
573_Q	0.0	1.7291424846963908e-05	cluster_0_1_mixed	573	Q	257.0
315_K	0.0	1.7285335451049088e-05	cluster_0_1_mixed	315	K	105.0
729_R	0.0	1.7285233032937102e-05	cluster_0_1_mixed	729	R	394.0
560_K	0.0	1.7282129802938493e-05	cluster_0_1_mixed	560	K	245.0
367_S	0.0	1.726309917169637e-05	cluster_0_1_mixed	367	S	139.0
736_I	0.0	1.7235680093585686e-05	cluster_0_1_mixed	736	I	401.0
782_P	0.0	1.7231534073999508e-05	cluster_0_1_mixed	782	P	426.0
816_L	0.0	1.7230683384362702e-05	cluster_0_1_mixed	816	L	443.0
669_N	0.0	1.722764441099969e-05	cluster_0_1_mixed	669	N	340.0
187_Y	0.0	1.722556120235466e-05	cluster_0_1_mixed	187	Y	14.0
189_L	0.0	1.7218237877407252e-05	cluster_0_1_mixed	189	L	16.0
938_R	0.0	1.7209399678389184e-05	cluster_0_1_mixed	938	R	521.0
247_H	0.0	1.7199414344330923e-05	cluster_0_1_mixed	247	H	65.0
648_M	0.0	1.719813027818625e-05	cluster_0_1_mixed	648	M	330.0
678_I	0.0	1.7170798598720935e-05	cluster_0_1_mixed	678	I	347.0
199_S	0.0	1.717013834315748e-05	cluster_0_1_mixed	199	S	26.0
110_E	0.0	1.7165338605315613e-05	cluster_0_1_mixed	110	E	0.0
688_I	0.0	1.7155423363720682e-05	cluster_0_1_mixed	688	I	357.0
517_S	0.0	1.714779559775626e-05	cluster_0_1_mixed	517	S	223.0
457_A	0.0	1.7147020226002395e-05	cluster_0_1_mixed	457	A	203.0
772_E	0.0	1.714395152989317e-05	cluster_0_1_mixed	772	E	419.0
256_S	0.0	1.7143710647985796e-05	cluster_0_1_mixed	256	S	74.0
163_N	0.0	1.71395390031534e-05	cluster_0_1_mixed	163	N	0.0
428_I	0.0	1.7135634853060934e-05	cluster_0_1_mixed	428	I	183.0
526_N	0.0	1.7127925024267247e-05	cluster_0_1_mixed	526	N	225.0
45_V	0.0	1.710445930634983e-05	cluster_0_1_mixed	45	V	0.0
857_N	0.0	1.7091588536647994e-05	cluster_0_1_mixed	857	N	472.0
647_D	0.0	1.706222361613931e-05	cluster_0_1_mixed	647	D	329.0
387_T	0.0	1.7062045836107744e-05	cluster_0_1_mixed	387	T	152.0
255_F	0.0	1.7054515951424566e-05	cluster_0_1_mixed	255	F	73.0
833_P	0.0	1.7018695763275958e-05	cluster_0_1_mixed	833	P	454.0
665_V	0.0	1.7007506655691985e-05	cluster_0_1_mixed	665	V	339.0
557_M	0.0	1.700328011330163e-05	cluster_0_1_mixed	557	M	245.0
426_I	0.0	1.6989970984810963e-05	cluster_0_1_mixed	426	I	182.0
525_E	0.0	1.6980371752447405e-05	cluster_0_1_mixed	525	E	224.0
797_P	0.0	1.6975124894876687e-05	cluster_0_1_mixed	797	P	431.0
518_P	0.0	1.697488423857345e-05	cluster_0_1_mixed	518	P	223.0
254_A	0.0	1.6960271088637524e-05	cluster_0_1_mixed	254	A	72.0
851_G	0.0	1.695967105625991e-05	cluster_0_1_mixed	851	G	467.0
790_Q	0.0	1.6952693993981687e-05	cluster_0_1_mixed	790	Q	428.0
359_I	0.0	1.6945661947085678e-05	cluster_0_1_mixed	359	I	134.0
178_G	0.0	1.6937850870278637e-05	cluster_0_1_mixed	178	G	7.0
834_G	0.0	1.6910327137210695e-05	cluster_0_1_mixed	834	G	455.0
527_Q	0.0	1.6896702162483453e-05	cluster_0_1_mixed	527	Q	226.0
881_S	0.0	1.688624367417445e-05	cluster_0_1_mixed	881	S	490.0
793_E	0.0	1.688481275027217e-05	cluster_0_1_mixed	793	E	428.0
426_P	0.0	1.687517341441193e-05	cluster_0_1_mixed	426	P	182.0
427_L	0.0	1.685284866808531e-05	cluster_0_1_mixed	427	L	183.0
525_M	0.0	1.683942992841092e-05	cluster_0_1_mixed	525	M	224.0
697_T	0.0	1.6834901176143503e-05	cluster_0_1_mixed	697	T	362.0
449_Q	0.0	1.6832818840351618e-05	cluster_0_1_mixed	449	Q	195.0
773_V	0.0	1.6829985622548483e-05	cluster_0_1_mixed	773	V	420.0
206_N	0.0	1.6800216706619543e-05	cluster_0_1_mixed	206	N	33.0
701_H	0.0	1.679014328067063e-05	cluster_0_1_mixed	701	H	366.0
475_P	0.0	1.6788211186668853e-05	cluster_0_1_mixed	475	P	218.0
891_Q	0.0	1.675600515337856e-05	cluster_0_1_mixed	891	Q	496.0
468_P	0.0	1.6755483750649975e-05	cluster_0_1_mixed	468	P	211.0
797_L	0.0	1.675309439502964e-05	cluster_0_1_mixed	797	L	431.0
490_M	0.0	1.6751103962272096e-05	cluster_0_1_mixed	490	M	221.0
181_A	0.0	1.6744423833824544e-05	cluster_0_1_mixed	181	A	10.0
837_E	0.0	1.6731940365557276e-05	cluster_0_1_mixed	837	E	458.0
859_E	0.0	1.673133513292207e-05	cluster_0_1_mixed	859	E	474.0
630_K	0.0	1.671548051765004e-05	cluster_0_1_mixed	630	K	312.0
925_Q	0.0	1.6713574926540123e-05	cluster_0_1_mixed	925	Q	508.0
304_P	0.0	1.6706195169053366e-05	cluster_0_1_mixed	304	P	102.0
655_F	0.0	1.669473020013602e-05	cluster_0_1_mixed	655	F	337.0
914_V	0.0	1.6693133579963996e-05	cluster_0_1_mixed	914	V	501.0
196_R	0.0	1.66860705101681e-05	cluster_0_1_mixed	196	R	23.0
711_Y	0.0	1.6668117222759023e-05	cluster_0_1_mixed	711	Y	376.0
696_K	0.0	1.665540997675186e-05	cluster_0_1_mixed	696	K	361.0
840_K	0.0	1.6650841927844263e-05	cluster_0_1_mixed	840	K	461.0
529_D	0.0	1.6648948751328497e-05	cluster_0_1_mixed	529	D	228.0
438_T	0.0	1.664804689392094e-05	cluster_0_1_mixed	438	T	190.0
168_N	0.0	1.663649093730611e-05	cluster_0_1_mixed	168	N	0.0
336_E	0.0	1.6634901716790137e-05	cluster_0_1_mixed	336	E	125.0
864_G	0.0	1.6617371392295813e-05	cluster_0_1_mixed	864	G	475.0
487_H	0.0	1.661089025692757e-05	cluster_0_1_mixed	487	H	221.0
875_D	0.0	1.6610780863976116e-05	cluster_0_1_mixed	875	D	484.0
649_P	0.0	1.659806241017962e-05	cluster_0_1_mixed	649	P	331.0
111_V	0.0	1.65918495345623e-05	cluster_0_1_mixed	111	V	0.0
337_G	0.0	1.6590193609960392e-05	cluster_0_1_mixed	337	G	126.0
179_L	0.0	1.6589246145046823e-05	cluster_0_1_mixed	179	L	8.0
891_N	0.0	1.65887742201016e-05	cluster_0_1_mixed	891	N	496.0
798_I	0.0	1.656399635116422e-05	cluster_0_1_mixed	798	I	432.0
496_Q	0.0	1.6562713733868853e-05	cluster_0_1_mixed	496	Q	221.0
251_V	0.0	1.6545580696847356e-05	cluster_0_1_mixed	251	V	69.0
873_G	0.0	1.654080136685002e-05	cluster_0_1_mixed	873	G	482.0
183_V	0.0	1.6528690251843013e-05	cluster_0_1_mixed	183	V	12.0
297_H	0.0	1.652019135001235e-05	cluster_0_1_mixed	297	H	97.0
906_T	0.0	1.651951328967444e-05	cluster_0_1_mixed	906	T	496.0
658_T	0.0	1.651071347261949e-05	cluster_0_1_mixed	658	T	339.0
572_F	0.0	1.6498802857720617e-05	cluster_0_1_mixed	572	F	256.0
562_P	0.0	1.646875641164986e-05	cluster_0_1_mixed	562	P	247.0
324_T	0.0	1.6465201006777963e-05	cluster_0_1_mixed	324	T	114.0
181_H	0.0	1.645495285261997e-05	cluster_0_1_mixed	181	H	10.0
374_P	0.0	1.644285278264187e-05	cluster_0_1_mixed	374	P	141.0
710_V	0.0	1.643162133860727e-05	cluster_0_1_mixed	710	V	375.0
488_M	0.0	1.6423489341517412e-05	cluster_0_1_mixed	488	M	221.0
782_H	0.0	1.6412315309280304e-05	cluster_0_1_mixed	782	H	426.0
515_T	0.0	1.6408920080384866e-05	cluster_0_1_mixed	515	T	221.0
406_W	0.0	1.6390834088566553e-05	cluster_0_1_mixed	406	W	165.0
532_W	0.0	1.6385932649213396e-05	cluster_0_1_mixed	532	W	231.0
417_I	0.0	1.637373694361516e-05	cluster_0_1_mixed	417	I	176.0
365_Y	0.0	1.635534675937036e-05	cluster_0_1_mixed	365	Y	139.0
421_I	0.0	1.635403244486251e-05	cluster_0_1_mixed	421	I	180.0
217_Q	0.0	1.6351832842444572e-05	cluster_0_1_mixed	217	Q	43.0
356_V	0.0	1.6343721556473394e-05	cluster_0_1_mixed	356	V	134.0
184_A	0.0	1.6332857703126718e-05	cluster_0_1_mixed	184	A	13.0
15_N	0.0	1.63308967689279e-05	cluster_0_1_mixed	15	N	0.0
664_V	0.0	1.6324355558600908e-05	cluster_0_1_mixed	664	V	339.0
575_W	0.0	1.631342276990589e-05	cluster_0_1_mixed	575	W	259.0
923_M	0.0	1.6307208388355103e-05	cluster_0_1_mixed	923	M	506.0
580_I	0.0	1.6292592719027396e-05	cluster_0_1_mixed	580	I	264.0
95_G	0.0	1.628915234540088e-05	cluster_0_1_mixed	95	G	0.0
734_V	0.0	1.628240899514495e-05	cluster_0_1_mixed	734	V	399.0
239_P	0.0	1.628068697988681e-05	cluster_0_1_mixed	239	P	58.0
6_L	0.0	1.626909788968227e-05	cluster_0_1_mixed	6	L	0.0
713_E	0.0	1.6267855838598797e-05	cluster_0_1_mixed	713	E	378.0
770_I	0.0	1.626197912946095e-05	cluster_0_1_mixed	770	I	417.0
104_I	0.0	1.626123627859115e-05	cluster_0_1_mixed	104	I	0.0
386_I	0.0	1.623655017114491e-05	cluster_0_1_mixed	386	I	151.0
441_N	0.0	1.621449688181328e-05	cluster_0_1_mixed	441	N	190.0
873_E	0.0	1.6200242044122017e-05	cluster_0_1_mixed	873	E	482.0
825_M	0.0	1.6198866171355618e-05	cluster_0_1_mixed	825	M	452.0
686_A	0.0	1.6183852081155163e-05	cluster_0_1_mixed	686	A	355.0
418_E	0.0	1.6164303603591672e-05	cluster_0_1_mixed	418	E	177.0
676_R	0.0	1.6112087531214906e-05	cluster_0_1_mixed	676	R	345.0
384_Y	0.0	1.6111937162285033e-05	cluster_0_1_mixed	384	Y	149.0
847_T	0.0	1.610457055578263e-05	cluster_0_1_mixed	847	T	467.0
897_T	0.0	1.6100955281424973e-05	cluster_0_1_mixed	897	T	496.0
842_A	0.0	1.6094148489969244e-05	cluster_0_1_mixed	842	A	463.0
444_Y	0.0	1.606209034845759e-05	cluster_0_1_mixed	444	Y	190.0
436_E	0.0	1.6056223403115922e-05	cluster_0_1_mixed	436	E	189.0
68_T	0.0	1.60535863366088e-05	cluster_0_1_mixed	68	T	0.0
896_E	0.0	1.6028665293390457e-05	cluster_0_1_mixed	896	E	496.0
326_E	0.0	1.60274081761439e-05	cluster_0_1_mixed	326	E	116.0
692_M	0.0	1.601857761811532e-05	cluster_0_1_mixed	692	M	357.0
484_V	0.0	1.600388645454549e-05	cluster_0_1_mixed	484	V	221.0
218_S	0.0	1.6001411022406636e-05	cluster_0_1_mixed	218	S	44.0
921_A	0.0	1.5996008688637497e-05	cluster_0_1_mixed	921	A	504.0
676_N	0.0	1.598229055125392e-05	cluster_0_1_mixed	676	N	345.0
344_D	0.0	1.5975743148514167e-05	cluster_0_1_mixed	344	D	130.0
33_Y	0.0	1.5970434063630425e-05	cluster_0_1_mixed	33	Y	0.0
199_H	0.0	1.596797717029121e-05	cluster_0_1_mixed	199	H	26.0
453_Q	0.0	1.5958028848022917e-05	cluster_0_1_mixed	453	Q	199.0
90_I	0.0	1.591995297478625e-05	cluster_0_1_mixed	90	I	0.0
774_Q	0.0	1.5914119390821584e-05	cluster_0_1_mixed	774	Q	421.0
669_V	0.0	1.5912502322380932e-05	cluster_0_1_mixed	669	V	340.0
200_Y	0.0	1.5906343504643224e-05	cluster_0_1_mixed	200	Y	27.0
122_A	0.0	1.5899211262785963e-05	cluster_0_1_mixed	122	A	0.0
852_P	0.0	1.5898835453080986e-05	cluster_0_1_mixed	852	P	467.0
441_R	0.0	1.5893339918112485e-05	cluster_0_1_mixed	441	R	190.0
701_N	0.0	1.5879349634130596e-05	cluster_0_1_mixed	701	N	366.0
342_H	0.0	1.587179366792844e-05	cluster_0_1_mixed	342	H	130.0
111_I	0.0	1.5863017691904094e-05	cluster_0_1_mixed	111	I	0.0
240_K	0.0	1.586109535023196e-05	cluster_0_1_mixed	240	K	59.0
545_I	0.0	1.585361748904594e-05	cluster_0_1_mixed	545	I	239.0
5_Q	0.0	1.5810250448727044e-05	cluster_0_1_mixed	5	Q	0.0
219_V	0.0	1.580613470332049e-05	cluster_0_1_mixed	219	V	45.0
795_R	0.0	1.5800554628547534e-05	cluster_0_1_mixed	795	R	429.0
878_T	0.0	1.5791293290747478e-05	cluster_0_1_mixed	878	T	487.0
445_V	0.0	1.5785531893573845e-05	cluster_0_1_mixed	445	V	191.0
449_Y	0.0	1.577842925185992e-05	cluster_0_1_mixed	449	Y	195.0
932_Q	0.0	1.5750855224867554e-05	cluster_0_1_mixed	932	Q	515.0
529_F	0.0	1.575061498993024e-05	cluster_0_1_mixed	529	F	228.0
368_N	0.0	1.5734380641636705e-05	cluster_0_1_mixed	368	N	139.0
874_L	0.0	1.5729771391379593e-05	cluster_0_1_mixed	874	L	483.0
442_S	0.0	1.5724736245243293e-05	cluster_0_1_mixed	442	S	190.0
662_G	0.0	1.572392349417474e-05	cluster_0_1_mixed	662	G	339.0
491_Y	0.0	1.5718391233360247e-05	cluster_0_1_mixed	491	Y	221.0
87_S	0.0	1.5709698902035768e-05	cluster_0_1_mixed	87	S	0.0
261_R	0.0	1.5693195968786903e-05	cluster_0_1_mixed	261	R	79.0
892_G	0.0	1.5686676928234565e-05	cluster_0_1_mixed	892	G	496.0
532_E	0.0	1.5681486772908332e-05	cluster_0_1_mixed	532	E	231.0
766_V	0.0	1.5678686080489846e-05	cluster_0_1_mixed	766	V	413.0
454_D	0.0	1.5655905480448066e-05	cluster_0_1_mixed	454	D	200.0
35_W	0.0	1.5650175044462633e-05	cluster_0_1_mixed	35	W	0.0
527_M	0.0	1.563472884416797e-05	cluster_0_1_mixed	527	M	226.0
632_M	0.0	1.561762688700409e-05	cluster_0_1_mixed	632	M	314.0
850_D	0.0	1.560298118246784e-05	cluster_0_1_mixed	850	D	467.0
216_V	0.0	1.5593959657148674e-05	cluster_0_1_mixed	216	V	42.0
117_Q	0.0	1.5583963658144062e-05	cluster_0_1_mixed	117	Q	0.0
835_K	0.0	1.5579604690960154e-05	cluster_0_1_mixed	835	K	456.0
15_K	0.0	1.557395552253127e-05	cluster_0_1_mixed	15	K	0.0
561_M	0.0	1.556393258224194e-05	cluster_0_1_mixed	561	M	246.0
547_W	0.0	1.5559459790726154e-05	cluster_0_1_mixed	547	W	241.0
386_S	0.0	1.5558954029429965e-05	cluster_0_1_mixed	386	S	151.0
380_W	0.0	1.5554839465078492e-05	cluster_0_1_mixed	380	W	145.0
169_K	0.0	1.5550254921907837e-05	cluster_0_1_mixed	169	K	0.0
411_D	0.0	1.5550105723930335e-05	cluster_0_1_mixed	411	D	170.0
396_G	0.0	1.5547976595618544e-05	cluster_0_1_mixed	396	G	155.0
896_V	0.0	1.5544726616197145e-05	cluster_0_1_mixed	896	V	496.0
244_E	0.0	1.5531273134238e-05	cluster_0_1_mixed	244	E	63.0
551_I	0.0	1.552494935206853e-05	cluster_0_1_mixed	551	I	242.0
283_I	0.0	1.5519067750700837e-05	cluster_0_1_mixed	283	I	93.0
694_A	0.0	1.5508252475819817e-05	cluster_0_1_mixed	694	A	359.0
579_W	0.0	1.5501114019100604e-05	cluster_0_1_mixed	579	W	263.0
570_W	0.0	1.549248976549955e-05	cluster_0_1_mixed	570	W	254.0
766_G	0.0	1.5491359817769043e-05	cluster_0_1_mixed	766	G	413.0
70_P	0.0	1.5487002155171437e-05	cluster_0_1_mixed	70	P	0.0
122_Y	0.0	1.5476721282689993e-05	cluster_0_1_mixed	122	Y	0.0
677_T	0.0	1.5473372194733874e-05	cluster_0_1_mixed	677	T	346.0
334_E	0.0	1.547217524621659e-05	cluster_0_1_mixed	334	E	123.0
382_I	0.0	1.546881912544877e-05	cluster_0_1_mixed	382	I	147.0
427_A	0.0	1.5466085256651708e-05	cluster_0_1_mixed	427	A	183.0
417_E	0.0	1.5442119726852834e-05	cluster_0_1_mixed	417	E	176.0
534_H	0.0	1.544044152033145e-05	cluster_0_1_mixed	534	H	231.0
654_H	0.0	1.5429075842054975e-05	cluster_0_1_mixed	654	H	336.0
171_P	0.0	1.54213597197324e-05	cluster_0_1_mixed	171	P	0.0
858_E	0.0	1.5418088020103542e-05	cluster_0_1_mixed	858	E	473.0
729_Q	0.0	1.5414159211607987e-05	cluster_0_1_mixed	729	Q	394.0
321_F	0.0	1.5394481346716248e-05	cluster_0_1_mixed	321	F	111.0
719_G	0.0	1.5385537411181395e-05	cluster_0_1_mixed	719	G	384.0
914_T	0.0	1.536569906765526e-05	cluster_0_1_mixed	914	T	501.0
898_Y	0.0	1.5348571226835218e-05	cluster_0_1_mixed	898	Y	496.0
407_T	0.0	1.5346848017106814e-05	cluster_0_1_mixed	407	T	166.0
563_Q	0.0	1.534276017101255e-05	cluster_0_1_mixed	563	Q	248.0
862_A	0.0	1.5342331547092596e-05	cluster_0_1_mixed	862	A	475.0
51_L	0.0	1.533672703708569e-05	cluster_0_1_mixed	51	L	0.0
893_P	0.0	1.530944002672448e-05	cluster_0_1_mixed	893	P	496.0
433_P	0.0	1.5296713341926765e-05	cluster_0_1_mixed	433	P	186.0
338_D	0.0	1.5290415110043417e-05	cluster_0_1_mixed	338	D	127.0
331_L	0.0	1.528971844302172e-05	cluster_0_1_mixed	331	L	120.0
682_Y	0.0	1.527996148834757e-05	cluster_0_1_mixed	682	Y	351.0
464_Q	0.0	1.52677322162941e-05	cluster_0_1_mixed	464	Q	207.0
673_F	0.0	1.5264116262970996e-05	cluster_0_1_mixed	673	F	342.0
789_P	0.0	1.5261701102903403e-05	cluster_0_1_mixed	789	P	427.0
716_T	0.0	1.5261239192495605e-05	cluster_0_1_mixed	716	T	381.0
716_C	0.0	1.5240076408254522e-05	cluster_0_1_mixed	716	C	381.0
878_G	0.0	1.5233025048071596e-05	cluster_0_1_mixed	878	G	487.0
369_S	0.0	1.5232532901115507e-05	cluster_0_1_mixed	369	S	140.0
480_W	0.0	1.522939058803213e-05	cluster_0_1_mixed	480	W	221.0
900_F	0.0	1.5209642980334745e-05	cluster_0_1_mixed	900	F	496.0
522_M	0.0	1.5199203471597005e-05	cluster_0_1_mixed	522	M	223.0
367_A	0.0	1.5197649406653065e-05	cluster_0_1_mixed	367	A	139.0
368_L	0.0	1.519281434098983e-05	cluster_0_1_mixed	368	L	139.0
629_A	0.0	1.5161624980815763e-05	cluster_0_1_mixed	629	A	311.0
816_E	0.0	1.5159409098515877e-05	cluster_0_1_mixed	816	E	443.0
579_V	0.0	1.5124184963823716e-05	cluster_0_1_mixed	579	V	263.0
297_S	0.0	1.5123299059923853e-05	cluster_0_1_mixed	297	S	97.0
926_S	0.0	1.5120596807071066e-05	cluster_0_1_mixed	926	S	509.0
900_Y	0.0	1.5107041209340485e-05	cluster_0_1_mixed	900	Y	496.0
465_A	0.0	1.509990484007916e-05	cluster_0_1_mixed	465	A	208.0
906_A	0.0	1.509024098057557e-05	cluster_0_1_mixed	906	A	496.0
875_S	0.0	1.5089082465559869e-05	cluster_0_1_mixed	875	S	484.0
601_S	0.0	1.5084474387763508e-05	cluster_0_1_mixed	601	S	284.0
789_I	0.0	1.5074626511338795e-05	cluster_0_1_mixed	789	I	427.0
936_H	0.0	1.5073172150283884e-05	cluster_0_1_mixed	936	H	519.0
870_V	0.0	1.5065170340857156e-05	cluster_0_1_mixed	870	V	479.0
631_A	0.0	1.5064397910780922e-05	cluster_0_1_mixed	631	A	313.0
913_M	0.0	1.5044078805399696e-05	cluster_0_1_mixed	913	M	500.0
646_R	0.0	1.5033666120837215e-05	cluster_0_1_mixed	646	R	328.0
727_T	0.0	1.5028479708763334e-05	cluster_0_1_mixed	727	T	392.0
469_Y	0.0	1.5023406595270358e-05	cluster_0_1_mixed	469	Y	212.0
0_M	0.0	1.5008967099092395e-05	cluster_0_1_mixed	0	M	0.0
589_G	0.0	1.5005982686386284e-05	cluster_0_1_mixed	589	G	272.0
410_E	0.0	1.5001096684708082e-05	cluster_0_1_mixed	410	E	169.0
544_K	0.0	1.4998867225046816e-05	cluster_0_1_mixed	544	K	238.0
727_G	0.0	1.4995724412878436e-05	cluster_0_1_mixed	727	G	392.0
555_E	0.0	1.498890511419886e-05	cluster_0_1_mixed	555	E	243.0
455_T	0.0	1.4988265210294916e-05	cluster_0_1_mixed	455	T	201.0
392_C	0.0	1.4987597486643908e-05	cluster_0_1_mixed	392	C	155.0
778_L	0.0	1.4975721305894989e-05	cluster_0_1_mixed	778	L	422.0
431_E	0.0	1.4966388901488396e-05	cluster_0_1_mixed	431	E	184.0
773_N	0.0	1.4962910485264468e-05	cluster_0_1_mixed	773	N	420.0
73_G	0.0	1.4953153383292211e-05	cluster_0_1_mixed	73	G	0.0
427_I	0.0	1.4946306102559392e-05	cluster_0_1_mixed	427	I	183.0
409_V	0.0	1.494196867040766e-05	cluster_0_1_mixed	409	V	168.0
378_H	0.0	1.4941015631751932e-05	cluster_0_1_mixed	378	H	143.0
595_S	0.0	1.4925971482542522e-05	cluster_0_1_mixed	595	S	278.0
346_Q	0.0	1.4924138902718791e-05	cluster_0_1_mixed	346	Q	130.0
893_N	0.0	1.4919373867795796e-05	cluster_0_1_mixed	893	N	496.0
391_K	0.0	1.4917387380382996e-05	cluster_0_1_mixed	391	K	155.0
306_K	0.0	1.4909407153552146e-05	cluster_0_1_mixed	306	K	102.0
58_F	0.0	1.4901875179430735e-05	cluster_0_1_mixed	58	F	0.0
667_F	0.0	1.489855143141562e-05	cluster_0_1_mixed	667	F	339.0
253_N	0.0	1.4888692065666068e-05	cluster_0_1_mixed	253	N	71.0
430_M	0.0	1.487939051474479e-05	cluster_0_1_mixed	430	M	183.0
433_H	0.0	1.4877981569014047e-05	cluster_0_1_mixed	433	H	186.0
550_W	0.0	1.4874625925374055e-05	cluster_0_1_mixed	550	W	242.0
149_Y	0.0	1.4868362090232735e-05	cluster_0_1_mixed	149	Y	0.0
599_S	0.0	1.4868260579253015e-05	cluster_0_1_mixed	599	S	282.0
301_Q	0.0	1.4868218135998338e-05	cluster_0_1_mixed	301	Q	101.0
200_N	0.0	1.4865771346899457e-05	cluster_0_1_mixed	200	N	27.0
207_M	0.0	1.4865141388655511e-05	cluster_0_1_mixed	207	M	34.0
779_V	0.0	1.4864010949873344e-05	cluster_0_1_mixed	779	V	423.0
845_F	0.0	1.4849082876455273e-05	cluster_0_1_mixed	845	F	466.0
643_S	0.0	1.4827906169120012e-05	cluster_0_1_mixed	643	S	325.0
679_L	0.0	1.48257484628027e-05	cluster_0_1_mixed	679	L	348.0
367_F	0.0	1.4820503991273955e-05	cluster_0_1_mixed	367	F	139.0
666_Q	0.0	1.4812822853993768e-05	cluster_0_1_mixed	666	Q	339.0
908_H	0.0	1.4808730070012536e-05	cluster_0_1_mixed	908	H	496.0
647_F	0.0	1.4808009131737438e-05	cluster_0_1_mixed	647	F	329.0
929_M	0.0	1.480404372285932e-05	cluster_0_1_mixed	929	M	512.0
661_T	0.0	1.4803229695644084e-05	cluster_0_1_mixed	661	T	339.0
774_S	0.0	1.4802408150417613e-05	cluster_0_1_mixed	774	S	421.0
420_E	0.0	1.479111031947594e-05	cluster_0_1_mixed	420	E	179.0
911_Y	0.0	1.4750161958013023e-05	cluster_0_1_mixed	911	Y	498.0
209_A	0.0	1.474095510024315e-05	cluster_0_1_mixed	209	A	36.0
647_V	0.0	1.4725665131992698e-05	cluster_0_1_mixed	647	V	329.0
520_E	0.0	1.4718160730190485e-05	cluster_0_1_mixed	520	E	223.0
389_M	0.0	1.4714938059503391e-05	cluster_0_1_mixed	389	M	154.0
492_M	0.0	1.4712405037892089e-05	cluster_0_1_mixed	492	M	221.0
405_F	0.0	1.4707019380204564e-05	cluster_0_1_mixed	405	F	164.0
851_V	0.0	1.4701729653836046e-05	cluster_0_1_mixed	851	V	467.0
676_H	0.0	1.4699077788559544e-05	cluster_0_1_mixed	676	H	345.0
413_S	0.0	1.469640479360971e-05	cluster_0_1_mixed	413	S	172.0
227_T	0.0	1.468816279475886e-05	cluster_0_1_mixed	227	T	53.0
8_G	0.0	1.4680980253740894e-05	cluster_0_1_mixed	8	G	0.0
785_S	0.0	1.4673585414867176e-05	cluster_0_1_mixed	785	S	427.0
367_K	0.0	1.467269832840367e-05	cluster_0_1_mixed	367	K	139.0
886_G	0.0	1.464841473426468e-05	cluster_0_1_mixed	886	G	495.0
924_Q	0.0	1.4644367711068324e-05	cluster_0_1_mixed	924	Q	507.0
530_I	0.0	1.4630295123093634e-05	cluster_0_1_mixed	530	I	229.0
320_N	0.0	1.462367656765585e-05	cluster_0_1_mixed	320	N	110.0
577_I	0.0	1.4620278669725917e-05	cluster_0_1_mixed	577	I	261.0
252_V	0.0	1.4617850693481924e-05	cluster_0_1_mixed	252	V	70.0
677_Q	0.0	1.4616985514915392e-05	cluster_0_1_mixed	677	Q	346.0
216_E	0.0	1.4610944477702257e-05	cluster_0_1_mixed	216	E	42.0
280_A	0.0	1.4601507242667358e-05	cluster_0_1_mixed	280	A	91.0
387_K	0.0	1.4597907539457006e-05	cluster_0_1_mixed	387	K	152.0
640_L	0.0	1.45878192698184e-05	cluster_0_1_mixed	640	L	322.0
663_Q	0.0	1.4586046627842914e-05	cluster_0_1_mixed	663	Q	339.0
935_N	0.0	1.4583150656364075e-05	cluster_0_1_mixed	935	N	518.0
903_S	0.0	1.4582350587106357e-05	cluster_0_1_mixed	903	S	496.0
524_D	0.0	1.4573663205523488e-05	cluster_0_1_mixed	524	D	223.0
185_R	0.0	1.456835229797566e-05	cluster_0_1_mixed	185	R	14.0
538_F	0.0	1.456601605169085e-05	cluster_0_1_mixed	538	F	232.0
457_D	0.0	1.4556650314092852e-05	cluster_0_1_mixed	457	D	203.0
791_L	0.0	1.4547985657563858e-05	cluster_0_1_mixed	791	L	428.0
18_K	0.0	1.453251975554243e-05	cluster_0_1_mixed	18	K	0.0
479_D	0.0	1.451203557752083e-05	cluster_0_1_mixed	479	D	221.0
302_F	0.0	1.4505008707519776e-05	cluster_0_1_mixed	302	F	102.0
351_P	0.0	1.44964174926124e-05	cluster_0_1_mixed	351	P	132.0
223_N	0.0	1.4496279343736109e-05	cluster_0_1_mixed	223	N	49.0
339_F	0.0	1.4492137589508966e-05	cluster_0_1_mixed	339	F	128.0
817_K	0.0	1.447645743580899e-05	cluster_0_1_mixed	817	K	444.0
350_W	0.0	1.4465105737070385e-05	cluster_0_1_mixed	350	W	131.0
225_F	0.0	1.4460594312361338e-05	cluster_0_1_mixed	225	F	51.0
407_S	0.0	1.4457071588185164e-05	cluster_0_1_mixed	407	S	166.0
618_A	0.0	1.4434725142953938e-05	cluster_0_1_mixed	618	A	301.0
924_D	0.0	1.443229400316036e-05	cluster_0_1_mixed	924	D	507.0
730_Q	0.0	1.443224003950209e-05	cluster_0_1_mixed	730	Q	395.0
101_L	0.0	1.4427604626039991e-05	cluster_0_1_mixed	101	L	0.0
610_F	0.0	1.4420892481484138e-05	cluster_0_1_mixed	610	F	293.0
607_E	0.0	1.4411274711037724e-05	cluster_0_1_mixed	607	E	290.0
651_V	0.0	1.4410548038670197e-05	cluster_0_1_mixed	651	V	333.0
493_K	0.0	1.4407613015828469e-05	cluster_0_1_mixed	493	K	221.0
684_Q	0.0	1.4405220102973887e-05	cluster_0_1_mixed	684	Q	353.0
577_M	0.0	1.4401284276635496e-05	cluster_0_1_mixed	577	M	261.0
314_I	0.0	1.4399388456382006e-05	cluster_0_1_mixed	314	I	104.0
443_V	0.0	1.439206986677247e-05	cluster_0_1_mixed	443	V	190.0
390_M	0.0	1.4386561366274225e-05	cluster_0_1_mixed	390	M	155.0
872_N	0.0	1.438556767392696e-05	cluster_0_1_mixed	872	N	481.0
668_D	0.0	1.438515185334867e-05	cluster_0_1_mixed	668	D	340.0
221_I	0.0	1.436871099576881e-05	cluster_0_1_mixed	221	I	47.0
867_K	0.0	1.4331243995896272e-05	cluster_0_1_mixed	867	K	476.0
127_T	0.0	1.4317435654541429e-05	cluster_0_1_mixed	127	T	0.0
380_Y	0.0	1.4310948008715474e-05	cluster_0_1_mixed	380	Y	145.0
303_W	0.0	1.4310238438553814e-05	cluster_0_1_mixed	303	W	102.0
477_S	0.0	1.4306716785494711e-05	cluster_0_1_mixed	477	S	220.0
98_H	0.0	1.4305518344343618e-05	cluster_0_1_mixed	98	H	0.0
489_K	0.0	1.4289268225575284e-05	cluster_0_1_mixed	489	K	221.0
690_N	0.0	1.4287636770960165e-05	cluster_0_1_mixed	690	N	357.0
574_Q	0.0	1.4271886993232956e-05	cluster_0_1_mixed	574	Q	258.0
525_R	0.0	1.4269028872096308e-05	cluster_0_1_mixed	525	R	224.0
386_R	0.0	1.4259394582932783e-05	cluster_0_1_mixed	386	R	151.0
538_K	0.0	1.4251874637627152e-05	cluster_0_1_mixed	538	K	232.0
343_P	0.0	1.4251529961593518e-05	cluster_0_1_mixed	343	P	130.0
529_Q	0.0	1.4247655467187372e-05	cluster_0_1_mixed	529	Q	228.0
547_K	0.0	1.4239056400497617e-05	cluster_0_1_mixed	547	K	241.0
29_H	0.0	1.4235644055740382e-05	cluster_0_1_mixed	29	H	0.0
405_N	0.0	1.4235543522470444e-05	cluster_0_1_mixed	405	N	164.0
865_T	0.0	1.4220589089535774e-05	cluster_0_1_mixed	865	T	475.0
850_V	0.0	1.421934788967023e-05	cluster_0_1_mixed	850	V	467.0
680_R	0.0	1.4217074586544412e-05	cluster_0_1_mixed	680	R	349.0
401_H	0.0	1.4215481849790174e-05	cluster_0_1_mixed	401	H	160.0
768_Q	0.0	1.4194116785001296e-05	cluster_0_1_mixed	768	Q	415.0
477_V	0.0	1.4190615577389064e-05	cluster_0_1_mixed	477	V	220.0
880_K	0.0	1.417903850532601e-05	cluster_0_1_mixed	880	K	489.0
229_A	0.0	1.4171212946887215e-05	cluster_0_1_mixed	229	A	55.0
786_S	0.0	1.4170390970610606e-05	cluster_0_1_mixed	786	S	427.0
175_P	0.0	1.4143576436727324e-05	cluster_0_1_mixed	175	P	4.0
669_I	0.0	1.4142919323529418e-05	cluster_0_1_mixed	669	I	340.0
693_H	0.0	1.4122067247429596e-05	cluster_0_1_mixed	693	H	358.0
780_E	0.0	1.412148941194558e-05	cluster_0_1_mixed	780	E	424.0
177_I	0.0	1.4120676356168557e-05	cluster_0_1_mixed	177	I	6.0
335_M	0.0	1.411753367829669e-05	cluster_0_1_mixed	335	M	124.0
785_P	0.0	1.4101975567488878e-05	cluster_0_1_mixed	785	P	427.0
842_S	0.0	1.409733712329818e-05	cluster_0_1_mixed	842	S	463.0
172_P	0.0	1.4092827241975762e-05	cluster_0_1_mixed	172	P	1.0
867_F	0.0	1.4079068666998318e-05	cluster_0_1_mixed	867	F	476.0
399_H	0.0	1.4072254593191364e-05	cluster_0_1_mixed	399	H	158.0
920_L	0.0	1.4072095423265166e-05	cluster_0_1_mixed	920	L	503.0
933_K	0.0	1.406507377077026e-05	cluster_0_1_mixed	933	K	516.0
249_M	0.0	1.406131630131449e-05	cluster_0_1_mixed	249	M	67.0
494_Y	0.0	1.4050915603690118e-05	cluster_0_1_mixed	494	Y	221.0
879_M	0.0	1.4048829692745324e-05	cluster_0_1_mixed	879	M	488.0
376_H	0.0	1.404528232645187e-05	cluster_0_1_mixed	376	H	141.0
315_P	0.0	1.4029056924546944e-05	cluster_0_1_mixed	315	P	105.0
253_V	0.0	1.402028477819414e-05	cluster_0_1_mixed	253	V	71.0
495_P	0.0	1.401577840149544e-05	cluster_0_1_mixed	495	P	221.0
675_I	0.0	1.4012998583344304e-05	cluster_0_1_mixed	675	I	344.0
675_F	0.0	1.4010838879429158e-05	cluster_0_1_mixed	675	F	344.0
360_L	0.0	1.4007094200985843e-05	cluster_0_1_mixed	360	L	134.0
681_G	0.0	1.400469408100768e-05	cluster_0_1_mixed	681	G	350.0
10_R	0.0	1.3998410388635191e-05	cluster_0_1_mixed	10	R	0.0
362_A	0.0	1.3996072132196247e-05	cluster_0_1_mixed	362	A	136.0
331_C	0.0	1.3988469233119612e-05	cluster_0_1_mixed	331	C	120.0
381_M	0.0	1.3976924533274004e-05	cluster_0_1_mixed	381	M	146.0
74_P	0.0	1.3975340042949776e-05	cluster_0_1_mixed	74	P	0.0
670_Y	0.0	1.3973082119562455e-05	cluster_0_1_mixed	670	Y	340.0
785_N	0.0	1.396899457213843e-05	cluster_0_1_mixed	785	N	427.0
931_G	0.0	1.3960808062057912e-05	cluster_0_1_mixed	931	G	514.0
43_T	0.0	1.3950551713086007e-05	cluster_0_1_mixed	43	T	0.0
577_H	0.0	1.3943804557573511e-05	cluster_0_1_mixed	577	H	261.0
372_F	0.0	1.3939183426751904e-05	cluster_0_1_mixed	372	F	141.0
912_G	0.0	1.393552507418304e-05	cluster_0_1_mixed	912	G	499.0
843_D	0.0	1.3933299458176731e-05	cluster_0_1_mixed	843	D	464.0
515_Q	0.0	1.3929983392705004e-05	cluster_0_1_mixed	515	Q	221.0
729_D	0.0	1.392793220548332e-05	cluster_0_1_mixed	729	D	394.0
559_R	0.0	1.3927432845489918e-05	cluster_0_1_mixed	559	R	245.0
316_S	0.0	1.392655267891914e-05	cluster_0_1_mixed	316	S	106.0
706_M	0.0	1.392269929888576e-05	cluster_0_1_mixed	706	M	371.0
313_S	0.0	1.3918150758469073e-05	cluster_0_1_mixed	313	S	103.0
18_E	0.0	1.3907815759889044e-05	cluster_0_1_mixed	18	E	0.0
180_L	0.0	1.389137752028526e-05	cluster_0_1_mixed	180	L	9.0
482_V	0.0	1.3874517354370993e-05	cluster_0_1_mixed	482	V	221.0
354_F	0.0	1.3866231217550324e-05	cluster_0_1_mixed	354	F	134.0
568_Q	0.0	1.3862189349568794e-05	cluster_0_1_mixed	568	Q	253.0
898_M	0.0	1.385076855209247e-05	cluster_0_1_mixed	898	M	496.0
424_E	0.0	1.3846445920566886e-05	cluster_0_1_mixed	424	E	180.0
649_A	0.0	1.3837581872474287e-05	cluster_0_1_mixed	649	A	331.0
576_F	0.0	1.3830312623478802e-05	cluster_0_1_mixed	576	F	260.0
192_F	0.0	1.382887921291413e-05	cluster_0_1_mixed	192	F	19.0
629_F	0.0	1.3819671678604105e-05	cluster_0_1_mixed	629	F	311.0
259_G	0.0	1.381938316415845e-05	cluster_0_1_mixed	259	G	77.0
555_Q	0.0	1.3809392042723791e-05	cluster_0_1_mixed	555	Q	243.0
42_G	0.0	1.3807922852541284e-05	cluster_0_1_mixed	42	G	0.0
892_A	0.0	1.380463016256464e-05	cluster_0_1_mixed	892	A	496.0
715_S	0.0	1.3803346340978224e-05	cluster_0_1_mixed	715	S	380.0
365_H	0.0	1.3795115226373682e-05	cluster_0_1_mixed	365	H	139.0
833_Q	0.0	1.3794196640475067e-05	cluster_0_1_mixed	833	Q	454.0
596_V	0.0	1.3793025732174814e-05	cluster_0_1_mixed	596	V	279.0
911_G	0.0	1.3773884473067726e-05	cluster_0_1_mixed	911	G	498.0
630_G	0.0	1.3770778830457416e-05	cluster_0_1_mixed	630	G	312.0
80_K	0.0	1.3764033682484794e-05	cluster_0_1_mixed	80	K	0.0
895_P	0.0	1.3762454827854634e-05	cluster_0_1_mixed	895	P	496.0
683_T	0.0	1.3749078484843494e-05	cluster_0_1_mixed	683	T	352.0
240_A	0.0	1.3742363796613216e-05	cluster_0_1_mixed	240	A	59.0
623_V	0.0	1.3728065125071564e-05	cluster_0_1_mixed	623	V	306.0
76_F	0.0	1.3723260054828212e-05	cluster_0_1_mixed	76	F	0.0
840_L	0.0	1.3717212314333113e-05	cluster_0_1_mixed	840	L	461.0
334_W	0.0	1.3715706450270427e-05	cluster_0_1_mixed	334	W	123.0
731_A	0.0	1.371331096571944e-05	cluster_0_1_mixed	731	A	396.0
465_V	0.0	1.371280494291342e-05	cluster_0_1_mixed	465	V	208.0
640_V	0.0	1.3710638792568769e-05	cluster_0_1_mixed	640	V	322.0
573_K	0.0	1.3680794770371636e-05	cluster_0_1_mixed	573	K	257.0
370_Q	0.0	1.3679188684282556e-05	cluster_0_1_mixed	370	Q	141.0
556_H	0.0	1.3663973849900834e-05	cluster_0_1_mixed	556	H	244.0
422_G	0.0	1.3658820783130923e-05	cluster_0_1_mixed	422	G	180.0
530_F	0.0	1.3638957214957733e-05	cluster_0_1_mixed	530	F	229.0
567_R	0.0	1.363867412249072e-05	cluster_0_1_mixed	567	R	252.0
719_H	0.0	1.3637455842016137e-05	cluster_0_1_mixed	719	H	384.0
456_M	0.0	1.3636844466582664e-05	cluster_0_1_mixed	456	M	202.0
415_A	0.0	1.362233455235716e-05	cluster_0_1_mixed	415	A	174.0
441_A	0.0	1.3621153074224246e-05	cluster_0_1_mixed	441	A	190.0
215_F	0.0	1.3618674082412797e-05	cluster_0_1_mixed	215	F	41.0
131_D	0.0	1.361691556832124e-05	cluster_0_1_mixed	131	D	0.0
665_K	0.0	1.3610266065034688e-05	cluster_0_1_mixed	665	K	339.0
342_L	0.0	1.3600884593987884e-05	cluster_0_1_mixed	342	L	130.0
657_G	0.0	1.3590904768725632e-05	cluster_0_1_mixed	657	G	339.0
155_G	0.0	1.358829484838568e-05	cluster_0_1_mixed	155	G	0.0
380_H	0.0	1.3575614864728917e-05	cluster_0_1_mixed	380	H	145.0
631_N	0.0	1.3568640034895078e-05	cluster_0_1_mixed	631	N	313.0
878_V	0.0	1.3567606031992172e-05	cluster_0_1_mixed	878	V	487.0
366_W	0.0	1.351988255040146e-05	cluster_0_1_mixed	366	W	139.0
598_Q	0.0	1.3507689684158269e-05	cluster_0_1_mixed	598	Q	281.0
169_T	0.0	1.35060873849416e-05	cluster_0_1_mixed	169	T	0.0
350_K	0.0	1.3503180885251187e-05	cluster_0_1_mixed	350	K	131.0
870_S	0.0	1.3502444908324783e-05	cluster_0_1_mixed	870	S	479.0
185_E	0.0	1.3493259633874002e-05	cluster_0_1_mixed	185	E	14.0
715_K	0.0	1.3472661116433797e-05	cluster_0_1_mixed	715	K	380.0
57_N	0.0	1.3465758697623766e-05	cluster_0_1_mixed	57	N	0.0
273_Y	0.0	1.3443144863515155e-05	cluster_0_1_mixed	273	Y	87.0
141_Y	0.0	1.343631011416297e-05	cluster_0_1_mixed	141	Y	0.0
78_S	0.0	1.3432590474575511e-05	cluster_0_1_mixed	78	S	0.0
436_I	0.0	1.3426661348048242e-05	cluster_0_1_mixed	436	I	189.0
66_I	0.0	1.3413081975507068e-05	cluster_0_1_mixed	66	I	0.0
345_V	0.0	1.340208737023978e-05	cluster_0_1_mixed	345	V	130.0
770_A	0.0	1.3398560400371976e-05	cluster_0_1_mixed	770	A	417.0
688_M	0.0	1.3392426619622851e-05	cluster_0_1_mixed	688	M	357.0
902_N	0.0	1.337504489085359e-05	cluster_0_1_mixed	902	N	496.0
129_D	0.0	1.336850887569742e-05	cluster_0_1_mixed	129	D	0.0
71_T	0.0	1.3322819361803175e-05	cluster_0_1_mixed	71	T	0.0
328_S	0.0	1.3317618217599183e-05	cluster_0_1_mixed	328	S	118.0
420_T	0.0	1.33157476253899e-05	cluster_0_1_mixed	420	T	179.0
635_I	0.0	1.3314552824832664e-05	cluster_0_1_mixed	635	I	317.0
382_M	0.0	1.3301623701320864e-05	cluster_0_1_mixed	382	M	147.0
933_N	0.0	1.329875120619482e-05	cluster_0_1_mixed	933	N	516.0
671_P	0.0	1.32838672463918e-05	cluster_0_1_mixed	671	P	340.0
13_S	0.0	1.3276061024314972e-05	cluster_0_1_mixed	13	S	0.0
374_H	0.0	1.3271434491855416e-05	cluster_0_1_mixed	374	H	141.0
112_K	0.0	1.3259213467632618e-05	cluster_0_1_mixed	112	K	0.0
340_Q	0.0	1.3245138086992136e-05	cluster_0_1_mixed	340	Q	129.0
431_L	0.0	1.3243404103220042e-05	cluster_0_1_mixed	431	L	184.0
173_A	0.0	1.323940466877058e-05	cluster_0_1_mixed	173	A	2.0
473_A	0.0	1.3237408416624876e-05	cluster_0_1_mixed	473	A	216.0
365_N	0.0	1.323171591751535e-05	cluster_0_1_mixed	365	N	139.0
148_G	0.0	1.3226887142228753e-05	cluster_0_1_mixed	148	G	0.0
160_R	0.0	1.3203885944052196e-05	cluster_0_1_mixed	160	R	0.0
109_D	0.0	1.3201952106052098e-05	cluster_0_1_mixed	109	D	0.0
406_G	0.0	1.3200406366776194e-05	cluster_0_1_mixed	406	G	165.0
582_D	0.0	1.3191102171804193e-05	cluster_0_1_mixed	582	D	266.0
655_M	0.0	1.3188480065342217e-05	cluster_0_1_mixed	655	M	337.0
479_E	0.0	1.318753554762587e-05	cluster_0_1_mixed	479	E	221.0
893_D	0.0	1.3178029742810055e-05	cluster_0_1_mixed	893	D	496.0
482_E	0.0	1.317757086676696e-05	cluster_0_1_mixed	482	E	221.0
886_T	0.0	1.3167768160780338e-05	cluster_0_1_mixed	886	T	495.0
366_Y	0.0	1.3155377321119326e-05	cluster_0_1_mixed	366	Y	139.0
239_A	0.0	1.315523884959627e-05	cluster_0_1_mixed	239	A	58.0
471_G	0.0	1.3145660932477276e-05	cluster_0_1_mixed	471	G	214.0
179_F	0.0	1.3143506707884393e-05	cluster_0_1_mixed	179	F	8.0
215_T	0.0	1.3134620920142112e-05	cluster_0_1_mixed	215	T	41.0
889_D	0.0	1.3133851366354629e-05	cluster_0_1_mixed	889	D	496.0
353_R	0.0	1.313054301941393e-05	cluster_0_1_mixed	353	R	134.0
472_G	0.0	1.3126120589195968e-05	cluster_0_1_mixed	472	G	215.0
169_G	0.0	1.312459135498755e-05	cluster_0_1_mixed	169	G	0.0
914_G	0.0	1.3121257645002863e-05	cluster_0_1_mixed	914	G	501.0
533_E	0.0	1.3113655515984416e-05	cluster_0_1_mixed	533	E	231.0
916_C	0.0	1.3097777172221892e-05	cluster_0_1_mixed	916	C	502.0
215_K	0.0	1.3093060216617012e-05	cluster_0_1_mixed	215	K	41.0
233_I	0.0	1.3091447121064817e-05	cluster_0_1_mixed	233	I	55.0
491_V	0.0	1.30899584469336e-05	cluster_0_1_mixed	491	V	221.0
237_T	0.0	1.3089093737573582e-05	cluster_0_1_mixed	237	T	56.0
421_G	0.0	1.3079674918923754e-05	cluster_0_1_mixed	421	G	180.0
364_S	0.0	1.3077890177250196e-05	cluster_0_1_mixed	364	S	138.0
361_V	0.0	1.3076941688428383e-05	cluster_0_1_mixed	361	V	135.0
917_H	0.0	1.3073980944974866e-05	cluster_0_1_mixed	917	H	502.0
894_S	0.0	1.3064059134045294e-05	cluster_0_1_mixed	894	S	496.0
446_D	0.0	1.30576906826357e-05	cluster_0_1_mixed	446	D	192.0
790_I	0.0	1.3056364216930853e-05	cluster_0_1_mixed	790	I	428.0
369_F	0.0	1.305030347943077e-05	cluster_0_1_mixed	369	F	140.0
317_S	0.0	1.3048120928081614e-05	cluster_0_1_mixed	317	S	107.0
669_Y	0.0	1.3047544904904588e-05	cluster_0_1_mixed	669	Y	340.0
824_Y	0.0	1.3043529774196709e-05	cluster_0_1_mixed	824	Y	451.0
523_W	0.0	1.3037658759818744e-05	cluster_0_1_mixed	523	W	223.0
155_D	0.0	1.3027341326019272e-05	cluster_0_1_mixed	155	D	0.0
933_S	0.0	1.3006160495375186e-05	cluster_0_1_mixed	933	S	516.0
857_G	0.0	1.299270704417564e-05	cluster_0_1_mixed	857	G	472.0
357_Q	0.0	1.2987459688102307e-05	cluster_0_1_mixed	357	Q	134.0
470_F	0.0	1.2985534863569932e-05	cluster_0_1_mixed	470	F	213.0
179_D	0.0	1.2984263311575953e-05	cluster_0_1_mixed	179	D	8.0
209_W	0.0	1.2981439493277588e-05	cluster_0_1_mixed	209	W	36.0
332_K	0.0	1.29791319770609e-05	cluster_0_1_mixed	332	K	121.0
939_Y	0.0	1.2974730518412336e-05	cluster_0_1_mixed	939	Y	522.0
443_F	0.0	1.2970278192764472e-05	cluster_0_1_mixed	443	F	190.0
936_K	0.0	1.2964680421942238e-05	cluster_0_1_mixed	936	K	519.0
194_S	0.0	1.2959697547196812e-05	cluster_0_1_mixed	194	S	21.0
554_H	0.0	1.2952152071281922e-05	cluster_0_1_mixed	554	H	242.0
843_F	0.0	1.294279914932121e-05	cluster_0_1_mixed	843	F	464.0
920_Y	0.0	1.2940916410628004e-05	cluster_0_1_mixed	920	Y	503.0
622_A	0.0	1.2939999020939095e-05	cluster_0_1_mixed	622	A	305.0
824_A	0.0	1.2938819059884192e-05	cluster_0_1_mixed	824	A	451.0
647_G	0.0	1.2935630521382558e-05	cluster_0_1_mixed	647	G	329.0
573_Y	0.0	1.2931204919845263e-05	cluster_0_1_mixed	573	Y	257.0
901_H	0.0	1.2925612183447909e-05	cluster_0_1_mixed	901	H	496.0
382_A	0.0	1.2919797119087857e-05	cluster_0_1_mixed	382	A	147.0
385_K	0.0	1.291779117348322e-05	cluster_0_1_mixed	385	K	150.0
190_S	0.0	1.2902575204850913e-05	cluster_0_1_mixed	190	S	17.0
410_K	0.0	1.2895085895789489e-05	cluster_0_1_mixed	410	K	169.0
818_G	0.0	1.2893237924801834e-05	cluster_0_1_mixed	818	G	445.0
897_A	0.0	1.2868957730830532e-05	cluster_0_1_mixed	897	A	496.0
810_H	0.0	1.2860068562023528e-05	cluster_0_1_mixed	810	H	438.0
425_Y	0.0	1.2855482060119058e-05	cluster_0_1_mixed	425	Y	181.0
56_D	0.0	1.2854528655301548e-05	cluster_0_1_mixed	56	D	0.0
530_E	0.0	1.2853317043156807e-05	cluster_0_1_mixed	530	E	229.0
774_G	0.0	1.2842400285696137e-05	cluster_0_1_mixed	774	G	421.0
184_Q	0.0	1.2823555703831128e-05	cluster_0_1_mixed	184	Q	13.0
924_P	0.0	1.2806107115179596e-05	cluster_0_1_mixed	924	P	507.0
34_L	0.0	1.2805891115842685e-05	cluster_0_1_mixed	34	L	0.0
435_N	0.0	1.280069256661995e-05	cluster_0_1_mixed	435	N	188.0
134_N	0.0	1.279964865083754e-05	cluster_0_1_mixed	134	N	0.0
473_E	0.0	1.2798340688567152e-05	cluster_0_1_mixed	473	E	216.0
488_E	0.0	1.279478484279816e-05	cluster_0_1_mixed	488	E	221.0
665_D	0.0	1.279453332574496e-05	cluster_0_1_mixed	665	D	339.0
192_H	0.0	1.2779834129581744e-05	cluster_0_1_mixed	192	H	19.0
545_K	0.0	1.2772092520233115e-05	cluster_0_1_mixed	545	K	239.0
485_F	0.0	1.2772061664214112e-05	cluster_0_1_mixed	485	F	221.0
908_S	0.0	1.27667636499622e-05	cluster_0_1_mixed	908	S	496.0
940_I	0.0	1.2765841807234404e-05	cluster_0_1_mixed	940	I	523.0
476_L	0.0	1.2764736663131266e-05	cluster_0_1_mixed	476	L	219.0
319_Q	0.0	1.2755649965735822e-05	cluster_0_1_mixed	319	Q	109.0
341_V	0.0	1.2751394853525002e-05	cluster_0_1_mixed	341	V	130.0
417_L	0.0	1.2747949441287256e-05	cluster_0_1_mixed	417	L	176.0
203_A	0.0	1.2747726653050372e-05	cluster_0_1_mixed	203	A	30.0
804_G	0.0	1.2742220356225845e-05	cluster_0_1_mixed	804	G	438.0
565_W	0.0	1.274071381764726e-05	cluster_0_1_mixed	565	W	250.0
438_F	0.0	1.2740661033078535e-05	cluster_0_1_mixed	438	F	190.0
133_I	0.0	1.274061743215438e-05	cluster_0_1_mixed	133	I	0.0
776_I	0.0	1.2729359706843651e-05	cluster_0_1_mixed	776	I	422.0
575_I	0.0	1.269155093783207e-05	cluster_0_1_mixed	575	I	259.0
781_N	0.0	1.2691092603004562e-05	cluster_0_1_mixed	781	N	425.0
486_M	0.0	1.2688488256671188e-05	cluster_0_1_mixed	486	M	221.0
390_S	0.0	1.2684381494534386e-05	cluster_0_1_mixed	390	S	155.0
632_A	0.0	1.2681665678207038e-05	cluster_0_1_mixed	632	A	314.0
845_V	0.0	1.2664201798263564e-05	cluster_0_1_mixed	845	V	466.0
386_Q	0.0	1.26532057299148e-05	cluster_0_1_mixed	386	Q	151.0
835_D	0.0	1.2652534166442177e-05	cluster_0_1_mixed	835	D	456.0
411_G	0.0	1.2647703362597672e-05	cluster_0_1_mixed	411	G	170.0
748_N	0.0	1.2645726684275522e-05	cluster_0_1_mixed	748	N	413.0
742_N	0.0	1.2643682682687952e-05	cluster_0_1_mixed	742	N	407.0
911_D	0.0	1.2635709656311036e-05	cluster_0_1_mixed	911	D	498.0
209_M	0.0	1.2633370438491364e-05	cluster_0_1_mixed	209	M	36.0
646_H	0.0	1.2617631114246536e-05	cluster_0_1_mixed	646	H	328.0
783_V	0.0	1.261198769796197e-05	cluster_0_1_mixed	783	V	426.0
391_H	0.0	1.2601272187314664e-05	cluster_0_1_mixed	391	H	155.0
322_P	0.0	1.2600748306419968e-05	cluster_0_1_mixed	322	P	112.0
888_G	0.0	1.259981262721696e-05	cluster_0_1_mixed	888	G	496.0
471_L	0.0	1.2596337452332797e-05	cluster_0_1_mixed	471	L	214.0
20_D	0.0	1.2595713584159065e-05	cluster_0_1_mixed	20	D	0.0
318_V	0.0	1.2591162177499888e-05	cluster_0_1_mixed	318	V	108.0
443_E	0.0	1.2587447451886024e-05	cluster_0_1_mixed	443	E	190.0
383_E	0.0	1.2580724642768188e-05	cluster_0_1_mixed	383	E	148.0
486_H	0.0	1.2572498623998332e-05	cluster_0_1_mixed	486	H	221.0
22_K	0.0	1.25712907978766e-05	cluster_0_1_mixed	22	K	0.0
416_E	0.0	1.2565238795967532e-05	cluster_0_1_mixed	416	E	175.0
407_W	0.0	1.256447131183285e-05	cluster_0_1_mixed	407	W	166.0
628_M	0.0	1.2545133795783935e-05	cluster_0_1_mixed	628	M	310.0
395_L	0.0	1.253898773649998e-05	cluster_0_1_mixed	395	L	155.0
137_A	0.0	1.2538057412010978e-05	cluster_0_1_mixed	137	A	0.0
419_P	0.0	1.2537603961817131e-05	cluster_0_1_mixed	419	P	178.0
854_I	0.0	1.2535673853681575e-05	cluster_0_1_mixed	854	I	469.0
128_T	0.0	1.2524417650837407e-05	cluster_0_1_mixed	128	T	0.0
338_R	0.0	1.2499675841664203e-05	cluster_0_1_mixed	338	R	127.0
202_M	0.0	1.2497950036648249e-05	cluster_0_1_mixed	202	M	29.0
682_K	0.0	1.249187707388492e-05	cluster_0_1_mixed	682	K	351.0
897_F	0.0	1.2486770823739648e-05	cluster_0_1_mixed	897	F	496.0
345_Q	0.0	1.2486555448400035e-05	cluster_0_1_mixed	345	Q	130.0
311_Y	0.0	1.2464370505589689e-05	cluster_0_1_mixed	311	Y	102.0
364_L	0.0	1.245323054900842e-05	cluster_0_1_mixed	364	L	138.0
837_G	0.0	1.2445553071068908e-05	cluster_0_1_mixed	837	G	458.0
108_M	0.0	1.244106360998878e-05	cluster_0_1_mixed	108	M	0.0
172_H	0.0	1.244059088138084e-05	cluster_0_1_mixed	172	H	1.0
800_G	0.0	1.243521469591215e-05	cluster_0_1_mixed	800	G	434.0
465_I	0.0	1.2429845685519369e-05	cluster_0_1_mixed	465	I	208.0
350_Y	0.0	1.2418739561117616e-05	cluster_0_1_mixed	350	Y	131.0
920_C	0.0	1.2410556316549434e-05	cluster_0_1_mixed	920	C	503.0
392_N	0.0	1.240801365086667e-05	cluster_0_1_mixed	392	N	155.0
246_M	0.0	1.240336235937562e-05	cluster_0_1_mixed	246	M	64.0
618_Q	0.0	1.2401239138356727e-05	cluster_0_1_mixed	618	Q	301.0
396_K	0.0	1.2396386910177545e-05	cluster_0_1_mixed	396	K	155.0
653_L	0.0	1.239483863138056e-05	cluster_0_1_mixed	653	L	335.0
907_Y	0.0	1.2390637297567612e-05	cluster_0_1_mixed	907	Y	496.0
180_I	0.0	1.2386469370071631e-05	cluster_0_1_mixed	180	I	9.0
361_G	0.0	1.2384264636398433e-05	cluster_0_1_mixed	361	G	135.0
904_V	0.0	1.23779649814581e-05	cluster_0_1_mixed	904	V	496.0
794_Y	0.0	1.2368351774750214e-05	cluster_0_1_mixed	794	Y	429.0
174_G	0.0	1.236418045629475e-05	cluster_0_1_mixed	174	G	3.0
894_E	0.0	1.2363063510085547e-05	cluster_0_1_mixed	894	E	496.0
626_W	0.0	1.235562720827462e-05	cluster_0_1_mixed	626	W	309.0
664_P	0.0	1.235556492420217e-05	cluster_0_1_mixed	664	P	339.0
877_N	0.0	1.2350189855110735e-05	cluster_0_1_mixed	877	N	486.0
239_I	0.0	1.2339262768691985e-05	cluster_0_1_mixed	239	I	58.0
903_M	0.0	1.231861232053829e-05	cluster_0_1_mixed	903	M	496.0
474_L	0.0	1.2317661655052244e-05	cluster_0_1_mixed	474	L	217.0
366_D	0.0	1.230785449803106e-05	cluster_0_1_mixed	366	D	139.0
390_Y	0.0	1.2307796515287311e-05	cluster_0_1_mixed	390	Y	155.0
868_Q	0.0	1.230433279573813e-05	cluster_0_1_mixed	868	Q	477.0
539_E	0.0	1.2299437619336651e-05	cluster_0_1_mixed	539	E	233.0
906_C	0.0	1.2297817763523795e-05	cluster_0_1_mixed	906	C	496.0
855_Q	0.0	1.2292870415082289e-05	cluster_0_1_mixed	855	Q	470.0
466_H	0.0	1.228771947492466e-05	cluster_0_1_mixed	466	H	209.0
665_R	0.0	1.2273035953264314e-05	cluster_0_1_mixed	665	R	339.0
255_K	0.0	1.2268813787819965e-05	cluster_0_1_mixed	255	K	73.0
409_Y	0.0	1.2264850622630125e-05	cluster_0_1_mixed	409	Y	168.0
400_R	0.0	1.2250450743706982e-05	cluster_0_1_mixed	400	R	159.0
217_K	0.0	1.2226774146819656e-05	cluster_0_1_mixed	217	K	43.0
634_S	0.0	1.222337355379697e-05	cluster_0_1_mixed	634	S	316.0
77_G	0.0	1.2219779954229272e-05	cluster_0_1_mixed	77	G	0.0
699_A	0.0	1.2204526519641904e-05	cluster_0_1_mixed	699	A	364.0
448_Y	0.0	1.2195200441776584e-05	cluster_0_1_mixed	448	Y	194.0
334_L	0.0	1.2193433531473446e-05	cluster_0_1_mixed	334	L	123.0
574_M	0.0	1.2157619257261554e-05	cluster_0_1_mixed	574	M	258.0
513_L	0.0	1.215761116781496e-05	cluster_0_1_mixed	513	L	221.0
440_S	0.0	1.2146328129454687e-05	cluster_0_1_mixed	440	S	190.0
922_A	0.0	1.2146296828251655e-05	cluster_0_1_mixed	922	A	505.0
385_N	0.0	1.2140656182879025e-05	cluster_0_1_mixed	385	N	150.0
378_M	0.0	1.213532437370619e-05	cluster_0_1_mixed	378	M	143.0
184_E	0.0	1.212126519011431e-05	cluster_0_1_mixed	184	E	13.0
637_V	0.0	1.2114143654243933e-05	cluster_0_1_mixed	637	V	319.0
245_C	0.0	1.2103285652334503e-05	cluster_0_1_mixed	245	C	64.0
462_L	0.0	1.2098255265326836e-05	cluster_0_1_mixed	462	L	206.0
432_E	0.0	1.2097181664284987e-05	cluster_0_1_mixed	432	E	185.0
215_L	0.0	1.2093887087428968e-05	cluster_0_1_mixed	215	L	41.0
355_L	0.0	1.2074756464927414e-05	cluster_0_1_mixed	355	L	134.0
893_A	0.0	1.2072973852809968e-05	cluster_0_1_mixed	893	A	496.0
197_T	0.0	1.2071418291585248e-05	cluster_0_1_mixed	197	T	24.0
312_K	0.0	1.2070707180503069e-05	cluster_0_1_mixed	312	K	102.0
520_F	0.0	1.2064679563627076e-05	cluster_0_1_mixed	520	F	223.0
518_K	0.0	1.2063865120523048e-05	cluster_0_1_mixed	518	K	223.0
94_N	0.0	1.2061008324472647e-05	cluster_0_1_mixed	94	N	0.0
153_G	0.0	1.2059365225150412e-05	cluster_0_1_mixed	153	G	0.0
447_R	0.0	1.2058780104377138e-05	cluster_0_1_mixed	447	R	193.0
338_E	0.0	1.205183013119324e-05	cluster_0_1_mixed	338	E	127.0
368_D	0.0	1.2050501249613928e-05	cluster_0_1_mixed	368	D	139.0
347_M	0.0	1.2047023355370196e-05	cluster_0_1_mixed	347	M	130.0
923_V	0.0	1.2046179561630782e-05	cluster_0_1_mixed	923	V	506.0
553_M	0.0	1.203691209469858e-05	cluster_0_1_mixed	553	M	242.0
395_A	0.0	1.2036169837304674e-05	cluster_0_1_mixed	395	A	155.0
800_V	0.0	1.202945167982724e-05	cluster_0_1_mixed	800	V	434.0
601_M	0.0	1.20150629615663e-05	cluster_0_1_mixed	601	M	284.0
384_A	0.0	1.200541081106314e-05	cluster_0_1_mixed	384	A	149.0
79_Y	0.0	1.1996419143711545e-05	cluster_0_1_mixed	79	Y	0.0
620_Q	0.0	1.199409772401446e-05	cluster_0_1_mixed	620	Q	303.0
756_G	0.0	1.1992463819996275e-05	cluster_0_1_mixed	756	G	413.0
706_N	0.0	1.19849949986906e-05	cluster_0_1_mixed	706	N	371.0
535_H	0.0	1.1981558313879925e-05	cluster_0_1_mixed	535	H	231.0
299_T	0.0	1.1979290207594296e-05	cluster_0_1_mixed	299	T	99.0
881_L	0.0	1.1970356255269589e-05	cluster_0_1_mixed	881	L	490.0
480_L	0.0	1.1966496902225587e-05	cluster_0_1_mixed	480	L	221.0
459_G	0.0	1.1956118146538102e-05	cluster_0_1_mixed	459	G	205.0
791_F	0.0	1.1944075402691043e-05	cluster_0_1_mixed	791	F	428.0
800_S	0.0	1.1925937781313816e-05	cluster_0_1_mixed	800	S	434.0
714_P	0.0	1.1922025342656402e-05	cluster_0_1_mixed	714	P	379.0
374_E	0.0	1.1921869827498304e-05	cluster_0_1_mixed	374	E	141.0
822_F	0.0	1.191699169232197e-05	cluster_0_1_mixed	822	F	449.0
387_I	0.0	1.190714538425993e-05	cluster_0_1_mixed	387	I	152.0
396_Y	0.0	1.1902914231320957e-05	cluster_0_1_mixed	396	Y	155.0
569_W	0.0	1.1894761414172525e-05	cluster_0_1_mixed	569	W	254.0
210_Y	0.0	1.1865574706091324e-05	cluster_0_1_mixed	210	Y	37.0
880_D	0.0	1.186021523675719e-05	cluster_0_1_mixed	880	D	489.0
916_Y	0.0	1.1856051344092604e-05	cluster_0_1_mixed	916	Y	502.0
887_H	0.0	1.185084958906399e-05	cluster_0_1_mixed	887	H	496.0
513_I	0.0	1.183831675786863e-05	cluster_0_1_mixed	513	I	221.0
466_Q	0.0	1.1836145718698052e-05	cluster_0_1_mixed	466	Q	209.0
837_I	0.0	1.1833158793685456e-05	cluster_0_1_mixed	837	I	458.0
226_L	0.0	1.1810295515935043e-05	cluster_0_1_mixed	226	L	52.0
343_E	0.0	1.180620246341402e-05	cluster_0_1_mixed	343	E	130.0
418_L	0.0	1.1800010362810631e-05	cluster_0_1_mixed	418	L	177.0
593_N	0.0	1.1796280132948597e-05	cluster_0_1_mixed	593	N	276.0
48_M	0.0	1.178017155380432e-05	cluster_0_1_mixed	48	M	0.0
931_A	0.0	1.1778721219594129e-05	cluster_0_1_mixed	931	A	514.0
823_R	0.0	1.177734612394265e-05	cluster_0_1_mixed	823	R	450.0
833_R	0.0	1.1774620659570325e-05	cluster_0_1_mixed	833	R	454.0
475_Y	0.0	1.1749670681202033e-05	cluster_0_1_mixed	475	Y	218.0
326_M	0.0	1.170772995223916e-05	cluster_0_1_mixed	326	M	116.0
442_P	0.0	1.1706761774576756e-05	cluster_0_1_mixed	442	P	190.0
460_A	0.0	1.1700414219294984e-05	cluster_0_1_mixed	460	A	206.0
645_V	0.0	1.1695961482212444e-05	cluster_0_1_mixed	645	V	327.0
259_V	0.0	1.1687395336927696e-05	cluster_0_1_mixed	259	V	77.0
630_N	0.0	1.1683759106644509e-05	cluster_0_1_mixed	630	N	312.0
374_V	0.0	1.1672445999783843e-05	cluster_0_1_mixed	374	V	141.0
177_S	0.0	1.1662170318025992e-05	cluster_0_1_mixed	177	S	6.0
524_R	0.0	1.1653587070783962e-05	cluster_0_1_mixed	524	R	223.0
914_N	0.0	1.1644048073675527e-05	cluster_0_1_mixed	914	N	501.0
418_Q	0.0	1.1634331502160463e-05	cluster_0_1_mixed	418	Q	177.0
811_G	0.0	1.162505801380612e-05	cluster_0_1_mixed	811	G	438.0
372_W	0.0	1.1621026623069158e-05	cluster_0_1_mixed	372	W	141.0
175_R	0.0	1.1606818003248576e-05	cluster_0_1_mixed	175	R	4.0
655_V	0.0	1.1594371151926434e-05	cluster_0_1_mixed	655	V	337.0
392_A	0.0	1.1588924684328597e-05	cluster_0_1_mixed	392	A	155.0
523_F	0.0	1.1586335106844275e-05	cluster_0_1_mixed	523	F	223.0
157_D	0.0	1.158364175037646e-05	cluster_0_1_mixed	157	D	0.0
420_K	0.0	1.1582129818462292e-05	cluster_0_1_mixed	420	K	179.0
139_L	0.0	1.157941957810748e-05	cluster_0_1_mixed	139	L	0.0
484_I	0.0	1.1577459055275578e-05	cluster_0_1_mixed	484	I	221.0
381_Q	0.0	1.1572784175976463e-05	cluster_0_1_mixed	381	Q	146.0
467_T	0.0	1.1556700369390346e-05	cluster_0_1_mixed	467	T	210.0
773_D	0.0	1.1554614325060352e-05	cluster_0_1_mixed	773	D	420.0
685_H	0.0	1.1543954788683896e-05	cluster_0_1_mixed	685	H	354.0
489_I	0.0	1.1539512249822256e-05	cluster_0_1_mixed	489	I	221.0
893_T	0.0	1.1527122111345929e-05	cluster_0_1_mixed	893	T	496.0
470_S	0.0	1.1516398452368798e-05	cluster_0_1_mixed	470	S	213.0
435_A	0.0	1.1513047810814486e-05	cluster_0_1_mixed	435	A	188.0
156_D	0.0	1.1512695307408035e-05	cluster_0_1_mixed	156	D	0.0
344_T	0.0	1.1511323476350934e-05	cluster_0_1_mixed	344	T	130.0
417_P	0.0	1.1503645954688767e-05	cluster_0_1_mixed	417	P	176.0
410_V	0.0	1.1494642710724424e-05	cluster_0_1_mixed	410	V	169.0
270_S	0.0	1.148428743113867e-05	cluster_0_1_mixed	270	S	87.0
363_T	0.0	1.1473842097992634e-05	cluster_0_1_mixed	363	T	137.0
290_S	0.0	1.147234031853658e-05	cluster_0_1_mixed	290	S	93.0
566_W	0.0	1.1470506004725198e-05	cluster_0_1_mixed	566	W	251.0
177_L	0.0	1.1467595096554592e-05	cluster_0_1_mixed	177	L	6.0
2_A	0.0	1.1454387492881424e-05	cluster_0_1_mixed	2	A	0.0
259_S	0.0	1.1449090346900535e-05	cluster_0_1_mixed	259	S	77.0
425_A	0.0	1.1425032713038394e-05	cluster_0_1_mixed	425	A	181.0
577_R	0.0	1.1416385657792363e-05	cluster_0_1_mixed	577	R	261.0
212_G	0.0	1.141053008927072e-05	cluster_0_1_mixed	212	G	39.0
378_P	0.0	1.1371960643281036e-05	cluster_0_1_mixed	378	P	143.0
218_T	0.0	1.136847870263008e-05	cluster_0_1_mixed	218	T	44.0
795_V	0.0	1.1362337370603468e-05	cluster_0_1_mixed	795	V	429.0
876_A	0.0	1.134517511415209e-05	cluster_0_1_mixed	876	A	485.0
873_K	0.0	1.1338589943787192e-05	cluster_0_1_mixed	873	K	482.0
176_D	0.0	1.1338060645975218e-05	cluster_0_1_mixed	176	D	5.0
681_Y	0.0	1.131741016799197e-05	cluster_0_1_mixed	681	Y	350.0
572_W	0.0	1.1287370419299137e-05	cluster_0_1_mixed	572	W	256.0
543_W	0.0	1.1286724368727444e-05	cluster_0_1_mixed	543	W	237.0
523_H	0.0	1.1280013985649783e-05	cluster_0_1_mixed	523	H	223.0
488_K	0.0	1.127171079180323e-05	cluster_0_1_mixed	488	K	221.0
592_P	0.0	1.1268222380177586e-05	cluster_0_1_mixed	592	P	275.0
786_E	0.0	1.1262096974110802e-05	cluster_0_1_mixed	786	E	427.0
173_I	0.0	1.125903114017147e-05	cluster_0_1_mixed	173	I	2.0
518_F	0.0	1.1247465889190126e-05	cluster_0_1_mixed	518	F	223.0
782_Q	0.0	1.1245089245225456e-05	cluster_0_1_mixed	782	Q	426.0
634_L	0.0	1.1238388604193532e-05	cluster_0_1_mixed	634	L	316.0
589_N	0.0	1.1237678060030434e-05	cluster_0_1_mixed	589	N	272.0
46_P	0.0	1.1237073657876686e-05	cluster_0_1_mixed	46	P	0.0
313_T	0.0	1.1220588775093215e-05	cluster_0_1_mixed	313	T	103.0
176_Y	0.0	1.1218287055852289e-05	cluster_0_1_mixed	176	Y	5.0
605_T	0.0	1.120438059913184e-05	cluster_0_1_mixed	605	T	288.0
911_T	0.0	1.1199018894011077e-05	cluster_0_1_mixed	911	T	498.0
596_N	0.0	1.1188641494344066e-05	cluster_0_1_mixed	596	N	279.0
925_G	0.0	1.1186193045946534e-05	cluster_0_1_mixed	925	G	508.0
667_V	0.0	1.1185334570861035e-05	cluster_0_1_mixed	667	V	339.0
522_P	0.0	1.1184076176954566e-05	cluster_0_1_mixed	522	P	223.0
318_E	0.0	1.1183983289695324e-05	cluster_0_1_mixed	318	E	108.0
63_D	0.0	1.1183768323315404e-05	cluster_0_1_mixed	63	D	0.0
571_R	0.0	1.1155023604753235e-05	cluster_0_1_mixed	571	R	255.0
237_E	0.0	1.1153230760004348e-05	cluster_0_1_mixed	237	E	56.0
657_Q	0.0	1.1150001836610552e-05	cluster_0_1_mixed	657	Q	339.0
800_L	0.0	1.1139826515180538e-05	cluster_0_1_mixed	800	L	434.0
609_T	0.0	1.1138845532523331e-05	cluster_0_1_mixed	609	T	292.0
590_E	0.0	1.113884231645089e-05	cluster_0_1_mixed	590	E	273.0
375_M	0.0	1.1138010517878736e-05	cluster_0_1_mixed	375	M	141.0
296_L	0.0	1.1133983139829724e-05	cluster_0_1_mixed	296	L	96.0
547_M	0.0	1.113237008747601e-05	cluster_0_1_mixed	547	M	241.0
630_L	0.0	1.1117925207060488e-05	cluster_0_1_mixed	630	L	312.0
874_N	0.0	1.1111383394825455e-05	cluster_0_1_mixed	874	N	483.0
935_V	0.0	1.1094269152426784e-05	cluster_0_1_mixed	935	V	518.0
886_K	0.0	1.1077980118313737e-05	cluster_0_1_mixed	886	K	495.0
211_M	0.0	1.1074197085806716e-05	cluster_0_1_mixed	211	M	38.0
55_G	0.0	1.1074169617080616e-05	cluster_0_1_mixed	55	G	0.0
479_P	0.0	1.1069224759270496e-05	cluster_0_1_mixed	479	P	221.0
428_Q	0.0	1.106074738046468e-05	cluster_0_1_mixed	428	Q	183.0
631_M	0.0	1.1036210801635112e-05	cluster_0_1_mixed	631	M	313.0
328_Y	0.0	1.1025292873192e-05	cluster_0_1_mixed	328	Y	118.0
69_S	0.0	1.102211536478815e-05	cluster_0_1_mixed	69	S	0.0
460_V	0.0	1.1000629745060828e-05	cluster_0_1_mixed	460	V	206.0
672_N	0.0	1.0996058976575716e-05	cluster_0_1_mixed	672	N	341.0
307_T	0.0	1.0978118481870711e-05	cluster_0_1_mixed	307	T	102.0
165_V	0.0	1.0964851994093142e-05	cluster_0_1_mixed	165	V	0.0
37_S	0.0	1.0962178988359185e-05	cluster_0_1_mixed	37	S	0.0
329_E	0.0	1.0956275024877512e-05	cluster_0_1_mixed	329	E	118.0
471_A	0.0	1.095499208920675e-05	cluster_0_1_mixed	471	A	214.0
742_V	0.0	1.0953407182469684e-05	cluster_0_1_mixed	742	V	407.0
378_F	0.0	1.0951168286148745e-05	cluster_0_1_mixed	378	F	143.0
626_K	0.0	1.0950583424487316e-05	cluster_0_1_mixed	626	K	309.0
687_I	0.0	1.0944364833478416e-05	cluster_0_1_mixed	687	I	356.0
475_I	0.0	1.0942652379517012e-05	cluster_0_1_mixed	475	I	218.0
254_E	0.0	1.0941232706472728e-05	cluster_0_1_mixed	254	E	72.0
665_L	0.0	1.0940124573673082e-05	cluster_0_1_mixed	665	L	339.0
355_I	0.0	1.0939974020064184e-05	cluster_0_1_mixed	355	I	134.0
516_W	0.0	1.092973046800128e-05	cluster_0_1_mixed	516	W	222.0
549_H	0.0	1.0927612282986457e-05	cluster_0_1_mixed	549	H	242.0
352_P	0.0	1.0926524648886112e-05	cluster_0_1_mixed	352	P	133.0
348_I	0.0	1.0916819900821336e-05	cluster_0_1_mixed	348	I	131.0
567_W	0.0	1.0908836253468726e-05	cluster_0_1_mixed	567	W	252.0
519_Q	0.0	1.0907314093178957e-05	cluster_0_1_mixed	519	Q	223.0
815_T	0.0	1.089847790664665e-05	cluster_0_1_mixed	815	T	442.0
424_R	0.0	1.0897147676250562e-05	cluster_0_1_mixed	424	R	180.0
379_M	0.0	1.0896134287824632e-05	cluster_0_1_mixed	379	M	144.0
633_N	0.0	1.0890253813596484e-05	cluster_0_1_mixed	633	N	315.0
646_G	0.0	1.0889457906999436e-05	cluster_0_1_mixed	646	G	328.0
278_M	0.0	1.0870400820663345e-05	cluster_0_1_mixed	278	M	89.0
660_A	0.0	1.0865521922429427e-05	cluster_0_1_mixed	660	A	339.0
681_A	0.0	1.086202533870409e-05	cluster_0_1_mixed	681	A	350.0
151_F	0.0	1.0860354764647923e-05	cluster_0_1_mixed	151	F	0.0
938_H	0.0	1.0858079018499724e-05	cluster_0_1_mixed	938	H	521.0
270_E	0.0	1.0854214465780357e-05	cluster_0_1_mixed	270	E	87.0
318_T	0.0	1.085396017383609e-05	cluster_0_1_mixed	318	T	108.0
828_W	0.0	1.0850384488410126e-05	cluster_0_1_mixed	828	W	454.0
30_D	0.0	1.0847351219065004e-05	cluster_0_1_mixed	30	D	0.0
400_D	0.0	1.0844093184292896e-05	cluster_0_1_mixed	400	D	159.0
204_L	0.0	1.083714567856564e-05	cluster_0_1_mixed	204	L	31.0
265_V	0.0	1.0832179523625196e-05	cluster_0_1_mixed	265	V	83.0
664_E	0.0	1.0831117194208771e-05	cluster_0_1_mixed	664	E	339.0
199_N	0.0	1.0824829353294696e-05	cluster_0_1_mixed	199	N	26.0
841_Q	0.0	1.0820512883026617e-05	cluster_0_1_mixed	841	Q	462.0
924_W	0.0	1.08096087754489e-05	cluster_0_1_mixed	924	W	507.0
275_T	0.0	1.0803357109334404e-05	cluster_0_1_mixed	275	T	87.0
554_K	0.0	1.0796086557180316e-05	cluster_0_1_mixed	554	K	242.0
313_Q	0.0	1.0775375509102318e-05	cluster_0_1_mixed	313	Q	103.0
323_N	0.0	1.077458135154171e-05	cluster_0_1_mixed	323	N	113.0
238_Q	0.0	1.0765070836620736e-05	cluster_0_1_mixed	238	Q	57.0
912_R	0.0	1.075799288725994e-05	cluster_0_1_mixed	912	R	499.0
678_E	0.0	1.074838623785032e-05	cluster_0_1_mixed	678	E	347.0
166_P	0.0	1.0736480104674692e-05	cluster_0_1_mixed	166	P	0.0
837_Q	0.0	1.0735541573194435e-05	cluster_0_1_mixed	837	Q	458.0
463_P	0.0	1.0729643677585914e-05	cluster_0_1_mixed	463	P	206.0
522_W	0.0	1.0722146719041106e-05	cluster_0_1_mixed	522	W	223.0
823_T	0.0	1.0696923551166504e-05	cluster_0_1_mixed	823	T	450.0
183_M	0.0	1.0690528575959902e-05	cluster_0_1_mixed	183	M	12.0
436_N	0.0	1.0689646407868766e-05	cluster_0_1_mixed	436	N	189.0
837_A	0.0	1.0687666100182329e-05	cluster_0_1_mixed	837	A	458.0
700_V	0.0	1.067284157354766e-05	cluster_0_1_mixed	700	V	365.0
50_E	0.0	1.0658360086511803e-05	cluster_0_1_mixed	50	E	0.0
565_Y	0.0	1.065065105279261e-05	cluster_0_1_mixed	565	Y	250.0
627_K	0.0	1.065015395841568e-05	cluster_0_1_mixed	627	K	309.0
380_P	0.0	1.0646096412608345e-05	cluster_0_1_mixed	380	P	145.0
817_F	0.0	1.0635726241020964e-05	cluster_0_1_mixed	817	F	444.0
385_T	0.0	1.0634669120817868e-05	cluster_0_1_mixed	385	T	150.0
938_T	0.0	1.0621668218805552e-05	cluster_0_1_mixed	938	T	521.0
523_C	0.0	1.0613839333442898e-05	cluster_0_1_mixed	523	C	223.0
542_P	0.0	1.0604088971709065e-05	cluster_0_1_mixed	542	P	236.0
339_L	0.0	1.0599692767374084e-05	cluster_0_1_mixed	339	L	128.0
300_L	0.0	1.0598461852251324e-05	cluster_0_1_mixed	300	L	100.0
327_Y	0.0	1.0598336858470675e-05	cluster_0_1_mixed	327	Y	117.0
939_K	0.0	1.059268768377658e-05	cluster_0_1_mixed	939	K	522.0
825_L	0.0	1.0588275971854031e-05	cluster_0_1_mixed	825	L	452.0
405_A	0.0	1.0588207266489464e-05	cluster_0_1_mixed	405	A	164.0
494_I	0.0	1.0576310755159735e-05	cluster_0_1_mixed	494	I	221.0
368_W	0.0	1.0572171374456924e-05	cluster_0_1_mixed	368	W	139.0
885_R	0.0	1.0561858872745e-05	cluster_0_1_mixed	885	R	494.0
797_I	0.0	1.0546608534758171e-05	cluster_0_1_mixed	797	I	431.0
218_I	0.0	1.054426247471148e-05	cluster_0_1_mixed	218	I	44.0
866_T	0.0	1.053600394461582e-05	cluster_0_1_mixed	866	T	475.0
676_P	0.0	1.053467263004821e-05	cluster_0_1_mixed	676	P	345.0
915_K	0.0	1.0525619060464685e-05	cluster_0_1_mixed	915	K	502.0
853_V	0.0	1.0524428474248704e-05	cluster_0_1_mixed	853	V	468.0
518_E	0.0	1.0523837293269244e-05	cluster_0_1_mixed	518	E	223.0
937_R	0.0	1.0520889554407671e-05	cluster_0_1_mixed	937	R	520.0
145_R	0.0	1.0520037018221077e-05	cluster_0_1_mixed	145	R	0.0
602_L	0.0	1.0505994298048308e-05	cluster_0_1_mixed	602	L	285.0
298_Y	0.0	1.050290938271644e-05	cluster_0_1_mixed	298	Y	98.0
463_T	0.0	1.049852314300431e-05	cluster_0_1_mixed	463	T	206.0
566_F	0.0	1.0490390571465538e-05	cluster_0_1_mixed	566	F	251.0
919_L	0.0	1.048205482165763e-05	cluster_0_1_mixed	919	L	502.0
454_Q	0.0	1.0480203296789023e-05	cluster_0_1_mixed	454	Q	200.0
639_L	0.0	1.047964422822644e-05	cluster_0_1_mixed	639	L	321.0
203_L	0.0	1.0477568565338654e-05	cluster_0_1_mixed	203	L	30.0
143_N	0.0	1.0475302017853244e-05	cluster_0_1_mixed	143	N	0.0
425_L	0.0	1.0471881834075297e-05	cluster_0_1_mixed	425	L	181.0
818_N	0.0	1.0471864072848523e-05	cluster_0_1_mixed	818	N	445.0
402_H	0.0	1.046406496087189e-05	cluster_0_1_mixed	402	H	161.0
194_T	0.0	1.0460293806640778e-05	cluster_0_1_mixed	194	T	21.0
645_H	0.0	1.045666302049456e-05	cluster_0_1_mixed	645	H	327.0
319_M	0.0	1.0441761730699606e-05	cluster_0_1_mixed	319	M	109.0
297_G	0.0	1.04328575377653e-05	cluster_0_1_mixed	297	G	97.0
130_N	0.0	1.0431652282498951e-05	cluster_0_1_mixed	130	N	0.0
618_R	0.0	1.043044605447922e-05	cluster_0_1_mixed	618	R	301.0
628_G	0.0	1.0421205219857693e-05	cluster_0_1_mixed	628	G	310.0
698_C	0.0	1.0419916854191575e-05	cluster_0_1_mixed	698	C	363.0
929_V	0.0	1.0415403940181637e-05	cluster_0_1_mixed	929	V	512.0
913_T	0.0	1.041166612440728e-05	cluster_0_1_mixed	913	T	500.0
533_M	0.0	1.040996127682942e-05	cluster_0_1_mixed	533	M	231.0
331_M	0.0	1.0404289276758156e-05	cluster_0_1_mixed	331	M	120.0
568_K	0.0	1.0398181802544926e-05	cluster_0_1_mixed	568	K	253.0
622_F	0.0	1.0362511945729583e-05	cluster_0_1_mixed	622	F	305.0
571_W	0.0	1.0354063688512732e-05	cluster_0_1_mixed	571	W	255.0
423_K	0.0	1.0331363221514037e-05	cluster_0_1_mixed	423	K	180.0
477_K	0.0	1.032849059409491e-05	cluster_0_1_mixed	477	K	220.0
418_Y	0.0	1.0325731342645047e-05	cluster_0_1_mixed	418	Y	177.0
456_G	0.0	1.0318807798471963e-05	cluster_0_1_mixed	456	G	202.0
743_G	0.0	1.0307337725355814e-05	cluster_0_1_mixed	743	G	408.0
366_P	0.0	1.0293937813813942e-05	cluster_0_1_mixed	366	P	139.0
652_I	0.0	1.0283361968324944e-05	cluster_0_1_mixed	652	I	334.0
298_H	0.0	1.0280273348647264e-05	cluster_0_1_mixed	298	H	98.0
242_Y	0.0	1.0279210319299388e-05	cluster_0_1_mixed	242	Y	61.0
680_V	0.0	1.0270713773823504e-05	cluster_0_1_mixed	680	V	349.0
649_H	0.0	1.0260379373218316e-05	cluster_0_1_mixed	649	H	331.0
224_R	0.0	1.026012044951099e-05	cluster_0_1_mixed	224	R	50.0
166_V	0.0	1.0251829687129009e-05	cluster_0_1_mixed	166	V	0.0
553_Y	0.0	1.024480874643036e-05	cluster_0_1_mixed	553	Y	242.0
580_M	0.0	1.0237080047974915e-05	cluster_0_1_mixed	580	M	264.0
170_K	0.0	1.0233189946722402e-05	cluster_0_1_mixed	170	K	0.0
135_P	0.0	1.0223432419757108e-05	cluster_0_1_mixed	135	P	0.0
676_F	0.0	1.0215054810914111e-05	cluster_0_1_mixed	676	F	345.0
427_D	0.0	1.0185803526485636e-05	cluster_0_1_mixed	427	D	183.0
468_Q	0.0	1.018508644867191e-05	cluster_0_1_mixed	468	Q	211.0
542_H	0.0	1.0179117656071995e-05	cluster_0_1_mixed	542	H	236.0
328_R	0.0	1.0172045877387084e-05	cluster_0_1_mixed	328	R	118.0
865_N	0.0	1.0169886516083282e-05	cluster_0_1_mixed	865	N	475.0
573_I	0.0	1.0168239170884705e-05	cluster_0_1_mixed	573	I	257.0
198_N	0.0	1.0168049336623264e-05	cluster_0_1_mixed	198	N	25.0
931_W	0.0	1.0162426393173857e-05	cluster_0_1_mixed	931	W	514.0
670_F	0.0	1.0154006894014622e-05	cluster_0_1_mixed	670	F	340.0
648_P	0.0	1.0149517024670604e-05	cluster_0_1_mixed	648	P	330.0
388_K	0.0	1.0145905580411498e-05	cluster_0_1_mixed	388	K	153.0
262_Q	0.0	1.014232311095008e-05	cluster_0_1_mixed	262	Q	80.0
651_Y	0.0	1.0138255341726707e-05	cluster_0_1_mixed	651	Y	333.0
553_W	0.0	1.0133962709536102e-05	cluster_0_1_mixed	553	W	242.0
351_F	0.0	1.0131866017135938e-05	cluster_0_1_mixed	351	F	132.0
261_A	0.0	1.013007505628731e-05	cluster_0_1_mixed	261	A	79.0
360_D	0.0	1.0117692458435896e-05	cluster_0_1_mixed	360	D	134.0
370_H	0.0	1.0107464597327156e-05	cluster_0_1_mixed	370	H	141.0
832_E	0.0	1.0106857422170273e-05	cluster_0_1_mixed	832	E	454.0
450_A	0.0	1.0100647158417844e-05	cluster_0_1_mixed	450	A	196.0
47_F	0.0	1.0092969370259206e-05	cluster_0_1_mixed	47	F	0.0
897_Y	0.0	1.00908161857812e-05	cluster_0_1_mixed	897	Y	496.0
433_I	0.0	1.0088289526300249e-05	cluster_0_1_mixed	433	I	186.0
884_L	0.0	1.0085619923230514e-05	cluster_0_1_mixed	884	L	493.0
255_E	0.0	1.0083819784592631e-05	cluster_0_1_mixed	255	E	73.0
568_F	0.0	1.0081579017161897e-05	cluster_0_1_mixed	568	F	253.0
17_Q	0.0	1.0065923148391706e-05	cluster_0_1_mixed	17	Q	0.0
878_F	0.0	1.005921000009289e-05	cluster_0_1_mixed	878	F	487.0
439_I	0.0	1.0049652803137969e-05	cluster_0_1_mixed	439	I	190.0
903_N	0.0	1.0033637333380556e-05	cluster_0_1_mixed	903	N	496.0
517_I	0.0	1.003102536629658e-05	cluster_0_1_mixed	517	I	223.0
436_G	0.0	1.0029919762585384e-05	cluster_0_1_mixed	436	G	189.0
560_M	0.0	1.001391409802198e-05	cluster_0_1_mixed	560	M	245.0
423_H	0.0	1.0010759900353826e-05	cluster_0_1_mixed	423	H	180.0
916_A	0.0	1.0008858134445906e-05	cluster_0_1_mixed	916	A	502.0
40_A	0.0	1.0004174475274571e-05	cluster_0_1_mixed	40	A	0.0
161_E	0.0	9.991251464676748e-06	cluster_0_1_mixed	161	E	0.0
900_V	0.0	9.989250553090164e-06	cluster_0_1_mixed	900	V	496.0
86_F	0.0	9.983969006319316e-06	cluster_0_1_mixed	86	F	0.0
374_W	0.0	9.983073771351413e-06	cluster_0_1_mixed	374	W	141.0
662_N	0.0	9.981684229988775e-06	cluster_0_1_mixed	662	N	339.0
442_V	0.0	9.97703791683797e-06	cluster_0_1_mixed	442	V	190.0
179_V	0.0	9.964276498967704e-06	cluster_0_1_mixed	179	V	8.0
567_K	0.0	9.957560510953096e-06	cluster_0_1_mixed	567	K	252.0
336_R	0.0	9.945292412219035e-06	cluster_0_1_mixed	336	R	125.0
422_F	0.0	9.94510057837178e-06	cluster_0_1_mixed	422	F	180.0
429_Y	0.0	9.944296378745053e-06	cluster_0_1_mixed	429	Y	183.0
520_R	0.0	9.943938400402624e-06	cluster_0_1_mixed	520	R	223.0
840_D	0.0	9.939376845213904e-06	cluster_0_1_mixed	840	D	461.0
882_R	0.0	9.925026078534166e-06	cluster_0_1_mixed	882	R	491.0
391_C	0.0	9.918092260112863e-06	cluster_0_1_mixed	391	C	155.0
803_D	0.0	9.912950554966312e-06	cluster_0_1_mixed	803	D	437.0
531_F	0.0	9.90791894178475e-06	cluster_0_1_mixed	531	F	230.0
549_F	0.0	9.907122121734198e-06	cluster_0_1_mixed	549	F	242.0
696_R	0.0	9.905965344442605e-06	cluster_0_1_mixed	696	R	361.0
106_L	0.0	9.902000006797474e-06	cluster_0_1_mixed	106	L	0.0
300_Q	0.0	9.898163331346888e-06	cluster_0_1_mixed	300	Q	100.0
848_Q	0.0	9.89648328557796e-06	cluster_0_1_mixed	848	Q	467.0
180_V	0.0	9.894137901718536e-06	cluster_0_1_mixed	180	V	9.0
221_G	0.0	9.875882932708076e-06	cluster_0_1_mixed	221	G	47.0
396_T	0.0	9.875706957288638e-06	cluster_0_1_mixed	396	T	155.0
384_V	0.0	9.856599866233733e-06	cluster_0_1_mixed	384	V	149.0
333_W	0.0	9.855669058685978e-06	cluster_0_1_mixed	333	W	122.0
520_Y	0.0	9.85432449225857e-06	cluster_0_1_mixed	520	Y	223.0
400_W	0.0	9.849888675485396e-06	cluster_0_1_mixed	400	W	159.0
459_L	0.0	9.843322637443584e-06	cluster_0_1_mixed	459	L	205.0
821_V	0.0	9.840848363324903e-06	cluster_0_1_mixed	821	V	448.0
880_H	0.0	9.838714542100288e-06	cluster_0_1_mixed	880	H	489.0
540_M	0.0	9.83723212169872e-06	cluster_0_1_mixed	540	M	234.0
578_R	0.0	9.827338486768004e-06	cluster_0_1_mixed	578	R	262.0
259_F	0.0	9.81896244347314e-06	cluster_0_1_mixed	259	F	77.0
449_L	0.0	9.812983942809708e-06	cluster_0_1_mixed	449	L	195.0
418_A	0.0	9.811497515626291e-06	cluster_0_1_mixed	418	A	177.0
624_R	0.0	9.808301341608987e-06	cluster_0_1_mixed	624	R	307.0
880_N	0.0	9.797411679460242e-06	cluster_0_1_mixed	880	N	489.0
194_E	0.0	9.79506159313673e-06	cluster_0_1_mixed	194	E	21.0
327_Q	0.0	9.762741859551646e-06	cluster_0_1_mixed	327	Q	117.0
377_Y	0.0	9.758934950500346e-06	cluster_0_1_mixed	377	Y	142.0
692_H	0.0	9.75740934721842e-06	cluster_0_1_mixed	692	H	357.0
435_S	0.0	9.754393900235083e-06	cluster_0_1_mixed	435	S	188.0
173_H	0.0	9.75274019715781e-06	cluster_0_1_mixed	173	H	2.0
446_Y	0.0	9.718840784385708e-06	cluster_0_1_mixed	446	Y	192.0
242_Q	0.0	9.717727473494855e-06	cluster_0_1_mixed	242	Q	61.0
461_L	0.0	9.715334188304448e-06	cluster_0_1_mixed	461	L	206.0
205_N	0.0	9.698976414048e-06	cluster_0_1_mixed	205	N	32.0
302_W	0.0	9.689042436608108e-06	cluster_0_1_mixed	302	W	102.0
436_D	0.0	9.687891588111484e-06	cluster_0_1_mixed	436	D	189.0
466_L	0.0	9.68223596462048e-06	cluster_0_1_mixed	466	L	209.0
224_H	0.0	9.659785462777012e-06	cluster_0_1_mixed	224	H	50.0
413_K	0.0	9.656243535074396e-06	cluster_0_1_mixed	413	K	172.0
239_D	0.0	9.654027636150515e-06	cluster_0_1_mixed	239	D	58.0
549_W	0.0	9.638745109744915e-06	cluster_0_1_mixed	549	W	242.0
899_N	0.0	9.637833839705638e-06	cluster_0_1_mixed	899	N	496.0
521_I	0.0	9.61182440674593e-06	cluster_0_1_mixed	521	I	223.0
146_G	0.0	9.604741692607711e-06	cluster_0_1_mixed	146	G	0.0
485_K	0.0	9.60452770820472e-06	cluster_0_1_mixed	485	K	221.0
913_E	0.0	9.603235520782082e-06	cluster_0_1_mixed	913	E	500.0
920_R	0.0	9.596576546982849e-06	cluster_0_1_mixed	920	R	503.0
935_K	0.0	9.595864807283298e-06	cluster_0_1_mixed	935	K	518.0
907_F	0.0	9.595092301935896e-06	cluster_0_1_mixed	907	F	496.0
910_Y	0.0	9.58950183043055e-06	cluster_0_1_mixed	910	Y	497.0
699_D	0.0	9.58919000089951e-06	cluster_0_1_mixed	699	D	364.0
827_S	0.0	9.583874108383268e-06	cluster_0_1_mixed	827	S	454.0
280_C	0.0	9.570488778301856e-06	cluster_0_1_mixed	280	C	91.0
496_M	0.0	9.560747659573833e-06	cluster_0_1_mixed	496	M	221.0
219_G	0.0	9.54126559268827e-06	cluster_0_1_mixed	219	G	45.0
598_I	0.0	9.5408419766324e-06	cluster_0_1_mixed	598	I	281.0
363_N	0.0	9.531208386258084e-06	cluster_0_1_mixed	363	N	137.0
206_I	0.0	9.525602228698678e-06	cluster_0_1_mixed	206	I	33.0
768_F	0.0	9.523168139111034e-06	cluster_0_1_mixed	768	F	415.0
320_E	0.0	9.518856038005258e-06	cluster_0_1_mixed	320	E	110.0
371_L	0.0	9.513122132701906e-06	cluster_0_1_mixed	371	L	141.0
659_L	0.0	9.511714458154726e-06	cluster_0_1_mixed	659	L	339.0
570_M	0.0	9.50904328256576e-06	cluster_0_1_mixed	570	M	254.0
786_P	0.0	9.505289764843143e-06	cluster_0_1_mixed	786	P	427.0
528_P	0.0	9.503716889934211e-06	cluster_0_1_mixed	528	P	227.0
494_E	0.0	9.501844209993382e-06	cluster_0_1_mixed	494	E	221.0
558_Q	0.0	9.499325730761518e-06	cluster_0_1_mixed	558	Q	245.0
279_A	0.0	9.496882900499306e-06	cluster_0_1_mixed	279	A	90.0
758_Y	0.0	9.490887550831862e-06	cluster_0_1_mixed	758	Y	413.0
184_D	0.0	9.488086225066e-06	cluster_0_1_mixed	184	D	13.0
315_Y	0.0	9.485049114915166e-06	cluster_0_1_mixed	315	Y	105.0
590_G	0.0	9.47997041165606e-06	cluster_0_1_mixed	590	G	273.0
132_Q	0.0	9.478695116229543e-06	cluster_0_1_mixed	132	Q	0.0
185_P	0.0	9.470988287116988e-06	cluster_0_1_mixed	185	P	14.0
658_E	0.0	9.46909652060959e-06	cluster_0_1_mixed	658	E	339.0
490_L	0.0	9.468255336956306e-06	cluster_0_1_mixed	490	L	221.0
157_Q	0.0	9.465035177800748e-06	cluster_0_1_mixed	157	Q	0.0
337_Q	0.0	9.45482946377904e-06	cluster_0_1_mixed	337	Q	126.0
211_A	0.0	9.450171374347243e-06	cluster_0_1_mixed	211	A	38.0
483_L	0.0	9.43929057985168e-06	cluster_0_1_mixed	483	L	221.0
671_M	0.0	9.426639685208884e-06	cluster_0_1_mixed	671	M	340.0
679_T	0.0	9.42502639598798e-06	cluster_0_1_mixed	679	T	348.0
817_L	0.0	9.424041524770982e-06	cluster_0_1_mixed	817	L	444.0
337_K	0.0	9.420363600054058e-06	cluster_0_1_mixed	337	K	126.0
593_D	0.0	9.418739398552732e-06	cluster_0_1_mixed	593	D	276.0
426_S	0.0	9.417891336783458e-06	cluster_0_1_mixed	426	S	182.0
220_G	0.0	9.394595864259716e-06	cluster_0_1_mixed	220	G	46.0
916_T	0.0	9.393662269067374e-06	cluster_0_1_mixed	916	T	502.0
625_H	0.0	9.391128491023782e-06	cluster_0_1_mixed	625	H	308.0
574_W	0.0	9.371009201570396e-06	cluster_0_1_mixed	574	W	258.0
821_C	0.0	9.368297249635934e-06	cluster_0_1_mixed	821	C	448.0
383_G	0.0	9.362679884395386e-06	cluster_0_1_mixed	383	G	148.0
553_H	0.0	9.362070073286843e-06	cluster_0_1_mixed	553	H	242.0
492_I	0.0	9.33883210281065e-06	cluster_0_1_mixed	492	I	221.0
722_D	0.0	9.335787338993344e-06	cluster_0_1_mixed	722	D	387.0
303_H	0.0	9.333220824532615e-06	cluster_0_1_mixed	303	H	102.0
517_Y	0.0	9.317924207709992e-06	cluster_0_1_mixed	517	Y	223.0
5_T	0.0	9.310625715828948e-06	cluster_0_1_mixed	5	T	0.0
481_P	0.0	9.301929165495292e-06	cluster_0_1_mixed	481	P	221.0
64_A	0.0	9.300807787463604e-06	cluster_0_1_mixed	64	A	0.0
173_F	0.0	9.300067099540438e-06	cluster_0_1_mixed	173	F	2.0
272_A	0.0	9.294382374558113e-06	cluster_0_1_mixed	272	A	87.0
576_R	0.0	9.289002084399934e-06	cluster_0_1_mixed	576	R	260.0
546_E	0.0	9.287846436486166e-06	cluster_0_1_mixed	546	E	240.0
119_S	0.0	9.285026454013423e-06	cluster_0_1_mixed	119	S	0.0
52_G	0.0	9.277626251314972e-06	cluster_0_1_mixed	52	G	0.0
790_V	0.0	9.27547688999932e-06	cluster_0_1_mixed	790	V	428.0
328_M	0.0	9.263247810376936e-06	cluster_0_1_mixed	328	M	118.0
683_L	0.0	9.24991385399323e-06	cluster_0_1_mixed	683	L	352.0
521_F	0.0	9.230730539879503e-06	cluster_0_1_mixed	521	F	223.0
517_P	0.0	9.226260775699582e-06	cluster_0_1_mixed	517	P	223.0
486_F	0.0	9.219030971061676e-06	cluster_0_1_mixed	486	F	221.0
340_L	0.0	9.20991152540961e-06	cluster_0_1_mixed	340	L	129.0
564_W	0.0	9.208841094704292e-06	cluster_0_1_mixed	564	W	249.0
792_I	0.0	9.205075824885717e-06	cluster_0_1_mixed	792	I	428.0
390_L	0.0	9.203359933062748e-06	cluster_0_1_mixed	390	L	155.0
256_E	0.0	9.196484219831003e-06	cluster_0_1_mixed	256	E	74.0
900_T	0.0	9.19201510186072e-06	cluster_0_1_mixed	900	T	496.0
296_V	0.0	9.184728290271047e-06	cluster_0_1_mixed	296	V	96.0
483_Q	0.0	9.183626891764463e-06	cluster_0_1_mixed	483	Q	221.0
617_M	0.0	9.180150561089878e-06	cluster_0_1_mixed	617	M	300.0
215_E	0.0	9.180073273781211e-06	cluster_0_1_mixed	215	E	41.0
365_S	0.0	9.178186444183638e-06	cluster_0_1_mixed	365	S	139.0
460_N	0.0	9.162624146435224e-06	cluster_0_1_mixed	460	N	206.0
488_Y	0.0	9.138598553628436e-06	cluster_0_1_mixed	488	Y	221.0
583_S	0.0	9.12713521111667e-06	cluster_0_1_mixed	583	S	267.0
668_E	0.0	9.126488121664394e-06	cluster_0_1_mixed	668	E	340.0
414_Y	0.0	9.123564040827867e-06	cluster_0_1_mixed	414	Y	173.0
196_N	0.0	9.11300392942324e-06	cluster_0_1_mixed	196	N	23.0
666_L	0.0	9.10874575361952e-06	cluster_0_1_mixed	666	L	339.0
344_E	0.0	9.10604762225282e-06	cluster_0_1_mixed	344	E	130.0
366_E	0.0	9.104329246154098e-06	cluster_0_1_mixed	366	E	139.0
886_E	0.0	9.09867954976424e-06	cluster_0_1_mixed	886	E	495.0
188_T	0.0	9.095826247913186e-06	cluster_0_1_mixed	188	T	15.0
19_I	0.0	9.090999618481288e-06	cluster_0_1_mixed	19	I	0.0
173_Q	0.0	9.0769345695954e-06	cluster_0_1_mixed	173	Q	2.0
438_L	0.0	9.07511826724616e-06	cluster_0_1_mixed	438	L	190.0
561_K	0.0	9.071407051440092e-06	cluster_0_1_mixed	561	K	246.0
653_Q	0.0	9.069650469316625e-06	cluster_0_1_mixed	653	Q	335.0
935_E	0.0	9.0583844472463e-06	cluster_0_1_mixed	935	E	518.0
709_H	0.0	9.056069648702964e-06	cluster_0_1_mixed	709	H	374.0
788_S	0.0	9.048999436901774e-06	cluster_0_1_mixed	788	S	427.0
158_V	0.0	9.047796182522243e-06	cluster_0_1_mixed	158	V	0.0
526_M	0.0	9.039981895661332e-06	cluster_0_1_mixed	526	M	225.0
381_R	0.0	9.039653270815672e-06	cluster_0_1_mixed	381	R	146.0
1_M	0.0	9.036942243725069e-06	cluster_0_1_mixed	1	M	0.0
677_D	0.0	9.035812264390305e-06	cluster_0_1_mixed	677	D	346.0
364_Y	0.0	9.034232695501944e-06	cluster_0_1_mixed	364	Y	138.0
652_N	0.0	9.017812094869242e-06	cluster_0_1_mixed	652	N	334.0
434_Y	0.0	9.015277224461314e-06	cluster_0_1_mixed	434	Y	187.0
176_K	0.0	9.009317086755435e-06	cluster_0_1_mixed	176	K	5.0
842_V	0.0	9.00807747576015e-06	cluster_0_1_mixed	842	V	463.0
682_H	0.0	8.971057473668044e-06	cluster_0_1_mixed	682	H	351.0
219_N	0.0	8.963878652000933e-06	cluster_0_1_mixed	219	N	45.0
245_N	0.0	8.949009728993717e-06	cluster_0_1_mixed	245	N	64.0
322_W	0.0	8.93965160875185e-06	cluster_0_1_mixed	322	W	112.0
480_K	0.0	8.935293061616043e-06	cluster_0_1_mixed	480	K	221.0
531_E	0.0	8.930175746848538e-06	cluster_0_1_mixed	531	E	230.0
232_S	0.0	8.912030685010333e-06	cluster_0_1_mixed	232	S	55.0
528_W	0.0	8.902615757320399e-06	cluster_0_1_mixed	528	W	227.0
209_S	0.0	8.901154602016698e-06	cluster_0_1_mixed	209	S	36.0
413_F	0.0	8.900984022503949e-06	cluster_0_1_mixed	413	F	172.0
529_R	0.0	8.894695868901704e-06	cluster_0_1_mixed	529	R	228.0
737_V	0.0	8.892980410124091e-06	cluster_0_1_mixed	737	V	402.0
239_M	0.0	8.888667518944962e-06	cluster_0_1_mixed	239	M	58.0
462_N	0.0	8.886006660240914e-06	cluster_0_1_mixed	462	N	206.0
274_R	0.0	8.884796981517928e-06	cluster_0_1_mixed	274	R	87.0
665_I	0.0	8.872970959769554e-06	cluster_0_1_mixed	665	I	339.0
34_I	0.0	8.870705452580068e-06	cluster_0_1_mixed	34	I	0.0
915_M	0.0	8.86975433990625e-06	cluster_0_1_mixed	915	M	502.0
572_M	0.0	8.85698477289089e-06	cluster_0_1_mixed	572	M	256.0
481_Y	0.0	8.845989481375051e-06	cluster_0_1_mixed	481	Y	221.0
655_P	0.0	8.841941350306921e-06	cluster_0_1_mixed	655	P	337.0
365_D	0.0	8.840297891784187e-06	cluster_0_1_mixed	365	D	139.0
933_Q	0.0	8.836011680727203e-06	cluster_0_1_mixed	933	Q	516.0
877_G	0.0	8.83290322669058e-06	cluster_0_1_mixed	877	G	486.0
936_F	0.0	8.823002383437968e-06	cluster_0_1_mixed	936	F	519.0
245_G	0.0	8.81345089053806e-06	cluster_0_1_mixed	245	G	64.0
371_R	0.0	8.796932863564126e-06	cluster_0_1_mixed	371	R	141.0
529_W	0.0	8.790163427288574e-06	cluster_0_1_mixed	529	W	228.0
475_G	0.0	8.7820064609173e-06	cluster_0_1_mixed	475	G	218.0
351_M	0.0	8.780522770043709e-06	cluster_0_1_mixed	351	M	132.0
559_H	0.0	8.780331489330066e-06	cluster_0_1_mixed	559	H	245.0
204_Q	0.0	8.778187149815406e-06	cluster_0_1_mixed	204	Q	31.0
898_W	0.0	8.776301840231622e-06	cluster_0_1_mixed	898	W	496.0
710_C	0.0	8.774399137536339e-06	cluster_0_1_mixed	710	C	375.0
385_M	0.0	8.770644833942501e-06	cluster_0_1_mixed	385	M	150.0
562_Q	0.0	8.770372052266658e-06	cluster_0_1_mixed	562	Q	247.0
211_Q	0.0	8.767026493058699e-06	cluster_0_1_mixed	211	Q	38.0
393_R	0.0	8.761574231194666e-06	cluster_0_1_mixed	393	R	155.0
187_P	0.0	8.758418410504884e-06	cluster_0_1_mixed	187	P	14.0
126_S	0.0	8.7581689716542e-06	cluster_0_1_mixed	126	S	0.0
449_I	0.0	8.744740770820527e-06	cluster_0_1_mixed	449	I	195.0
418_T	0.0	8.73236848530638e-06	cluster_0_1_mixed	418	T	177.0
205_G	0.0	8.727399123766324e-06	cluster_0_1_mixed	205	G	32.0
402_T	0.0	8.72684915242489e-06	cluster_0_1_mixed	402	T	161.0
813_A	0.0	8.721047773683257e-06	cluster_0_1_mixed	813	A	440.0
382_Q	0.0	8.702472282308396e-06	cluster_0_1_mixed	382	Q	147.0
391_R	0.0	8.702422991243319e-06	cluster_0_1_mixed	391	R	155.0
485_Y	0.0	8.693920816522056e-06	cluster_0_1_mixed	485	Y	221.0
318_N	0.0	8.689851966125384e-06	cluster_0_1_mixed	318	N	108.0
879_F	0.0	8.684862783045884e-06	cluster_0_1_mixed	879	F	488.0
440_P	0.0	8.68057935693093e-06	cluster_0_1_mixed	440	P	190.0
599_V	0.0	8.679755074115113e-06	cluster_0_1_mixed	599	V	282.0
641_K	0.0	8.67924925372476e-06	cluster_0_1_mixed	641	K	323.0
4_V	0.0	8.672424382339506e-06	cluster_0_1_mixed	4	V	0.0
414_Q	0.0	8.666023302212652e-06	cluster_0_1_mixed	414	Q	173.0
216_T	0.0	8.660558285106384e-06	cluster_0_1_mixed	216	T	42.0
691_H	0.0	8.653976782968001e-06	cluster_0_1_mixed	691	H	357.0
666_F	0.0	8.650655913530324e-06	cluster_0_1_mixed	666	F	339.0
479_M	0.0	8.641350165295517e-06	cluster_0_1_mixed	479	M	221.0
448_A	0.0	8.631917281767176e-06	cluster_0_1_mixed	448	A	194.0
789_E	0.0	8.628894729741908e-06	cluster_0_1_mixed	789	E	427.0
180_P	0.0	8.61665932249285e-06	cluster_0_1_mixed	180	P	9.0
126_D	0.0	8.6033897589758e-06	cluster_0_1_mixed	126	D	0.0
214_C	0.0	8.602452589343678e-06	cluster_0_1_mixed	214	C	40.0
689_M	0.0	8.595154417855454e-06	cluster_0_1_mixed	689	M	357.0
121_T	0.0	8.587511565115531e-06	cluster_0_1_mixed	121	T	0.0
183_E	0.0	8.567424190393853e-06	cluster_0_1_mixed	183	E	12.0
533_H	0.0	8.563803464461663e-06	cluster_0_1_mixed	533	H	231.0
191_D	0.0	8.559725613913585e-06	cluster_0_1_mixed	191	D	18.0
548_H	0.0	8.559460386837564e-06	cluster_0_1_mixed	548	H	242.0
919_Q	0.0	8.558168384015881e-06	cluster_0_1_mixed	919	Q	502.0
415_M	0.0	8.557314199617009e-06	cluster_0_1_mixed	415	M	174.0
382_G	0.0	8.549256000157004e-06	cluster_0_1_mixed	382	G	147.0
867_G	0.0	8.548395746319365e-06	cluster_0_1_mixed	867	G	476.0
317_P	0.0	8.517399570285882e-06	cluster_0_1_mixed	317	P	107.0
348_R	0.0	8.512067284479416e-06	cluster_0_1_mixed	348	R	131.0
747_M	0.0	8.509091877971e-06	cluster_0_1_mixed	747	M	412.0
849_E	0.0	8.502364128096007e-06	cluster_0_1_mixed	849	E	467.0
142_L	0.0	8.500037096980183e-06	cluster_0_1_mixed	142	L	0.0
557_K	0.0	8.498512631338206e-06	cluster_0_1_mixed	557	K	245.0
546_F	0.0	8.49587057682993e-06	cluster_0_1_mixed	546	F	240.0
900_G	0.0	8.491456082237175e-06	cluster_0_1_mixed	900	G	496.0
729_I	0.0	8.491052656752923e-06	cluster_0_1_mixed	729	I	394.0
685_Q	0.0	8.485426038682785e-06	cluster_0_1_mixed	685	Q	354.0
431_I	0.0	8.484007636167188e-06	cluster_0_1_mixed	431	I	184.0
551_K	0.0	8.480825675018354e-06	cluster_0_1_mixed	551	K	242.0
469_I	0.0	8.469888436487894e-06	cluster_0_1_mixed	469	I	212.0
584_G	0.0	8.469805455450441e-06	cluster_0_1_mixed	584	G	268.0
402_G	0.0	8.464556644816587e-06	cluster_0_1_mixed	402	G	161.0
257_N	0.0	8.462759257276335e-06	cluster_0_1_mixed	257	N	75.0
255_M	0.0	8.457132167992026e-06	cluster_0_1_mixed	255	M	73.0
366_I	0.0	8.452783193619582e-06	cluster_0_1_mixed	366	I	139.0
300_P	0.0	8.43443275125183e-06	cluster_0_1_mixed	300	P	100.0
839_G	0.0	8.430521070510986e-06	cluster_0_1_mixed	839	G	460.0
347_E	0.0	8.426963643579362e-06	cluster_0_1_mixed	347	E	130.0
480_H	0.0	8.42045882059755e-06	cluster_0_1_mixed	480	H	221.0
375_Y	0.0	8.419606652157923e-06	cluster_0_1_mixed	375	Y	141.0
578_K	0.0	8.418099158278219e-06	cluster_0_1_mixed	578	K	262.0
515_N	0.0	8.41016037464163e-06	cluster_0_1_mixed	515	N	221.0
935_F	0.0	8.401716389338293e-06	cluster_0_1_mixed	935	F	518.0
375_P	0.0	8.39907491522852e-06	cluster_0_1_mixed	375	P	141.0
934_N	0.0	8.396467137584327e-06	cluster_0_1_mixed	934	N	517.0
885_N	0.0	8.380985963380038e-06	cluster_0_1_mixed	885	N	494.0
690_D	0.0	8.377868723346182e-06	cluster_0_1_mixed	690	D	357.0
801_G	0.0	8.376533305855215e-06	cluster_0_1_mixed	801	G	435.0
516_G	0.0	8.365686369263255e-06	cluster_0_1_mixed	516	G	222.0
185_D	0.0	8.360207440898477e-06	cluster_0_1_mixed	185	D	14.0
418_V	0.0	8.359717075602097e-06	cluster_0_1_mixed	418	V	177.0
525_K	0.0	8.351405896609094e-06	cluster_0_1_mixed	525	K	224.0
174_R	0.0	8.323882461868915e-06	cluster_0_1_mixed	174	R	3.0
423_E	0.0	8.320796754865318e-06	cluster_0_1_mixed	423	E	180.0
488_H	0.0	8.31976803601389e-06	cluster_0_1_mixed	488	H	221.0
387_L	0.0	8.31641295103334e-06	cluster_0_1_mixed	387	L	152.0
697_A	0.0	8.310648134696754e-06	cluster_0_1_mixed	697	A	362.0
476_I	0.0	8.307254500997181e-06	cluster_0_1_mixed	476	I	219.0
893_H	0.0	8.304711844261085e-06	cluster_0_1_mixed	893	H	496.0
21_L	0.0	8.303437322709965e-06	cluster_0_1_mixed	21	L	0.0
846_T	0.0	8.296252991181146e-06	cluster_0_1_mixed	846	T	467.0
658_N	0.0	8.276201001280036e-06	cluster_0_1_mixed	658	N	339.0
564_H	0.0	8.273886366195114e-06	cluster_0_1_mixed	564	H	249.0
363_F	0.0	8.27226719822282e-06	cluster_0_1_mixed	363	F	137.0
607_X	0.0	8.262803076072359e-06	cluster_0_1_mixed	607	X	290.0
492_K	0.0	8.262339634073464e-06	cluster_0_1_mixed	492	K	221.0
11_I	0.0	8.242588199691395e-06	cluster_0_1_mixed	11	I	0.0
156_E	0.0	8.241321078193781e-06	cluster_0_1_mixed	156	E	0.0
332_E	0.0	8.23997107448877e-06	cluster_0_1_mixed	332	E	121.0
784_L	0.0	8.237294064704701e-06	cluster_0_1_mixed	784	L	426.0
445_C	0.0	8.220463189153615e-06	cluster_0_1_mixed	445	C	191.0
296_A	0.0	8.216488966351536e-06	cluster_0_1_mixed	296	A	96.0
208_H	0.0	8.18921614435361e-06	cluster_0_1_mixed	208	H	35.0
120_L	0.0	8.168116760939908e-06	cluster_0_1_mixed	120	L	0.0
677_N	0.0	8.164693523612455e-06	cluster_0_1_mixed	677	N	346.0
874_R	0.0	8.156749612373042e-06	cluster_0_1_mixed	874	R	483.0
362_V	0.0	8.152880729042584e-06	cluster_0_1_mixed	362	V	136.0
481_M	0.0	8.138783428324586e-06	cluster_0_1_mixed	481	M	221.0
896_H	0.0	8.13776440235905e-06	cluster_0_1_mixed	896	H	496.0
316_Y	0.0	8.11169744212446e-06	cluster_0_1_mixed	316	Y	106.0
431_H	0.0	8.109229292950468e-06	cluster_0_1_mixed	431	H	184.0
935_M	0.0	8.10602519117241e-06	cluster_0_1_mixed	935	M	518.0
714_T	0.0	8.101570280279943e-06	cluster_0_1_mixed	714	T	379.0
622_X	0.0	8.098145473777738e-06	cluster_0_1_mixed	622	X	305.0
566_H	0.0	8.097834392816922e-06	cluster_0_1_mixed	566	H	251.0
821_G	0.0	8.092154819888876e-06	cluster_0_1_mixed	821	G	448.0
680_H	0.0	8.088110341177358e-06	cluster_0_1_mixed	680	H	349.0
181_G	0.0	8.072939545241995e-06	cluster_0_1_mixed	181	G	10.0
292_G	0.0	8.0638623830978e-06	cluster_0_1_mixed	292	G	93.0
271_V	0.0	8.061513576302448e-06	cluster_0_1_mixed	271	V	87.0
558_W	0.0	8.055167352961321e-06	cluster_0_1_mixed	558	W	245.0
934_S	0.0	8.053588926096254e-06	cluster_0_1_mixed	934	S	517.0
634_G	0.0	8.053575473266178e-06	cluster_0_1_mixed	634	G	316.0
624_E	0.0	8.027432364579345e-06	cluster_0_1_mixed	624	E	307.0
448_P	0.0	8.027340104352985e-06	cluster_0_1_mixed	448	P	194.0
796_L	0.0	8.021761497936128e-06	cluster_0_1_mixed	796	L	430.0
925_E	0.0	8.021489208944123e-06	cluster_0_1_mixed	925	E	508.0
412_S	0.0	8.01738451181934e-06	cluster_0_1_mixed	412	S	171.0
651_K	0.0	8.011577754534007e-06	cluster_0_1_mixed	651	K	333.0
875_R	0.0	8.005954391019048e-06	cluster_0_1_mixed	875	R	484.0
840_Q	0.0	8.000991831181716e-06	cluster_0_1_mixed	840	Q	461.0
312_R	0.0	7.991535511424316e-06	cluster_0_1_mixed	312	R	102.0
175_D	0.0	7.98721706311477e-06	cluster_0_1_mixed	175	D	4.0
397_T	0.0	7.976357328220611e-06	cluster_0_1_mixed	397	T	156.0
818_T	0.0	7.964810220893458e-06	cluster_0_1_mixed	818	T	445.0
477_Q	0.0	7.947314379426419e-06	cluster_0_1_mixed	477	Q	220.0
186_V	0.0	7.932638867782896e-06	cluster_0_1_mixed	186	V	14.0
209_C	0.0	7.922381003115547e-06	cluster_0_1_mixed	209	C	36.0
488_I	0.0	7.921678514910794e-06	cluster_0_1_mixed	488	I	221.0
318_Y	0.0	7.907376272092296e-06	cluster_0_1_mixed	318	Y	108.0
408_G	0.0	7.907113386838354e-06	cluster_0_1_mixed	408	G	167.0
369_M	0.0	7.903918873602068e-06	cluster_0_1_mixed	369	M	140.0
438_M	0.0	7.8985639534899e-06	cluster_0_1_mixed	438	M	190.0
917_L	0.0	7.87102617107425e-06	cluster_0_1_mixed	917	L	502.0
624_N	0.0	7.863706776247422e-06	cluster_0_1_mixed	624	N	307.0
522_K	0.0	7.861799955525002e-06	cluster_0_1_mixed	522	K	223.0
820_T	0.0	7.847141381964492e-06	cluster_0_1_mixed	820	T	447.0
903_V	0.0	7.845392441331724e-06	cluster_0_1_mixed	903	V	496.0
394_I	0.0	7.845103297731192e-06	cluster_0_1_mixed	394	I	155.0
490_W	0.0	7.84207733324447e-06	cluster_0_1_mixed	490	W	221.0
418_P	0.0	7.836326170039912e-06	cluster_0_1_mixed	418	P	177.0
7_G	0.0	7.833192951401082e-06	cluster_0_1_mixed	7	G	0.0
659_S	0.0	7.828964185873285e-06	cluster_0_1_mixed	659	S	339.0
758_K	0.0	7.82578186640058e-06	cluster_0_1_mixed	758	K	413.0
491_R	0.0	7.820761351487771e-06	cluster_0_1_mixed	491	R	221.0
852_H	0.0	7.819228657708178e-06	cluster_0_1_mixed	852	H	467.0
657_E	0.0	7.817350257403857e-06	cluster_0_1_mixed	657	E	339.0
655_H	0.0	7.817233969785474e-06	cluster_0_1_mixed	655	H	337.0
410_L	0.0	7.814519705621876e-06	cluster_0_1_mixed	410	L	169.0
931_H	0.0	7.805936108211438e-06	cluster_0_1_mixed	931	H	514.0
841_D	0.0	7.805770823202887e-06	cluster_0_1_mixed	841	D	462.0
172_S	0.0	7.791871016149364e-06	cluster_0_1_mixed	172	S	1.0
723_C	0.0	7.789711854100512e-06	cluster_0_1_mixed	723	C	388.0
871_S	0.0	7.786740003304828e-06	cluster_0_1_mixed	871	S	480.0
112_L	0.0	7.786641551913292e-06	cluster_0_1_mixed	112	L	0.0
365_R	0.0	7.784261371229627e-06	cluster_0_1_mixed	365	R	139.0
643_H	0.0	7.783759663228684e-06	cluster_0_1_mixed	643	H	325.0
123_D	0.0	7.7763253839366e-06	cluster_0_1_mixed	123	D	0.0
782_E	0.0	7.770913217633074e-06	cluster_0_1_mixed	782	E	426.0
611_S	0.0	7.759155198986842e-06	cluster_0_1_mixed	611	S	294.0
362_D	0.0	7.755292764943184e-06	cluster_0_1_mixed	362	D	136.0
384_D	0.0	7.74977389993647e-06	cluster_0_1_mixed	384	D	149.0
583_R	0.0	7.743189795984202e-06	cluster_0_1_mixed	583	R	267.0
678_Y	0.0	7.742382068354657e-06	cluster_0_1_mixed	678	Y	347.0
314_V	0.0	7.73569979980925e-06	cluster_0_1_mixed	314	V	104.0
361_T	0.0	7.734468956278875e-06	cluster_0_1_mixed	361	T	135.0
384_E	0.0	7.714672539382128e-06	cluster_0_1_mixed	384	E	149.0
457_S	0.0	7.712537597330305e-06	cluster_0_1_mixed	457	S	203.0
150_T	0.0	7.699587675302485e-06	cluster_0_1_mixed	150	T	0.0
819_W	0.0	7.692678361938567e-06	cluster_0_1_mixed	819	W	446.0
215_V	0.0	7.687110066979491e-06	cluster_0_1_mixed	215	V	41.0
491_P	0.0	7.682223884558318e-06	cluster_0_1_mixed	491	P	221.0
420_I	0.0	7.667947198538612e-06	cluster_0_1_mixed	420	I	179.0
912_Q	0.0	7.663437284970315e-06	cluster_0_1_mixed	912	Q	499.0
239_R	0.0	7.660682559683388e-06	cluster_0_1_mixed	239	R	58.0
252_I	0.0	7.653802197305629e-06	cluster_0_1_mixed	252	I	70.0
701_G	0.0	7.649566616337048e-06	cluster_0_1_mixed	701	G	366.0
416_D	0.0	7.647354721703642e-06	cluster_0_1_mixed	416	D	175.0
896_G	0.0	7.645635128576704e-06	cluster_0_1_mixed	896	G	496.0
844_C	0.0	7.638024158637915e-06	cluster_0_1_mixed	844	C	465.0
728_V	0.0	7.628844474036085e-06	cluster_0_1_mixed	728	V	393.0
293_Q	0.0	7.628759559886269e-06	cluster_0_1_mixed	293	Q	93.0
904_I	0.0	7.622873668698553e-06	cluster_0_1_mixed	904	I	496.0
428_E	0.0	7.613641554692173e-06	cluster_0_1_mixed	428	E	183.0
277_W	0.0	7.586225654020212e-06	cluster_0_1_mixed	277	W	88.0
245_F	0.0	7.584133492444662e-06	cluster_0_1_mixed	245	F	64.0
601_E	0.0	7.584054332507213e-06	cluster_0_1_mixed	601	E	284.0
870_R	0.0	7.5834302179250285e-06	cluster_0_1_mixed	870	R	479.0
375_F	0.0	7.574966632954608e-06	cluster_0_1_mixed	375	F	141.0
636_M	0.0	7.571838841014129e-06	cluster_0_1_mixed	636	M	318.0
102_L	0.0	7.563202895836496e-06	cluster_0_1_mixed	102	L	0.0
689_H	0.0	7.551400776470898e-06	cluster_0_1_mixed	689	H	357.0
838_T	0.0	7.549567797507721e-06	cluster_0_1_mixed	838	T	459.0
679_F	0.0	7.547813820155704e-06	cluster_0_1_mixed	679	F	348.0
580_W	0.0	7.543448776024852e-06	cluster_0_1_mixed	580	W	264.0
732_V	0.0	7.542407892994921e-06	cluster_0_1_mixed	732	V	397.0
937_K	0.0	7.538665001010775e-06	cluster_0_1_mixed	937	K	520.0
932_L	0.0	7.538299896859736e-06	cluster_0_1_mixed	932	L	515.0
903_D	0.0	7.522922334552944e-06	cluster_0_1_mixed	903	D	496.0
406_Y	0.0	7.5218715666686625e-06	cluster_0_1_mixed	406	Y	165.0
309_T	0.0	7.521720838290885e-06	cluster_0_1_mixed	309	T	102.0
339_M	0.0	7.521538552267905e-06	cluster_0_1_mixed	339	M	128.0
745_S	0.0	7.515402377012731e-06	cluster_0_1_mixed	745	S	410.0
204_T	0.0	7.512826172033391e-06	cluster_0_1_mixed	204	T	31.0
278_L	0.0	7.509680218165181e-06	cluster_0_1_mixed	278	L	89.0
579_M	0.0	7.49449696753231e-06	cluster_0_1_mixed	579	M	263.0
184_Y	0.0	7.481413522243466e-06	cluster_0_1_mixed	184	Y	13.0
187_R	0.0	7.477008222536677e-06	cluster_0_1_mixed	187	R	14.0
346_I	0.0	7.470082100701603e-06	cluster_0_1_mixed	346	I	130.0
924_N	0.0	7.459619506703012e-06	cluster_0_1_mixed	924	N	507.0
546_H	0.0	7.450051027458331e-06	cluster_0_1_mixed	546	H	240.0
777_I	0.0	7.446364123542551e-06	cluster_0_1_mixed	777	I	422.0
527_R	0.0	7.44448467747552e-06	cluster_0_1_mixed	527	R	226.0
654_M	0.0	7.4365414904924305e-06	cluster_0_1_mixed	654	M	336.0
228_N	0.0	7.431285196190917e-06	cluster_0_1_mixed	228	N	54.0
769_L	0.0	7.421555670337002e-06	cluster_0_1_mixed	769	L	416.0
202_W	0.0	7.418411274805644e-06	cluster_0_1_mixed	202	W	29.0
428_W	0.0	7.416166579488504e-06	cluster_0_1_mixed	428	W	183.0
343_W	0.0	7.403630217475165e-06	cluster_0_1_mixed	343	W	130.0
476_P	0.0	7.393677103406603e-06	cluster_0_1_mixed	476	P	219.0
188_D	0.0	7.391387555937158e-06	cluster_0_1_mixed	188	D	15.0
938_P	0.0	7.390341475121634e-06	cluster_0_1_mixed	938	P	521.0
521_H	0.0	7.386427596016351e-06	cluster_0_1_mixed	521	H	223.0
198_S	0.0	7.385497821698983e-06	cluster_0_1_mixed	198	S	25.0
461_A	0.0	7.3782538504369346e-06	cluster_0_1_mixed	461	A	206.0
516_P	0.0	7.376736897352737e-06	cluster_0_1_mixed	516	P	222.0
27_S	0.0	7.364129078173528e-06	cluster_0_1_mixed	27	S	0.0
492_F	0.0	7.356515441436844e-06	cluster_0_1_mixed	492	F	221.0
919_A	0.0	7.356051762611891e-06	cluster_0_1_mixed	919	A	502.0
514_T	0.0	7.35532024762581e-06	cluster_0_1_mixed	514	T	221.0
178_F	0.0	7.330457184278649e-06	cluster_0_1_mixed	178	F	7.0
894_N	0.0	7.33008728011538e-06	cluster_0_1_mixed	894	N	496.0
537_H	0.0	7.325908963291247e-06	cluster_0_1_mixed	537	H	231.0
461_S	0.0	7.312152939221855e-06	cluster_0_1_mixed	461	S	206.0
667_N	0.0	7.285760577287391e-06	cluster_0_1_mixed	667	N	339.0
279_D	0.0	7.285534998091387e-06	cluster_0_1_mixed	279	D	90.0
878_D	0.0	7.284538195276803e-06	cluster_0_1_mixed	878	D	487.0
697_F	0.0	7.28037963149172e-06	cluster_0_1_mixed	697	F	362.0
391_F	0.0	7.2783923602853085e-06	cluster_0_1_mixed	391	F	155.0
651_G	0.0	7.274198051935274e-06	cluster_0_1_mixed	651	G	333.0
237_K	0.0	7.264156936440983e-06	cluster_0_1_mixed	237	K	56.0
851_W	0.0	7.251268782074545e-06	cluster_0_1_mixed	851	W	467.0
169_A	0.0	7.246964862461776e-06	cluster_0_1_mixed	169	A	0.0
417_M	0.0	7.239587347368881e-06	cluster_0_1_mixed	417	M	176.0
457_N	0.0	7.23742055192823e-06	cluster_0_1_mixed	457	N	203.0
378_E	0.0	7.227091927555294e-06	cluster_0_1_mixed	378	E	143.0
800_D	0.0	7.2112667241948784e-06	cluster_0_1_mixed	800	D	434.0
440_M	0.0	7.20567842176779e-06	cluster_0_1_mixed	440	M	190.0
337_R	0.0	7.19611144302439e-06	cluster_0_1_mixed	337	R	126.0
936_P	0.0	7.181333284874841e-06	cluster_0_1_mixed	936	P	519.0
354_T	0.0	7.166511200359526e-06	cluster_0_1_mixed	354	T	134.0
581_P	0.0	7.166463029514604e-06	cluster_0_1_mixed	581	P	265.0
677_Y	0.0	7.163759422309686e-06	cluster_0_1_mixed	677	Y	346.0
343_D	0.0	7.16224435553898e-06	cluster_0_1_mixed	343	D	130.0
242_H	0.0	7.147498213432556e-06	cluster_0_1_mixed	242	H	61.0
844_T	0.0	7.1466010950163805e-06	cluster_0_1_mixed	844	T	465.0
51_V	0.0	7.144712395044009e-06	cluster_0_1_mixed	51	V	0.0
330_G	0.0	7.131370410378431e-06	cluster_0_1_mixed	330	G	119.0
731_Y	0.0	7.125483352307531e-06	cluster_0_1_mixed	731	Y	396.0
493_M	0.0	7.114968402803094e-06	cluster_0_1_mixed	493	M	221.0
526_H	0.0	7.109557278997419e-06	cluster_0_1_mixed	526	H	225.0
817_T	0.0	7.109473572974814e-06	cluster_0_1_mixed	817	T	444.0
367_P	0.0	7.105491994313179e-06	cluster_0_1_mixed	367	P	139.0
581_Y	0.0	7.104860968408913e-06	cluster_0_1_mixed	581	Y	265.0
789_H	0.0	7.1041181252922305e-06	cluster_0_1_mixed	789	H	427.0
620_N	0.0	7.094307494372125e-06	cluster_0_1_mixed	620	N	303.0
335_Y	0.0	7.082695943627748e-06	cluster_0_1_mixed	335	Y	124.0
740_Q	0.0	7.081069556944729e-06	cluster_0_1_mixed	740	Q	405.0
556_I	0.0	7.080799304594941e-06	cluster_0_1_mixed	556	I	244.0
872_V	0.0	7.0668655115523536e-06	cluster_0_1_mixed	872	V	481.0
254_D	0.0	7.0646590125838304e-06	cluster_0_1_mixed	254	D	72.0
159_V	0.0	7.059176469452917e-06	cluster_0_1_mixed	159	V	0.0
628_H	0.0	7.048232198719116e-06	cluster_0_1_mixed	628	H	310.0
678_G	0.0	7.046674298029081e-06	cluster_0_1_mixed	678	G	347.0
615_Q	0.0	7.044265266724957e-06	cluster_0_1_mixed	615	Q	298.0
83_L	0.0	7.03499306538508e-06	cluster_0_1_mixed	83	L	0.0
839_Q	0.0	7.034600351809435e-06	cluster_0_1_mixed	839	Q	460.0
784_H	0.0	7.030038951032218e-06	cluster_0_1_mixed	784	H	426.0
586_L	0.0	7.029342289369506e-06	cluster_0_1_mixed	586	L	270.0
612_K	0.0	7.02422118108806e-06	cluster_0_1_mixed	612	K	295.0
759_S	0.0	7.022120802514345e-06	cluster_0_1_mixed	759	S	413.0
166_G	0.0	7.020958860536747e-06	cluster_0_1_mixed	166	G	0.0
934_T	0.0	7.015481312491176e-06	cluster_0_1_mixed	934	T	517.0
314_K	0.0	7.013816839474807e-06	cluster_0_1_mixed	314	K	104.0
416_M	0.0	7.0135892301382105e-06	cluster_0_1_mixed	416	M	175.0
175_Y	0.0	7.011323446294132e-06	cluster_0_1_mixed	175	Y	4.0
318_K	0.0	7.0086222053800985e-06	cluster_0_1_mixed	318	K	108.0
433_M	0.0	7.0013092792839725e-06	cluster_0_1_mixed	433	M	186.0
622_E	0.0	6.995262800106975e-06	cluster_0_1_mixed	622	E	305.0
194_Q	0.0	6.989266253455284e-06	cluster_0_1_mixed	194	Q	21.0
171_T	0.0	6.986852535848163e-06	cluster_0_1_mixed	171	T	0.0
72_V	0.0	6.985296079420261e-06	cluster_0_1_mixed	72	V	0.0
531_R	0.0	6.982813617940857e-06	cluster_0_1_mixed	531	R	230.0
363_D	0.0	6.976159546531298e-06	cluster_0_1_mixed	363	D	137.0
295_Y	0.0	6.9730438475218895e-06	cluster_0_1_mixed	295	Y	95.0
889_F	0.0	6.97244077464056e-06	cluster_0_1_mixed	889	F	496.0
519_Y	0.0	6.96894239385165e-06	cluster_0_1_mixed	519	Y	223.0
682_F	0.0	6.964200574442045e-06	cluster_0_1_mixed	682	F	351.0
197_Y	0.0	6.962303424466304e-06	cluster_0_1_mixed	197	Y	24.0
443_W	0.0	6.960554260047229e-06	cluster_0_1_mixed	443	W	190.0
899_V	0.0	6.956961646302352e-06	cluster_0_1_mixed	899	V	496.0
381_D	0.0	6.9541076946768685e-06	cluster_0_1_mixed	381	D	146.0
327_K	0.0	6.933646928528925e-06	cluster_0_1_mixed	327	K	117.0
188_R	0.0	6.928602899853333e-06	cluster_0_1_mixed	188	R	15.0
870_A	0.0	6.920592978755312e-06	cluster_0_1_mixed	870	A	479.0
293_K	0.0	6.918562053622661e-06	cluster_0_1_mixed	293	K	93.0
419_L	0.0	6.914241100170392e-06	cluster_0_1_mixed	419	L	178.0
299_L	0.0	6.911168962997755e-06	cluster_0_1_mixed	299	L	99.0
879_L	0.0	6.888303220232611e-06	cluster_0_1_mixed	879	L	488.0
562_F	0.0	6.88415214549674e-06	cluster_0_1_mixed	562	F	247.0
428_L	0.0	6.882285307722322e-06	cluster_0_1_mixed	428	L	183.0
896_W	0.0	6.878021772507146e-06	cluster_0_1_mixed	896	W	496.0
259_Y	0.0	6.874778492922704e-06	cluster_0_1_mixed	259	Y	77.0
929_A	0.0	6.8651474253316965e-06	cluster_0_1_mixed	929	A	512.0
246_G	0.0	6.86369272606276e-06	cluster_0_1_mixed	246	G	64.0
437_I	0.0	6.854593497686818e-06	cluster_0_1_mixed	437	I	190.0
778_V	0.0	6.841074002423566e-06	cluster_0_1_mixed	778	V	422.0
370_S	0.0	6.840642487566061e-06	cluster_0_1_mixed	370	S	141.0
880_W	0.0	6.833724942109739e-06	cluster_0_1_mixed	880	W	489.0
490_E	0.0	6.831728886219981e-06	cluster_0_1_mixed	490	E	221.0
404_Q	0.0	6.829312618756381e-06	cluster_0_1_mixed	404	Q	163.0
716_H	0.0	6.828739790539898e-06	cluster_0_1_mixed	716	H	381.0
133_V	0.0	6.81813780280809e-06	cluster_0_1_mixed	133	V	0.0
300_A	0.0	6.810375346195107e-06	cluster_0_1_mixed	300	A	100.0
173_L	0.0	6.807195395930462e-06	cluster_0_1_mixed	173	L	2.0
243_H	0.0	6.797639310826925e-06	cluster_0_1_mixed	243	H	62.0
519_P	0.0	6.795810239373339e-06	cluster_0_1_mixed	519	P	223.0
912_H	0.0	6.794094205138135e-06	cluster_0_1_mixed	912	H	499.0
875_I	0.0	6.790839434548118e-06	cluster_0_1_mixed	875	I	484.0
140_S	0.0	6.788286018371795e-06	cluster_0_1_mixed	140	S	0.0
529_K	0.0	6.783237362280076e-06	cluster_0_1_mixed	529	K	228.0
415_F	0.0	6.771589504962577e-06	cluster_0_1_mixed	415	F	174.0
186_R	0.0	6.771025270526011e-06	cluster_0_1_mixed	186	R	14.0
720_F	0.0	6.764424576866582e-06	cluster_0_1_mixed	720	F	385.0
933_A	0.0	6.7555228434056135e-06	cluster_0_1_mixed	933	A	516.0
633_E	0.0	6.742442509991794e-06	cluster_0_1_mixed	633	E	315.0
691_N	0.0	6.728206584481024e-06	cluster_0_1_mixed	691	N	357.0
333_R	0.0	6.727792567103633e-06	cluster_0_1_mixed	333	R	122.0
478_Y	0.0	6.727335852824138e-06	cluster_0_1_mixed	478	Y	221.0
345_D	0.0	6.7251600924735576e-06	cluster_0_1_mixed	345	D	130.0
538_H	0.0	6.723741317252713e-06	cluster_0_1_mixed	538	H	232.0
906_D	0.0	6.7130908351188125e-06	cluster_0_1_mixed	906	D	496.0
608_X	0.0	6.70322659145616e-06	cluster_0_1_mixed	608	X	291.0
416_W	0.0	6.6835457464913665e-06	cluster_0_1_mixed	416	W	175.0
771_L	0.0	6.679280223139672e-06	cluster_0_1_mixed	771	L	418.0
449_R	0.0	6.678616726222033e-06	cluster_0_1_mixed	449	R	195.0
692_F	0.0	6.668537108513957e-06	cluster_0_1_mixed	692	F	357.0
740_D	0.0	6.653419685371578e-06	cluster_0_1_mixed	740	D	405.0
854_H	0.0	6.635779896073718e-06	cluster_0_1_mixed	854	H	469.0
656_M	0.0	6.63037364829943e-06	cluster_0_1_mixed	656	M	338.0
411_R	0.0	6.620389363981602e-06	cluster_0_1_mixed	411	R	170.0
236_T	0.0	6.61795801464699e-06	cluster_0_1_mixed	236	T	55.0
931_S	0.0	6.614258719688583e-06	cluster_0_1_mixed	931	S	514.0
886_Q	0.0	6.609877473910425e-06	cluster_0_1_mixed	886	Q	495.0
426_A	0.0	6.606885523220228e-06	cluster_0_1_mixed	426	A	182.0
704_E	0.0	6.599821182977304e-06	cluster_0_1_mixed	704	E	369.0
342_D	0.0	6.597677115581621e-06	cluster_0_1_mixed	342	D	130.0
118_L	0.0	6.596864333781865e-06	cluster_0_1_mixed	118	L	0.0
788_V	0.0	6.594700174285398e-06	cluster_0_1_mixed	788	V	427.0
536_W	0.0	6.565044898351718e-06	cluster_0_1_mixed	536	W	231.0
117_K	0.0	6.562076047799355e-06	cluster_0_1_mixed	117	K	0.0
547_H	0.0	6.56175977211106e-06	cluster_0_1_mixed	547	H	241.0
526_W	0.0	6.547679258046998e-06	cluster_0_1_mixed	526	W	225.0
516_N	0.0	6.543750891757591e-06	cluster_0_1_mixed	516	N	222.0
679_D	0.0	6.543442930131908e-06	cluster_0_1_mixed	679	D	348.0
571_K	0.0	6.5387154683705875e-06	cluster_0_1_mixed	571	K	255.0
332_C	0.0	6.535915034229223e-06	cluster_0_1_mixed	332	C	121.0
686_M	0.0	6.53477271572017e-06	cluster_0_1_mixed	686	M	355.0
458_E	0.0	6.526373084965466e-06	cluster_0_1_mixed	458	E	204.0
313_N	0.0	6.48756843934153e-06	cluster_0_1_mixed	313	N	103.0
866_P	0.0	6.487415430423512e-06	cluster_0_1_mixed	866	P	475.0
254_S	0.0	6.48696890933262e-06	cluster_0_1_mixed	254	S	72.0
908_D	0.0	6.485251512780495e-06	cluster_0_1_mixed	908	D	496.0
323_L	0.0	6.484888072233036e-06	cluster_0_1_mixed	323	L	113.0
582_G	0.0	6.484762365441584e-06	cluster_0_1_mixed	582	G	266.0
518_L	0.0	6.481731932322005e-06	cluster_0_1_mixed	518	L	223.0
210_M	0.0	6.47172531021936e-06	cluster_0_1_mixed	210	M	37.0
120_A	0.0	6.453993383984708e-06	cluster_0_1_mixed	120	A	0.0
442_F	0.0	6.448408576993557e-06	cluster_0_1_mixed	442	F	190.0
789_Q	0.0	6.4484005035451375e-06	cluster_0_1_mixed	789	Q	427.0
343_L	0.0	6.444926531535085e-06	cluster_0_1_mixed	343	L	130.0
332_M	0.0	6.417717066417666e-06	cluster_0_1_mixed	332	M	121.0
591_T	0.0	6.416675030903864e-06	cluster_0_1_mixed	591	T	274.0
327_D	0.0	6.414557323280358e-06	cluster_0_1_mixed	327	D	117.0
395_V	0.0	6.412447581603533e-06	cluster_0_1_mixed	395	V	155.0
197_A	0.0	6.401405798262538e-06	cluster_0_1_mixed	197	A	24.0
468_K	0.0	6.399420840816438e-06	cluster_0_1_mixed	468	K	211.0
482_K	0.0	6.387976608918637e-06	cluster_0_1_mixed	482	K	221.0
739_M	0.0	6.385399509651944e-06	cluster_0_1_mixed	739	M	404.0
784_P	0.0	6.382107052177036e-06	cluster_0_1_mixed	784	P	426.0
172_D	0.0	6.378018665749192e-06	cluster_0_1_mixed	172	D	1.0
152_T	0.0	6.375826951949565e-06	cluster_0_1_mixed	152	T	0.0
915_T	0.0	6.372696317613073e-06	cluster_0_1_mixed	915	T	502.0
381_G	0.0	6.366081644448588e-06	cluster_0_1_mixed	381	G	146.0
883_R	0.0	6.35904000812002e-06	cluster_0_1_mixed	883	R	492.0
860_N	0.0	6.3547205281152586e-06	cluster_0_1_mixed	860	N	475.0
217_S	0.0	6.351672049792657e-06	cluster_0_1_mixed	217	S	43.0
493_Q	0.0	6.328619815041145e-06	cluster_0_1_mixed	493	Q	221.0
652_H	0.0	6.325376941782283e-06	cluster_0_1_mixed	652	H	334.0
586_Q	0.0	6.3168880312347144e-06	cluster_0_1_mixed	586	Q	270.0
625_C	0.0	6.3163556634612814e-06	cluster_0_1_mixed	625	C	308.0
596_L	0.0	6.301068277449257e-06	cluster_0_1_mixed	596	L	279.0
361_S	0.0	6.2968836764512105e-06	cluster_0_1_mixed	361	S	135.0
691_M	0.0	6.290375840351805e-06	cluster_0_1_mixed	691	M	357.0
686_L	0.0	6.287610724099463e-06	cluster_0_1_mixed	686	L	355.0
689_C	0.0	6.283895768541444e-06	cluster_0_1_mixed	689	C	357.0
362_L	0.0	6.276628184224198e-06	cluster_0_1_mixed	362	L	136.0
386_C	0.0	6.269081686757535e-06	cluster_0_1_mixed	386	C	151.0
478_T	0.0	6.26761430821739e-06	cluster_0_1_mixed	478	T	221.0
246_Q	0.0	6.265045704893128e-06	cluster_0_1_mixed	246	Q	64.0
247_C	0.0	6.264819390615382e-06	cluster_0_1_mixed	247	C	65.0
710_I	0.0	6.2535545685062946e-06	cluster_0_1_mixed	710	I	375.0
357_P	0.0	6.251733486021509e-06	cluster_0_1_mixed	357	P	134.0
918_K	0.0	6.241328927205236e-06	cluster_0_1_mixed	918	K	502.0
317_V	0.0	6.233793081559924e-06	cluster_0_1_mixed	317	V	107.0
361_A	0.0	6.232739650528633e-06	cluster_0_1_mixed	361	A	135.0
245_Q	0.0	6.2174436596493906e-06	cluster_0_1_mixed	245	Q	64.0
347_L	0.0	6.210931551196433e-06	cluster_0_1_mixed	347	L	130.0
314_S	0.0	6.210608422069864e-06	cluster_0_1_mixed	314	S	104.0
878_K	0.0	6.207704176099552e-06	cluster_0_1_mixed	878	K	487.0
838_K	0.0	6.197496796976851e-06	cluster_0_1_mixed	838	K	459.0
298_S	0.0	6.191294888889541e-06	cluster_0_1_mixed	298	S	98.0
856_M	0.0	6.185281947255186e-06	cluster_0_1_mixed	856	M	471.0
550_M	0.0	6.181281628853288e-06	cluster_0_1_mixed	550	M	242.0
692_C	0.0	6.1757021161140645e-06	cluster_0_1_mixed	692	C	357.0
340_H	0.0	6.175019033685667e-06	cluster_0_1_mixed	340	H	129.0
483_W	0.0	6.166629980998084e-06	cluster_0_1_mixed	483	W	221.0
887_T	0.0	6.152140817219041e-06	cluster_0_1_mixed	887	T	496.0
418_K	0.0	6.1475432320700345e-06	cluster_0_1_mixed	418	K	177.0
234_Q	0.0	6.145623330709533e-06	cluster_0_1_mixed	234	Q	55.0
277_T	0.0	6.138785616643812e-06	cluster_0_1_mixed	277	T	88.0
395_N	0.0	6.137108702864814e-06	cluster_0_1_mixed	395	N	155.0
177_N	0.0	6.134472946421048e-06	cluster_0_1_mixed	177	N	6.0
679_S	0.0	6.130576070720685e-06	cluster_0_1_mixed	679	S	348.0
289_S	0.0	6.121141662092509e-06	cluster_0_1_mixed	289	S	93.0
689_Y	0.0	6.115674197900356e-06	cluster_0_1_mixed	689	Y	357.0
217_V	0.0	6.113416185759326e-06	cluster_0_1_mixed	217	V	43.0
642_S	0.0	6.098474350585124e-06	cluster_0_1_mixed	642	S	324.0
915_A	0.0	6.093719611122906e-06	cluster_0_1_mixed	915	A	502.0
336_M	0.0	6.090297483259625e-06	cluster_0_1_mixed	336	M	125.0
813_H	0.0	6.080061315442374e-06	cluster_0_1_mixed	813	H	440.0
349_M	0.0	6.077722952877449e-06	cluster_0_1_mixed	349	M	131.0
538_M	0.0	6.072387310571926e-06	cluster_0_1_mixed	538	M	232.0
467_V	0.0	6.060428681863838e-06	cluster_0_1_mixed	467	V	210.0
781_L	0.0	6.04857934429413e-06	cluster_0_1_mixed	781	L	425.0
298_A	0.0	6.043347414822263e-06	cluster_0_1_mixed	298	A	98.0
377_Q	0.0	6.042102015191759e-06	cluster_0_1_mixed	377	Q	142.0
484_L	0.0	6.03632484933e-06	cluster_0_1_mixed	484	L	221.0
723_N	0.0	6.03478825075772e-06	cluster_0_1_mixed	723	N	388.0
444_V	0.0	6.0285875455216455e-06	cluster_0_1_mixed	444	V	190.0
183_L	0.0	6.02845570286321e-06	cluster_0_1_mixed	183	L	12.0
855_D	0.0	6.027339239736578e-06	cluster_0_1_mixed	855	D	470.0
128_D	0.0	6.024263967116891e-06	cluster_0_1_mixed	128	D	0.0
312_F	0.0	6.019940926471634e-06	cluster_0_1_mixed	312	F	102.0
28_T	0.0	6.019436018711385e-06	cluster_0_1_mixed	28	T	0.0
254_N	0.0	6.005093704555036e-06	cluster_0_1_mixed	254	N	72.0
367_D	0.0	5.9957495340839456e-06	cluster_0_1_mixed	367	D	139.0
906_S	0.0	5.978490318102837e-06	cluster_0_1_mixed	906	S	496.0
422_K	0.0	5.9756506769632235e-06	cluster_0_1_mixed	422	K	180.0
807_R	0.0	5.975363764003505e-06	cluster_0_1_mixed	807	R	438.0
222_S	0.0	5.974040519081926e-06	cluster_0_1_mixed	222	S	48.0
334_K	0.0	5.9476963273739716e-06	cluster_0_1_mixed	334	K	123.0
239_H	0.0	5.9403985133971305e-06	cluster_0_1_mixed	239	H	58.0
887_G	0.0	5.931726882258506e-06	cluster_0_1_mixed	887	G	496.0
839_S	0.0	5.927497629554722e-06	cluster_0_1_mixed	839	S	460.0
722_A	0.0	5.924164861699518e-06	cluster_0_1_mixed	722	A	387.0
462_V	0.0	5.923621156853554e-06	cluster_0_1_mixed	462	V	206.0
911_W	0.0	5.919977663220737e-06	cluster_0_1_mixed	911	W	498.0
582_W	0.0	5.917268575628037e-06	cluster_0_1_mixed	582	W	266.0
172_T	0.0	5.914580717466293e-06	cluster_0_1_mixed	172	T	1.0
603_X	0.0	5.911895476980068e-06	cluster_0_1_mixed	603	X	286.0
899_H	0.0	5.907328186234219e-06	cluster_0_1_mixed	899	H	496.0
621_Y	0.0	5.905790846132016e-06	cluster_0_1_mixed	621	Y	304.0
528_K	0.0	5.903942258448854e-06	cluster_0_1_mixed	528	K	227.0
482_M	0.0	5.902305863245976e-06	cluster_0_1_mixed	482	M	221.0
515_P	0.0	5.895386716259595e-06	cluster_0_1_mixed	515	P	221.0
238_T	0.0	5.885632321822829e-06	cluster_0_1_mixed	238	T	57.0
792_F	0.0	5.885358514538968e-06	cluster_0_1_mixed	792	F	428.0
267_M	0.0	5.877923763601408e-06	cluster_0_1_mixed	267	M	85.0
635_Q	0.0	5.86210721828936e-06	cluster_0_1_mixed	635	Q	317.0
199_G	0.0	5.859560377825155e-06	cluster_0_1_mixed	199	G	26.0
445_S	0.0	5.823160076207498e-06	cluster_0_1_mixed	445	S	191.0
244_D	0.0	5.816946793298254e-06	cluster_0_1_mixed	244	D	63.0
785_D	0.0	5.813935969759825e-06	cluster_0_1_mixed	785	D	427.0
340_P	0.0	5.810727132326745e-06	cluster_0_1_mixed	340	P	129.0
895_K	0.0	5.801658757431422e-06	cluster_0_1_mixed	895	K	496.0
575_Q	0.0	5.798484979280566e-06	cluster_0_1_mixed	575	Q	259.0
872_G	0.0	5.796558232373001e-06	cluster_0_1_mixed	872	G	481.0
904_Y	0.0	5.793815657970276e-06	cluster_0_1_mixed	904	Y	496.0
255_A	0.0	5.793792940014039e-06	cluster_0_1_mixed	255	A	73.0
403_V	0.0	5.7884921741529576e-06	cluster_0_1_mixed	403	V	162.0
473_I	0.0	5.788036322633892e-06	cluster_0_1_mixed	473	I	216.0
464_F	0.0	5.7861520576684935e-06	cluster_0_1_mixed	464	F	207.0
537_M	0.0	5.776135830022305e-06	cluster_0_1_mixed	537	M	231.0
236_G	0.0	5.775989959886544e-06	cluster_0_1_mixed	236	G	55.0
836_K	0.0	5.773537547601865e-06	cluster_0_1_mixed	836	K	457.0
689_N	0.0	5.767456319193033e-06	cluster_0_1_mixed	689	N	357.0
214_G	0.0	5.765082840544166e-06	cluster_0_1_mixed	214	G	40.0
375_H	0.0	5.764484350786728e-06	cluster_0_1_mixed	375	H	141.0
190_R	0.0	5.7613747600892675e-06	cluster_0_1_mixed	190	R	17.0
239_N	0.0	5.759815446085761e-06	cluster_0_1_mixed	239	N	58.0
861_P	0.0	5.752878614689864e-06	cluster_0_1_mixed	861	P	475.0
119_V	0.0	5.735999515659207e-06	cluster_0_1_mixed	119	V	0.0
581_D	0.0	5.72954438916993e-06	cluster_0_1_mixed	581	D	265.0
737_M	0.0	5.725231812936842e-06	cluster_0_1_mixed	737	M	402.0
485_H	0.0	5.724297863640807e-06	cluster_0_1_mixed	485	H	221.0
703_D	0.0	5.7213129512073315e-06	cluster_0_1_mixed	703	D	368.0
444_T	0.0	5.720452368844869e-06	cluster_0_1_mixed	444	T	190.0
743_L	0.0	5.71509336308698e-06	cluster_0_1_mixed	743	L	408.0
541_C	0.0	5.710903712549517e-06	cluster_0_1_mixed	541	C	235.0
423_W	0.0	5.708863581197744e-06	cluster_0_1_mixed	423	W	180.0
328_F	0.0	5.708030370848301e-06	cluster_0_1_mixed	328	F	118.0
321_H	0.0	5.697089897880797e-06	cluster_0_1_mixed	321	H	111.0
107_N	0.0	5.695359288018838e-06	cluster_0_1_mixed	107	N	0.0
404_G	0.0	5.689595981174398e-06	cluster_0_1_mixed	404	G	163.0
238_E	0.0	5.681748731953642e-06	cluster_0_1_mixed	238	E	57.0
635_F	0.0	5.675422149780753e-06	cluster_0_1_mixed	635	F	317.0
660_G	0.0	5.671243085948994e-06	cluster_0_1_mixed	660	G	339.0
928_V	0.0	5.668708365658044e-06	cluster_0_1_mixed	928	V	511.0
144_I	0.0	5.659587413051468e-06	cluster_0_1_mixed	144	I	0.0
404_F	0.0	5.6436770133374785e-06	cluster_0_1_mixed	404	F	163.0
446_P	0.0	5.642683213347146e-06	cluster_0_1_mixed	446	P	192.0
493_F	0.0	5.613120826188384e-06	cluster_0_1_mixed	493	F	221.0
551_M	0.0	5.6023046830403085e-06	cluster_0_1_mixed	551	M	242.0
793_Y	0.0	5.6014077047340805e-06	cluster_0_1_mixed	793	Y	428.0
409_D	0.0	5.598027180252366e-06	cluster_0_1_mixed	409	D	168.0
936_A	0.0	5.581512922867577e-06	cluster_0_1_mixed	936	A	519.0
818_D	0.0	5.576619699917573e-06	cluster_0_1_mixed	818	D	445.0
409_L	0.0	5.567647688545711e-06	cluster_0_1_mixed	409	L	168.0
378_Y	0.0	5.566036055751939e-06	cluster_0_1_mixed	378	Y	143.0
837_H	0.0	5.554210069957825e-06	cluster_0_1_mixed	837	H	458.0
665_Y	0.0	5.54810265221902e-06	cluster_0_1_mixed	665	Y	339.0
783_E	0.0	5.543094404218458e-06	cluster_0_1_mixed	783	E	426.0
922_R	0.0	5.540926032155413e-06	cluster_0_1_mixed	922	R	505.0
294_Q	0.0	5.534529454001696e-06	cluster_0_1_mixed	294	Q	94.0
825_N	0.0	5.531847490641862e-06	cluster_0_1_mixed	825	N	452.0
342_M	0.0	5.531254141325565e-06	cluster_0_1_mixed	342	M	130.0
419_I	0.0	5.5310968409780374e-06	cluster_0_1_mixed	419	I	178.0
437_F	0.0	5.52513399658584e-06	cluster_0_1_mixed	437	F	190.0
905_D	0.0	5.519118719347305e-06	cluster_0_1_mixed	905	D	496.0
889_H	0.0	5.515075993655205e-06	cluster_0_1_mixed	889	H	496.0
423_C	0.0	5.511552482480039e-06	cluster_0_1_mixed	423	C	180.0
774_M	0.0	5.508615913287185e-06	cluster_0_1_mixed	774	M	421.0
121_Y	0.0	5.502475873270946e-06	cluster_0_1_mixed	121	Y	0.0
534_W	0.0	5.497924049147107e-06	cluster_0_1_mixed	534	W	231.0
135_S	0.0	5.496535675371215e-06	cluster_0_1_mixed	135	S	0.0
371_M	0.0	5.494789682507141e-06	cluster_0_1_mixed	371	M	141.0
666_G	0.0	5.491926446518896e-06	cluster_0_1_mixed	666	G	339.0
917_F	0.0	5.485629514064155e-06	cluster_0_1_mixed	917	F	502.0
363_W	0.0	5.4816589872501855e-06	cluster_0_1_mixed	363	W	137.0
608_R	0.0	5.478552439211207e-06	cluster_0_1_mixed	608	R	291.0
224_Q	0.0	5.470795554211396e-06	cluster_0_1_mixed	224	Q	50.0
743_Y	0.0	5.463664823829001e-06	cluster_0_1_mixed	743	Y	408.0
892_E	0.0	5.457355793650772e-06	cluster_0_1_mixed	892	E	496.0
899_G	0.0	5.4573094336422035e-06	cluster_0_1_mixed	899	G	496.0
277_E	0.0	5.449864206231321e-06	cluster_0_1_mixed	277	E	88.0
265_A	0.0	5.448244492810785e-06	cluster_0_1_mixed	265	A	83.0
128_N	0.0	5.445084694700859e-06	cluster_0_1_mixed	128	N	0.0
384_P	0.0	5.440013687582815e-06	cluster_0_1_mixed	384	P	149.0
866_Q	0.0	5.438293784404647e-06	cluster_0_1_mixed	866	Q	475.0
595_I	0.0	5.436770933049567e-06	cluster_0_1_mixed	595	I	278.0
518_Y	0.0	5.4266198835455765e-06	cluster_0_1_mixed	518	Y	223.0
783_C	0.0	5.424443030678483e-06	cluster_0_1_mixed	783	C	426.0
825_H	0.0	5.4145512273657615e-06	cluster_0_1_mixed	825	H	452.0
879_E	0.0	5.410647211344126e-06	cluster_0_1_mixed	879	E	488.0
706_V	0.0	5.40937644023254e-06	cluster_0_1_mixed	706	V	371.0
205_Q	0.0	5.406589103341261e-06	cluster_0_1_mixed	205	Q	32.0
868_N	0.0	5.400053166686819e-06	cluster_0_1_mixed	868	N	477.0
453_A	0.0	5.399685491089636e-06	cluster_0_1_mixed	453	A	199.0
840_E	0.0	5.398870949737337e-06	cluster_0_1_mixed	840	E	461.0
859_W	0.0	5.3922249193857245e-06	cluster_0_1_mixed	859	W	474.0
790_F	0.0	5.384839679472968e-06	cluster_0_1_mixed	790	F	428.0
445_I	0.0	5.375165203378289e-06	cluster_0_1_mixed	445	I	191.0
250_K	0.0	5.370163919950364e-06	cluster_0_1_mixed	250	K	68.0
917_C	0.0	5.363855798501236e-06	cluster_0_1_mixed	917	C	502.0
316_F	0.0	5.362899793484537e-06	cluster_0_1_mixed	316	F	106.0
732_N	0.0	5.358620878774639e-06	cluster_0_1_mixed	732	N	397.0
831_H	0.0	5.355060133542275e-06	cluster_0_1_mixed	831	H	454.0
397_D	0.0	5.340550617610161e-06	cluster_0_1_mixed	397	D	156.0
904_C	0.0	5.335695653130737e-06	cluster_0_1_mixed	904	C	496.0
425_E	0.0	5.333464547494457e-06	cluster_0_1_mixed	425	E	181.0
329_D	0.0	5.3316490631207646e-06	cluster_0_1_mixed	329	D	118.0
380_C	0.0	5.326317051757192e-06	cluster_0_1_mixed	380	C	145.0
121_K	0.0	5.3253674110572e-06	cluster_0_1_mixed	121	K	0.0
719_E	0.0	5.325246358067792e-06	cluster_0_1_mixed	719	E	384.0
798_E	0.0	5.31277601486831e-06	cluster_0_1_mixed	798	E	432.0
327_S	0.0	5.31060394572223e-06	cluster_0_1_mixed	327	S	117.0
19_V	0.0	5.29843472592034e-06	cluster_0_1_mixed	19	V	0.0
880_A	0.0	5.297255387728363e-06	cluster_0_1_mixed	880	A	489.0
192_Y	0.0	5.282704959574604e-06	cluster_0_1_mixed	192	Y	19.0
291_T	0.0	5.28254499649193e-06	cluster_0_1_mixed	291	T	93.0
528_E	0.0	5.281099069535619e-06	cluster_0_1_mixed	528	E	227.0
326_C	0.0	5.279086489101229e-06	cluster_0_1_mixed	326	C	116.0
385_D	0.0	5.270834233704636e-06	cluster_0_1_mixed	385	D	150.0
443_Y	0.0	5.267886105418129e-06	cluster_0_1_mixed	443	Y	190.0
263_D	0.0	5.261687812654344e-06	cluster_0_1_mixed	263	D	81.0
278_F	0.0	5.258106661673298e-06	cluster_0_1_mixed	278	F	89.0
195_I	0.0	5.251424276904007e-06	cluster_0_1_mixed	195	I	22.0
88_C	0.0	5.245489335413819e-06	cluster_0_1_mixed	88	C	0.0
778_K	0.0	5.243868343642979e-06	cluster_0_1_mixed	778	K	422.0
152_N	0.0	5.2417862359518834e-06	cluster_0_1_mixed	152	N	0.0
351_R	0.0	5.227999686656951e-06	cluster_0_1_mixed	351	R	132.0
725_W	0.0	5.225407605526527e-06	cluster_0_1_mixed	725	W	390.0
239_V	0.0	5.223104751836126e-06	cluster_0_1_mixed	239	V	58.0
584_A	0.0	5.223074569875167e-06	cluster_0_1_mixed	584	A	268.0
429_Q	0.0	5.220343164742966e-06	cluster_0_1_mixed	429	Q	183.0
872_M	0.0	5.213669201625544e-06	cluster_0_1_mixed	872	M	481.0
435_C	0.0	5.211608937965138e-06	cluster_0_1_mixed	435	C	188.0
110_K	0.0	5.210389383529636e-06	cluster_0_1_mixed	110	K	0.0
496_Y	0.0	5.2082145232256485e-06	cluster_0_1_mixed	496	Y	221.0
375_C	0.0	5.202994089299809e-06	cluster_0_1_mixed	375	C	141.0
694_I	0.0	5.200030355069986e-06	cluster_0_1_mixed	694	I	359.0
317_Q	0.0	5.194913615360589e-06	cluster_0_1_mixed	317	Q	107.0
440_R	0.0	5.1945926326139275e-06	cluster_0_1_mixed	440	R	190.0
428_T	0.0	5.194106393920306e-06	cluster_0_1_mixed	428	T	183.0
777_C	0.0	5.193477154733098e-06	cluster_0_1_mixed	777	C	422.0
871_M	0.0	5.1848817311559185e-06	cluster_0_1_mixed	871	M	480.0
218_H	0.0	5.180289985235619e-06	cluster_0_1_mixed	218	H	44.0
154_S	0.0	5.177926996111212e-06	cluster_0_1_mixed	154	S	0.0
802_V	0.0	5.174277354244808e-06	cluster_0_1_mixed	802	V	436.0
34_V	0.0	5.174162701261067e-06	cluster_0_1_mixed	34	V	0.0
388_N	0.0	5.168969184170902e-06	cluster_0_1_mixed	388	N	153.0
263_W	0.0	5.163020598892097e-06	cluster_0_1_mixed	263	W	81.0
403_S	0.0	5.15847875925327e-06	cluster_0_1_mixed	403	S	162.0
216_P	0.0	5.157682769901388e-06	cluster_0_1_mixed	216	P	42.0
422_Y	0.0	5.154066427924461e-06	cluster_0_1_mixed	422	Y	180.0
837_D	0.0	5.154011868909773e-06	cluster_0_1_mixed	837	D	458.0
426_M	0.0	5.1523585552913434e-06	cluster_0_1_mixed	426	M	182.0
827_H	0.0	5.151452706186738e-06	cluster_0_1_mixed	827	H	454.0
316_Q	0.0	5.149294741378789e-06	cluster_0_1_mixed	316	Q	106.0
783_L	0.0	5.149241149234993e-06	cluster_0_1_mixed	783	L	426.0
700_G	0.0	5.143877011650601e-06	cluster_0_1_mixed	700	G	365.0
370_R	0.0	5.125777433515806e-06	cluster_0_1_mixed	370	R	141.0
461_W	0.0	5.118489772075165e-06	cluster_0_1_mixed	461	W	206.0
279_N	0.0	5.115211757676137e-06	cluster_0_1_mixed	279	N	90.0
915_S	0.0	5.105697157741795e-06	cluster_0_1_mixed	915	S	502.0
352_N	0.0	5.080765385704025e-06	cluster_0_1_mixed	352	N	133.0
492_R	0.0	5.064216764757557e-06	cluster_0_1_mixed	492	R	221.0
3_Q	0.0	5.063905146656354e-06	cluster_0_1_mixed	3	Q	0.0
331_R	0.0	5.059058427348352e-06	cluster_0_1_mixed	331	R	120.0
721_A	0.0	5.05644076813316e-06	cluster_0_1_mixed	721	A	386.0
568_C	0.0	5.051983024270609e-06	cluster_0_1_mixed	568	C	253.0
514_P	0.0	5.042984872327975e-06	cluster_0_1_mixed	514	P	221.0
602_S	0.0	5.042529934144184e-06	cluster_0_1_mixed	602	S	285.0
419_M	0.0	5.042314380153255e-06	cluster_0_1_mixed	419	M	178.0
524_M	0.0	5.0400839885268665e-06	cluster_0_1_mixed	524	M	223.0
428_G	0.0	5.0352354213191435e-06	cluster_0_1_mixed	428	G	183.0
653_M	0.0	5.030255141552054e-06	cluster_0_1_mixed	653	M	335.0
415_R	0.0	5.016997096655256e-06	cluster_0_1_mixed	415	R	174.0
296_Q	0.0	5.015717090038279e-06	cluster_0_1_mixed	296	Q	96.0
181_V	0.0	5.015667906570137e-06	cluster_0_1_mixed	181	V	10.0
196_F	0.0	5.012299947927159e-06	cluster_0_1_mixed	196	F	23.0
804_N	0.0	5.006597653443857e-06	cluster_0_1_mixed	804	N	438.0
164_A	0.0	5.001218487586059e-06	cluster_0_1_mixed	164	A	0.0
225_V	0.0	5.000725337907299e-06	cluster_0_1_mixed	225	V	51.0
345_H	0.0	4.994955796599525e-06	cluster_0_1_mixed	345	H	130.0
396_V	0.0	4.988251987331925e-06	cluster_0_1_mixed	396	V	155.0
786_V	0.0	4.987621565782786e-06	cluster_0_1_mixed	786	V	427.0
209_D	0.0	4.98551238945988e-06	cluster_0_1_mixed	209	D	36.0
874_G	0.0	4.980058883115771e-06	cluster_0_1_mixed	874	G	483.0
454_R	0.0	4.978603588528422e-06	cluster_0_1_mixed	454	R	200.0
907_L	0.0	4.958765588144393e-06	cluster_0_1_mixed	907	L	496.0
390_Q	0.0	4.954634716767932e-06	cluster_0_1_mixed	390	Q	155.0
370_M	0.0	4.940543795533972e-06	cluster_0_1_mixed	370	M	141.0
865_K	0.0	4.9326533916611e-06	cluster_0_1_mixed	865	K	475.0
936_D	0.0	4.9317831439356795e-06	cluster_0_1_mixed	936	D	519.0
341_A	0.0	4.930762914945083e-06	cluster_0_1_mixed	341	A	130.0
779_L	0.0	4.924005422744552e-06	cluster_0_1_mixed	779	L	423.0
883_E	0.0	4.905047159100052e-06	cluster_0_1_mixed	883	E	492.0
923_E	0.0	4.8929280019155575e-06	cluster_0_1_mixed	923	E	506.0
211_V	0.0	4.887091860639369e-06	cluster_0_1_mixed	211	V	38.0
913_F	0.0	4.8858697887792874e-06	cluster_0_1_mixed	913	F	500.0
898_S	0.0	4.871719624060815e-06	cluster_0_1_mixed	898	S	496.0
525_W	0.0	4.86822804097272e-06	cluster_0_1_mixed	525	W	224.0
751_R	0.0	4.859229919692323e-06	cluster_0_1_mixed	751	R	413.0
875_F	0.0	4.855544262717182e-06	cluster_0_1_mixed	875	F	484.0
732_I	0.0	4.854694602207864e-06	cluster_0_1_mixed	732	I	397.0
157_N	0.0	4.853160063764322e-06	cluster_0_1_mixed	157	N	0.0
345_W	0.0	4.851766145401489e-06	cluster_0_1_mixed	345	W	130.0
646_F	0.0	4.847894171443441e-06	cluster_0_1_mixed	646	F	328.0
288_F	0.0	4.845380569645861e-06	cluster_0_1_mixed	288	F	93.0
369_R	0.0	4.835890128066122e-06	cluster_0_1_mixed	369	R	140.0
441_Q	0.0	4.834914722334524e-06	cluster_0_1_mixed	441	Q	190.0
322_L	0.0	4.834529826421971e-06	cluster_0_1_mixed	322	L	112.0
150_N	0.0	4.832035728342013e-06	cluster_0_1_mixed	150	N	0.0
815_I	0.0	4.818143773940544e-06	cluster_0_1_mixed	815	I	442.0
194_V	0.0	4.815782722683993e-06	cluster_0_1_mixed	194	V	21.0
929_Q	0.0	4.813117682120286e-06	cluster_0_1_mixed	929	Q	512.0
445_G	0.0	4.811111269018101e-06	cluster_0_1_mixed	445	G	191.0
913_G	0.0	4.8008388638297415e-06	cluster_0_1_mixed	913	G	500.0
902_L	0.0	4.796294883867714e-06	cluster_0_1_mixed	902	L	496.0
832_Q	0.0	4.788545796856176e-06	cluster_0_1_mixed	832	Q	454.0
575_H	0.0	4.781807690180655e-06	cluster_0_1_mixed	575	H	259.0
790_E	0.0	4.780709667041841e-06	cluster_0_1_mixed	790	E	428.0
320_H	0.0	4.780302650401245e-06	cluster_0_1_mixed	320	H	110.0
833_K	0.0	4.775504612067849e-06	cluster_0_1_mixed	833	K	454.0
906_Q	0.0	4.774845112282432e-06	cluster_0_1_mixed	906	Q	496.0
252_Q	0.0	4.7692354522481725e-06	cluster_0_1_mixed	252	Q	70.0
361_Q	0.0	4.768323826660899e-06	cluster_0_1_mixed	361	Q	135.0
670_K	0.0	4.766315992891895e-06	cluster_0_1_mixed	670	K	340.0
521_Y	0.0	4.763761143372558e-06	cluster_0_1_mixed	521	Y	223.0
783_I	0.0	4.754885312061096e-06	cluster_0_1_mixed	783	I	426.0
318_S	0.0	4.753876601158201e-06	cluster_0_1_mixed	318	S	108.0
495_W	0.0	4.752169713548367e-06	cluster_0_1_mixed	495	W	221.0
567_F	0.0	4.744769843745622e-06	cluster_0_1_mixed	567	F	252.0
726_P	0.0	4.744442683049706e-06	cluster_0_1_mixed	726	P	391.0
308_Y	0.0	4.7402820360806805e-06	cluster_0_1_mixed	308	Y	102.0
635_H	0.0	4.739765191104224e-06	cluster_0_1_mixed	635	H	317.0
853_C	0.0	4.7334996511756376e-06	cluster_0_1_mixed	853	C	468.0
217_E	0.0	4.716214804292666e-06	cluster_0_1_mixed	217	E	43.0
295_V	0.0	4.703609066129388e-06	cluster_0_1_mixed	295	V	95.0
824_V	0.0	4.695739507413749e-06	cluster_0_1_mixed	824	V	451.0
794_K	0.0	4.692081463179318e-06	cluster_0_1_mixed	794	K	429.0
776_Y	0.0	4.68089018494814e-06	cluster_0_1_mixed	776	Y	422.0
578_Q	0.0	4.673613779849253e-06	cluster_0_1_mixed	578	Q	262.0
871_W	0.0	4.660672628575978e-06	cluster_0_1_mixed	871	W	480.0
849_A	0.0	4.65864620436262e-06	cluster_0_1_mixed	849	A	467.0
776_L	0.0	4.65595750904527e-06	cluster_0_1_mixed	776	L	422.0
794_L	0.0	4.651206939093289e-06	cluster_0_1_mixed	794	L	429.0
465_E	0.0	4.643908281970685e-06	cluster_0_1_mixed	465	E	208.0
616_T	0.0	4.639692844843961e-06	cluster_0_1_mixed	616	T	299.0
850_P	0.0	4.632958363477716e-06	cluster_0_1_mixed	850	P	467.0
382_F	0.0	4.630888461790228e-06	cluster_0_1_mixed	382	F	147.0
934_A	0.0	4.628004130825565e-06	cluster_0_1_mixed	934	A	517.0
228_F	0.0	4.623296360021471e-06	cluster_0_1_mixed	228	F	54.0
385_Q	0.0	4.622895266141612e-06	cluster_0_1_mixed	385	Q	150.0
591_V	0.0	4.620256641512118e-06	cluster_0_1_mixed	591	V	274.0
547_C	0.0	4.620008995703196e-06	cluster_0_1_mixed	547	C	241.0
486_R	0.0	4.615831520665078e-06	cluster_0_1_mixed	486	R	221.0
572_K	0.0	4.612737601361279e-06	cluster_0_1_mixed	572	K	256.0
211_N	0.0	4.611824518391772e-06	cluster_0_1_mixed	211	N	38.0
839_T	0.0	4.6074518200109814e-06	cluster_0_1_mixed	839	T	460.0
627_S	0.0	4.599156663488868e-06	cluster_0_1_mixed	627	S	309.0
323_Q	0.0	4.598902093657827e-06	cluster_0_1_mixed	323	Q	113.0
832_R	0.0	4.59625099773719e-06	cluster_0_1_mixed	832	R	454.0
882_L	0.0	4.595150591932025e-06	cluster_0_1_mixed	882	L	491.0
626_S	0.0	4.592565734216686e-06	cluster_0_1_mixed	626	S	309.0
472_M	0.0	4.586343279204747e-06	cluster_0_1_mixed	472	M	215.0
472_D	0.0	4.5766365089616766e-06	cluster_0_1_mixed	472	D	215.0
655_K	0.0	4.572957659162815e-06	cluster_0_1_mixed	655	K	337.0
860_M	0.0	4.5710687462921544e-06	cluster_0_1_mixed	860	M	475.0
439_V	0.0	4.5638593466936075e-06	cluster_0_1_mixed	439	V	190.0
693_C	0.0	4.557400372281471e-06	cluster_0_1_mixed	693	C	358.0
72_R	0.0	4.549187129357569e-06	cluster_0_1_mixed	72	R	0.0
341_F	0.0	4.538266754054839e-06	cluster_0_1_mixed	341	F	130.0
713_H	0.0	4.536254924055661e-06	cluster_0_1_mixed	713	H	378.0
883_D	0.0	4.534386675293513e-06	cluster_0_1_mixed	883	D	492.0
517_W	0.0	4.5281590106332735e-06	cluster_0_1_mixed	517	W	223.0
581_S	0.0	4.527443427510303e-06	cluster_0_1_mixed	581	S	265.0
358_R	0.0	4.5171166324039395e-06	cluster_0_1_mixed	358	R	134.0
752_V	0.0	4.513807583915623e-06	cluster_0_1_mixed	752	V	413.0
912_D	0.0	4.510927511609266e-06	cluster_0_1_mixed	912	D	499.0
196_G	0.0	4.508329960052366e-06	cluster_0_1_mixed	196	G	23.0
513_Y	0.0	4.507662296587937e-06	cluster_0_1_mixed	513	Y	221.0
440_W	0.0	4.505705720455199e-06	cluster_0_1_mixed	440	W	190.0
167_Y	0.0	4.505251694783199e-06	cluster_0_1_mixed	167	Y	0.0
944_A	0.0	4.502409814241826e-06	cluster_0_1_mixed	944	A	524.0
786_D	0.0	4.491526011039118e-06	cluster_0_1_mixed	786	D	427.0
865_V	0.0	4.490911596083349e-06	cluster_0_1_mixed	865	V	475.0
281_E	0.0	4.489766337113717e-06	cluster_0_1_mixed	281	E	92.0
521_W	0.0	4.48238645967725e-06	cluster_0_1_mixed	521	W	223.0
382_T	0.0	4.480569473688378e-06	cluster_0_1_mixed	382	T	147.0
287_G	0.0	4.459954515735588e-06	cluster_0_1_mixed	287	G	93.0
415_W	0.0	4.445995047254144e-06	cluster_0_1_mixed	415	W	174.0
644_F	0.0	4.4308443264576435e-06	cluster_0_1_mixed	644	F	326.0
895_Y	0.0	4.42380230970933e-06	cluster_0_1_mixed	895	Y	496.0
416_P	0.0	4.420522625075535e-06	cluster_0_1_mixed	416	P	175.0
913_V	0.0	4.414577066490248e-06	cluster_0_1_mixed	913	V	500.0
138_L	0.0	4.408656992663078e-06	cluster_0_1_mixed	138	L	0.0
819_G	0.0	4.407962805385035e-06	cluster_0_1_mixed	819	G	446.0
578_M	0.0	4.407244448306805e-06	cluster_0_1_mixed	578	M	262.0
336_I	0.0	4.387353211451119e-06	cluster_0_1_mixed	336	I	125.0
367_M	0.0	4.38410694530531e-06	cluster_0_1_mixed	367	M	139.0
491_Q	0.0	4.381644721576759e-06	cluster_0_1_mixed	491	Q	221.0
517_Q	0.0	4.374834371923475e-06	cluster_0_1_mixed	517	Q	223.0
942_A	0.0	4.373424791916877e-06	cluster_0_1_mixed	942	A	524.0
549_M	0.0	4.365532369320541e-06	cluster_0_1_mixed	549	M	242.0
513_S	0.0	4.363499488869982e-06	cluster_0_1_mixed	513	S	221.0
857_Y	0.0	4.363372070516415e-06	cluster_0_1_mixed	857	Y	472.0
751_Q	0.0	4.360828079465752e-06	cluster_0_1_mixed	751	Q	413.0
792_H	0.0	4.3573343071170665e-06	cluster_0_1_mixed	792	H	428.0
443_I	0.0	4.337198629381282e-06	cluster_0_1_mixed	443	I	190.0
379_A	0.0	4.334701243262734e-06	cluster_0_1_mixed	379	A	144.0
595_A	0.0	4.324311036568836e-06	cluster_0_1_mixed	595	A	278.0
674_L	0.0	4.324085400991368e-06	cluster_0_1_mixed	674	L	343.0
522_I	0.0	4.289904755978657e-06	cluster_0_1_mixed	522	I	223.0
175_V	0.0	4.284375732718207e-06	cluster_0_1_mixed	175	V	4.0
678_N	0.0	4.281023695199764e-06	cluster_0_1_mixed	678	N	347.0
349_G	0.0	4.280535416158574e-06	cluster_0_1_mixed	349	G	131.0
621_X	0.0	4.274075976736178e-06	cluster_0_1_mixed	621	X	304.0
332_Q	0.0	4.272706357536659e-06	cluster_0_1_mixed	332	Q	121.0
883_H	0.0	4.271159205124383e-06	cluster_0_1_mixed	883	H	492.0
122_W	0.0	4.269210183529912e-06	cluster_0_1_mixed	122	W	0.0
440_T	0.0	4.256401198019843e-06	cluster_0_1_mixed	440	T	190.0
382_D	0.0	4.253154182767906e-06	cluster_0_1_mixed	382	D	147.0
523_M	0.0	4.251462819007165e-06	cluster_0_1_mixed	523	M	223.0
887_L	0.0	4.247175675243341e-06	cluster_0_1_mixed	887	L	496.0
630_M	0.0	4.239133184264164e-06	cluster_0_1_mixed	630	M	312.0
853_N	0.0	4.236507177015833e-06	cluster_0_1_mixed	853	N	468.0
785_Q	0.0	4.233562212439842e-06	cluster_0_1_mixed	785	Q	427.0
214_Y	0.0	4.2309559373475465e-06	cluster_0_1_mixed	214	Y	40.0
869_W	0.0	4.2281180493241425e-06	cluster_0_1_mixed	869	W	478.0
325_E	0.0	4.22340172141535e-06	cluster_0_1_mixed	325	E	115.0
401_L	0.0	4.222031900359355e-06	cluster_0_1_mixed	401	L	160.0
744_M	0.0	4.221863888513719e-06	cluster_0_1_mixed	744	M	409.0
335_F	0.0	4.219159981003872e-06	cluster_0_1_mixed	335	F	124.0
201_H	0.0	4.214962301209987e-06	cluster_0_1_mixed	201	H	28.0
315_H	0.0	4.210521062770335e-06	cluster_0_1_mixed	315	H	105.0
420_Q	0.0	4.209164284498491e-06	cluster_0_1_mixed	420	Q	179.0
188_E	0.0	4.208767221084813e-06	cluster_0_1_mixed	188	E	15.0
725_F	0.0	4.204157568172505e-06	cluster_0_1_mixed	725	F	390.0
387_V	0.0	4.203845027900138e-06	cluster_0_1_mixed	387	V	152.0
885_V	0.0	4.200435313223411e-06	cluster_0_1_mixed	885	V	494.0
311_S	0.0	4.196305737063973e-06	cluster_0_1_mixed	311	S	102.0
679_Y	0.0	4.188799720725373e-06	cluster_0_1_mixed	679	Y	348.0
858_K	0.0	4.175898129558657e-06	cluster_0_1_mixed	858	K	473.0
358_N	0.0	4.172883448226751e-06	cluster_0_1_mixed	358	N	134.0
630_A	0.0	4.162455562999967e-06	cluster_0_1_mixed	630	A	312.0
494_R	0.0	4.161134541888527e-06	cluster_0_1_mixed	494	R	221.0
415_G	0.0	4.149487236862178e-06	cluster_0_1_mixed	415	G	174.0
680_I	0.0	4.148805809624193e-06	cluster_0_1_mixed	680	I	349.0
118_M	0.0	4.140986908145422e-06	cluster_0_1_mixed	118	M	0.0
252_G	0.0	4.140211516904815e-06	cluster_0_1_mixed	252	G	70.0
94_Q	0.0	4.138344029767517e-06	cluster_0_1_mixed	94	Q	0.0
371_H	0.0	4.137039824822705e-06	cluster_0_1_mixed	371	H	141.0
592_G	0.0	4.135802827529755e-06	cluster_0_1_mixed	592	G	275.0
380_G	0.0	4.134298324160751e-06	cluster_0_1_mixed	380	G	145.0
849_G	0.0	4.13248243125762e-06	cluster_0_1_mixed	849	G	467.0
854_D	0.0	4.1270584104950666e-06	cluster_0_1_mixed	854	D	469.0
823_S	0.0	4.125652236835038e-06	cluster_0_1_mixed	823	S	450.0
335_K	0.0	4.122281790127638e-06	cluster_0_1_mixed	335	K	124.0
396_E	0.0	4.119486543166435e-06	cluster_0_1_mixed	396	E	155.0
764_N	0.0	4.119092507462345e-06	cluster_0_1_mixed	764	N	413.0
778_N	0.0	4.118700734149822e-06	cluster_0_1_mixed	778	N	422.0
434_R	0.0	4.114697133761965e-06	cluster_0_1_mixed	434	R	187.0
182_T	0.0	4.1104567261582366e-06	cluster_0_1_mixed	182	T	11.0
785_T	0.0	4.10610773128728e-06	cluster_0_1_mixed	785	T	427.0
245_K	0.0	4.102703834475187e-06	cluster_0_1_mixed	245	K	64.0
925_D	0.0	4.098235239086371e-06	cluster_0_1_mixed	925	D	508.0
400_K	0.0	4.0942816379610395e-06	cluster_0_1_mixed	400	K	159.0
626_Q	0.0	4.091460741848227e-06	cluster_0_1_mixed	626	Q	309.0
363_A	0.0	4.088753150100305e-06	cluster_0_1_mixed	363	A	137.0
723_R	0.0	4.080931205709172e-06	cluster_0_1_mixed	723	R	388.0
439_T	0.0	4.069296642063791e-06	cluster_0_1_mixed	439	T	190.0
420_R	0.0	4.067200881478882e-06	cluster_0_1_mixed	420	R	179.0
351_K	0.0	4.050924068995844e-06	cluster_0_1_mixed	351	K	132.0
314_N	0.0	4.049614003495411e-06	cluster_0_1_mixed	314	N	104.0
338_Y	0.0	4.040970852439261e-06	cluster_0_1_mixed	338	Y	127.0
382_L	0.0	4.039571879011852e-06	cluster_0_1_mixed	382	L	147.0
760_P	0.0	4.034080699691872e-06	cluster_0_1_mixed	760	P	413.0
258_D	0.0	4.023334181569081e-06	cluster_0_1_mixed	258	D	76.0
835_L	0.0	4.022382400203347e-06	cluster_0_1_mixed	835	L	456.0
251_Q	0.0	4.020341669265681e-06	cluster_0_1_mixed	251	Q	69.0
311_P	0.0	4.018804306013335e-06	cluster_0_1_mixed	311	P	102.0
442_K	0.0	4.010747426812498e-06	cluster_0_1_mixed	442	K	190.0
755_M	0.0	4.010361952407568e-06	cluster_0_1_mixed	755	M	413.0
258_P	0.0	3.9976638963712e-06	cluster_0_1_mixed	258	P	76.0
150_S	0.0	3.996973421900529e-06	cluster_0_1_mixed	150	S	0.0
780_M	0.0	3.993388101418843e-06	cluster_0_1_mixed	780	M	424.0
266_W	0.0	3.992513733229238e-06	cluster_0_1_mixed	266	W	84.0
380_R	0.0	3.990161977411392e-06	cluster_0_1_mixed	380	R	145.0
188_F	0.0	3.9795279358222335e-06	cluster_0_1_mixed	188	F	15.0
581_N	0.0	3.974389673793663e-06	cluster_0_1_mixed	581	N	265.0
533_W	0.0	3.973305318766279e-06	cluster_0_1_mixed	533	W	231.0
492_P	0.0	3.963326805928449e-06	cluster_0_1_mixed	492	P	221.0
367_Q	0.0	3.959880569426324e-06	cluster_0_1_mixed	367	Q	139.0
896_C	0.0	3.941099665165319e-06	cluster_0_1_mixed	896	C	496.0
930_S	0.0	3.9397724879449176e-06	cluster_0_1_mixed	930	S	513.0
579_H	0.0	3.93916242655254e-06	cluster_0_1_mixed	579	H	263.0
337_D	0.0	3.936826173116516e-06	cluster_0_1_mixed	337	D	126.0
457_T	0.0	3.936280694149955e-06	cluster_0_1_mixed	457	T	203.0
246_Y	0.0	3.933778372080433e-06	cluster_0_1_mixed	246	Y	64.0
394_C	0.0	3.931680282351157e-06	cluster_0_1_mixed	394	C	155.0
324_I	0.0	3.925832307503631e-06	cluster_0_1_mixed	324	I	114.0
183_D	0.0	3.915708226922433e-06	cluster_0_1_mixed	183	D	12.0
406_T	0.0	3.915308341967507e-06	cluster_0_1_mixed	406	T	165.0
519_W	0.0	3.9112189120376395e-06	cluster_0_1_mixed	519	W	223.0
843_P	0.0	3.910673796472342e-06	cluster_0_1_mixed	843	P	464.0
338_F	0.0	3.909457584884571e-06	cluster_0_1_mixed	338	F	127.0
266_M	0.0	3.907683614316729e-06	cluster_0_1_mixed	266	M	84.0
432_V	0.0	3.904580523162857e-06	cluster_0_1_mixed	432	V	185.0
831_G	0.0	3.892632759091228e-06	cluster_0_1_mixed	831	G	454.0
882_C	0.0	3.889754557955569e-06	cluster_0_1_mixed	882	C	491.0
912_I	0.0	3.887519701134068e-06	cluster_0_1_mixed	912	I	499.0
894_D	0.0	3.885643165329596e-06	cluster_0_1_mixed	894	D	496.0
589_H	0.0	3.885374992588892e-06	cluster_0_1_mixed	589	H	272.0
360_I	0.0	3.884361796179474e-06	cluster_0_1_mixed	360	I	134.0
381_C	0.0	3.883191239752125e-06	cluster_0_1_mixed	381	C	146.0
458_Y	0.0	3.878161160417012e-06	cluster_0_1_mixed	458	Y	204.0
314_Y	0.0	3.864665088768193e-06	cluster_0_1_mixed	314	Y	104.0
932_N	0.0	3.863077650709025e-06	cluster_0_1_mixed	932	N	515.0
363_C	0.0	3.857160226507389e-06	cluster_0_1_mixed	363	C	137.0
223_Q	0.0	3.856046416134276e-06	cluster_0_1_mixed	223	Q	49.0
38_T	0.0	3.855497995668434e-06	cluster_0_1_mixed	38	T	0.0
815_S	0.0	3.854027282077627e-06	cluster_0_1_mixed	815	S	442.0
391_S	0.0	3.84964673043873e-06	cluster_0_1_mixed	391	S	155.0
845_S	0.0	3.833039707015809e-06	cluster_0_1_mixed	845	S	466.0
586_I	0.0	3.829206919855923e-06	cluster_0_1_mixed	586	I	270.0
916_I	0.0	3.82395418850399e-06	cluster_0_1_mixed	916	I	502.0
342_V	0.0	3.808137949096934e-06	cluster_0_1_mixed	342	V	130.0
865_L	0.0	3.806043982655067e-06	cluster_0_1_mixed	865	L	475.0
390_V	0.0	3.801696033882884e-06	cluster_0_1_mixed	390	V	155.0
241_G	0.0	3.798492466637227e-06	cluster_0_1_mixed	241	G	60.0
633_R	0.0	3.7980668780933215e-06	cluster_0_1_mixed	633	R	315.0
652_L	0.0	3.795230804555294e-06	cluster_0_1_mixed	652	L	334.0
177_H	0.0	3.794980134112033e-06	cluster_0_1_mixed	177	H	6.0
410_F	0.0	3.790398892639449e-06	cluster_0_1_mixed	410	F	169.0
464_V	0.0	3.786712143864852e-06	cluster_0_1_mixed	464	V	207.0
628_S	0.0	3.779319226224323e-06	cluster_0_1_mixed	628	S	310.0
937_S	0.0	3.775861174774118e-06	cluster_0_1_mixed	937	S	520.0
469_F	0.0	3.771029481801749e-06	cluster_0_1_mixed	469	F	212.0
411_Y	0.0	3.770007826662333e-06	cluster_0_1_mixed	411	Y	170.0
258_A	0.0	3.767657277731605e-06	cluster_0_1_mixed	258	A	76.0
514_L	0.0	3.762147761500738e-06	cluster_0_1_mixed	514	L	221.0
200_L	0.0	3.7594772665367937e-06	cluster_0_1_mixed	200	L	27.0
355_C	0.0	3.758368891006428e-06	cluster_0_1_mixed	355	C	134.0
220_S	0.0	3.758311425588133e-06	cluster_0_1_mixed	220	S	46.0
878_E	0.0	3.743596179027936e-06	cluster_0_1_mixed	878	E	487.0
464_L	0.0	3.7371841182182306e-06	cluster_0_1_mixed	464	L	207.0
887_D	0.0	3.7341270244486345e-06	cluster_0_1_mixed	887	D	496.0
932_R	0.0	3.733530999883064e-06	cluster_0_1_mixed	932	R	515.0
175_I	0.0	3.7316843151073696e-06	cluster_0_1_mixed	175	I	4.0
566_R	0.0	3.731409164747048e-06	cluster_0_1_mixed	566	R	251.0
430_F	0.0	3.7290461415259873e-06	cluster_0_1_mixed	430	F	183.0
914_Y	0.0	3.7283152489683143e-06	cluster_0_1_mixed	914	Y	501.0
403_T	0.0	3.7214226909403946e-06	cluster_0_1_mixed	403	T	162.0
166_S	0.0	3.718593278042457e-06	cluster_0_1_mixed	166	S	0.0
585_N	0.0	3.716625858587296e-06	cluster_0_1_mixed	585	N	269.0
817_C	0.0	3.715979479194642e-06	cluster_0_1_mixed	817	C	444.0
268_N	0.0	3.713135414023435e-06	cluster_0_1_mixed	268	N	86.0
357_F	0.0	3.711128694997641e-06	cluster_0_1_mixed	357	F	134.0
338_M	0.0	3.7074109933334377e-06	cluster_0_1_mixed	338	M	127.0
909_N	0.0	3.706878200576415e-06	cluster_0_1_mixed	909	N	496.0
566_M	0.0	3.705138326192169e-06	cluster_0_1_mixed	566	M	251.0
732_Q	0.0	3.703785545895307e-06	cluster_0_1_mixed	732	Q	397.0
605_X	0.0	3.6994224782212913e-06	cluster_0_1_mixed	605	X	288.0
821_N	0.0	3.699419204037964e-06	cluster_0_1_mixed	821	N	448.0
417_H	0.0	3.699361198004627e-06	cluster_0_1_mixed	417	H	176.0
448_G	0.0	3.693264225913731e-06	cluster_0_1_mixed	448	G	194.0
571_P	0.0	3.691686935185328e-06	cluster_0_1_mixed	571	P	255.0
258_S	0.0	3.68709618289164e-06	cluster_0_1_mixed	258	S	76.0
914_H	0.0	3.6864333363599888e-06	cluster_0_1_mixed	914	H	501.0
355_T	0.0	3.683329912489422e-06	cluster_0_1_mixed	355	T	134.0
248_Y	0.0	3.67934460798913e-06	cluster_0_1_mixed	248	Y	66.0
439_G	0.0	3.671604960829091e-06	cluster_0_1_mixed	439	G	190.0
296_R	0.0	3.65771614912874e-06	cluster_0_1_mixed	296	R	96.0
356_K	0.0	3.654630643029944e-06	cluster_0_1_mixed	356	K	134.0
844_F	0.0	3.653780075904601e-06	cluster_0_1_mixed	844	F	465.0
742_H	0.0	3.652299538293675e-06	cluster_0_1_mixed	742	H	407.0
531_W	0.0	3.64830843641684e-06	cluster_0_1_mixed	531	W	230.0
758_T	0.0	3.645355929595111e-06	cluster_0_1_mixed	758	T	413.0
922_Q	0.0	3.6388506122327024e-06	cluster_0_1_mixed	922	Q	505.0
653_P	0.0	3.6309090593918368e-06	cluster_0_1_mixed	653	P	335.0
700_N	0.0	3.626551750850003e-06	cluster_0_1_mixed	700	N	365.0
929_F	0.0	3.626106851595554e-06	cluster_0_1_mixed	929	F	512.0
690_R	0.0	3.620542263335925e-06	cluster_0_1_mixed	690	R	357.0
716_Q	0.0	3.6115198182085617e-06	cluster_0_1_mixed	716	Q	381.0
238_N	0.0	3.6060517341919352e-06	cluster_0_1_mixed	238	N	57.0
324_E	0.0	3.5968972912456195e-06	cluster_0_1_mixed	324	E	114.0
484_H	0.0	3.5914532639909043e-06	cluster_0_1_mixed	484	H	221.0
423_R	0.0	3.5897663611138588e-06	cluster_0_1_mixed	423	R	180.0
155_A	0.0	3.5794038647172616e-06	cluster_0_1_mixed	155	A	0.0
428_H	0.0	3.56947879819933e-06	cluster_0_1_mixed	428	H	183.0
387_N	0.0	3.5653939653938705e-06	cluster_0_1_mixed	387	N	152.0
687_F	0.0	3.56382526169254e-06	cluster_0_1_mixed	687	F	356.0
574_K	0.0	3.563495850071568e-06	cluster_0_1_mixed	574	K	258.0
595_V	0.0	3.556473762102469e-06	cluster_0_1_mixed	595	V	278.0
417_K	0.0	3.5557394451974823e-06	cluster_0_1_mixed	417	K	176.0
459_S	0.0	3.554813887159346e-06	cluster_0_1_mixed	459	S	205.0
683_Y	0.0	3.554797152363654e-06	cluster_0_1_mixed	683	Y	352.0
882_G	0.0	3.5534914316747823e-06	cluster_0_1_mixed	882	G	491.0
475_M	0.0	3.5495531713858616e-06	cluster_0_1_mixed	475	M	218.0
548_M	0.0	3.546367890385973e-06	cluster_0_1_mixed	548	M	242.0
418_F	0.0	3.544607322715529e-06	cluster_0_1_mixed	418	F	177.0
346_P	0.0	3.543926582457784e-06	cluster_0_1_mixed	346	P	130.0
90_V	0.0	3.542322010357101e-06	cluster_0_1_mixed	90	V	0.0
644_H	0.0	3.5371687293474277e-06	cluster_0_1_mixed	644	H	326.0
821_R	0.0	3.509495167067977e-06	cluster_0_1_mixed	821	R	448.0
126_N	0.0	3.505088393036962e-06	cluster_0_1_mixed	126	N	0.0
353_M	0.0	3.5045636898992434e-06	cluster_0_1_mixed	353	M	134.0
549_E	0.0	3.496034410718473e-06	cluster_0_1_mixed	549	E	242.0
774_P	0.0	3.4939071675759582e-06	cluster_0_1_mixed	774	P	421.0
570_I	0.0	3.491005183887441e-06	cluster_0_1_mixed	570	I	254.0
895_L	0.0	3.4894489710269618e-06	cluster_0_1_mixed	895	L	496.0
898_Q	0.0	3.4821363449025803e-06	cluster_0_1_mixed	898	Q	496.0
901_P	0.0	3.481453298850212e-06	cluster_0_1_mixed	901	P	496.0
116_M	0.0	3.481029173687142e-06	cluster_0_1_mixed	116	M	0.0
325_N	0.0	3.479861380311377e-06	cluster_0_1_mixed	325	N	115.0
825_Q	0.0	3.4796529101605847e-06	cluster_0_1_mixed	825	Q	452.0
540_F	0.0	3.468970017772483e-06	cluster_0_1_mixed	540	F	234.0
788_K	0.0	3.468330418803968e-06	cluster_0_1_mixed	788	K	427.0
513_G	0.0	3.467752108186416e-06	cluster_0_1_mixed	513	G	221.0
724_T	0.0	3.4587607204173794e-06	cluster_0_1_mixed	724	T	389.0
823_F	0.0	3.4542880708385663e-06	cluster_0_1_mixed	823	F	450.0
917_M	0.0	3.45007315651525e-06	cluster_0_1_mixed	917	M	502.0
718_A	0.0	3.449813471411357e-06	cluster_0_1_mixed	718	A	383.0
214_A	0.0	3.4486639181728492e-06	cluster_0_1_mixed	214	A	40.0
177_V	0.0	3.443440857906207e-06	cluster_0_1_mixed	177	V	6.0
401_V	0.0	3.442869679127418e-06	cluster_0_1_mixed	401	V	160.0
666_I	0.0	3.440291827640526e-06	cluster_0_1_mixed	666	I	339.0
903_F	0.0	3.431100605346768e-06	cluster_0_1_mixed	903	F	496.0
268_G	0.0	3.427595092868818e-06	cluster_0_1_mixed	268	G	86.0
440_K	0.0	3.427219623275332e-06	cluster_0_1_mixed	440	K	190.0
783_H	0.0	3.42048106102632e-06	cluster_0_1_mixed	783	H	426.0
838_F	0.0	3.4127185888165766e-06	cluster_0_1_mixed	838	F	459.0
541_M	0.0	3.409858702752381e-06	cluster_0_1_mixed	541	M	235.0
422_R	0.0	3.40620778612963e-06	cluster_0_1_mixed	422	R	180.0
158_L	0.0	3.402818393201571e-06	cluster_0_1_mixed	158	L	0.0
328_A	0.0	3.400942684285449e-06	cluster_0_1_mixed	328	A	118.0
582_P	0.0	3.3991865044381597e-06	cluster_0_1_mixed	582	P	266.0
194_K	0.0	3.3962131478974743e-06	cluster_0_1_mixed	194	K	21.0
359_E	0.0	3.3947233669053445e-06	cluster_0_1_mixed	359	E	134.0
746_Y	0.0	3.3941139416050427e-06	cluster_0_1_mixed	746	Y	411.0
660_E	0.0	3.3902307469205805e-06	cluster_0_1_mixed	660	E	339.0
872_A	0.0	3.386450583131541e-06	cluster_0_1_mixed	872	A	481.0
439_R	0.0	3.367177775330925e-06	cluster_0_1_mixed	439	R	190.0
931_T	0.0	3.3624827989851837e-06	cluster_0_1_mixed	931	T	514.0
631_L	0.0	3.3586289318068077e-06	cluster_0_1_mixed	631	L	313.0
461_E	0.0	3.3565523054510195e-06	cluster_0_1_mixed	461	E	206.0
331_F	0.0	3.345587413286838e-06	cluster_0_1_mixed	331	F	120.0
527_K	0.0	3.34412046176247e-06	cluster_0_1_mixed	527	K	226.0
879_Q	0.0	3.3394985388620804e-06	cluster_0_1_mixed	879	Q	488.0
628_L	0.0	3.338177724593667e-06	cluster_0_1_mixed	628	L	310.0
223_E	0.0	3.3369614840911763e-06	cluster_0_1_mixed	223	E	49.0
377_W	0.0	3.3328365161017824e-06	cluster_0_1_mixed	377	W	142.0
552_W	0.0	3.329411456122497e-06	cluster_0_1_mixed	552	W	242.0
680_L	0.0	3.3257566891484488e-06	cluster_0_1_mixed	680	L	349.0
654_N	0.0	3.325362758579011e-06	cluster_0_1_mixed	654	N	336.0
265_K	0.0	3.319884919896507e-06	cluster_0_1_mixed	265	K	83.0
550_H	0.0	3.3155516734944843e-06	cluster_0_1_mixed	550	H	242.0
362_F	0.0	3.313415976097372e-06	cluster_0_1_mixed	362	F	136.0
890_F	0.0	3.311767481184758e-06	cluster_0_1_mixed	890	F	496.0
906_M	0.0	3.301776342218862e-06	cluster_0_1_mixed	906	M	496.0
739_R	0.0	3.3002393805410257e-06	cluster_0_1_mixed	739	R	404.0
747_R	0.0	3.2992511060692523e-06	cluster_0_1_mixed	747	R	412.0
417_F	0.0	3.2992393809819084e-06	cluster_0_1_mixed	417	F	176.0
264_E	0.0	3.297915650817758e-06	cluster_0_1_mixed	264	E	82.0
917_I	0.0	3.2974710899038043e-06	cluster_0_1_mixed	917	I	502.0
331_K	0.0	3.292321540500541e-06	cluster_0_1_mixed	331	K	120.0
190_L	0.0	3.2882915416189846e-06	cluster_0_1_mixed	190	L	17.0
908_M	0.0	3.285207203199326e-06	cluster_0_1_mixed	908	M	496.0
326_Q	0.0	3.2785529531437734e-06	cluster_0_1_mixed	326	Q	116.0
244_F	0.0	3.273918423706855e-06	cluster_0_1_mixed	244	F	63.0
293_D	0.0	3.270723822433541e-06	cluster_0_1_mixed	293	D	93.0
218_A	0.0	3.2672261484249143e-06	cluster_0_1_mixed	218	A	44.0
176_L	0.0	3.2596668090989848e-06	cluster_0_1_mixed	176	L	5.0
350_V	0.0	3.2592188401133925e-06	cluster_0_1_mixed	350	V	131.0
516_E	0.0	3.25909955007326e-06	cluster_0_1_mixed	516	E	222.0
748_I	0.0	3.253286450881193e-06	cluster_0_1_mixed	748	I	413.0
487_M	0.0	3.2522435785532386e-06	cluster_0_1_mixed	487	M	221.0
239_E	0.0	3.2508849017602246e-06	cluster_0_1_mixed	239	E	58.0
343_I	0.0	3.244243593046362e-06	cluster_0_1_mixed	343	I	130.0
316_M	0.0	3.2409691499534e-06	cluster_0_1_mixed	316	M	106.0
877_V	0.0	3.2369693915528297e-06	cluster_0_1_mixed	877	V	486.0
530_W	0.0	3.2287188864363175e-06	cluster_0_1_mixed	530	W	229.0
203_T	0.0	3.228487554888325e-06	cluster_0_1_mixed	203	T	30.0
758_G	0.0	3.2240578939165818e-06	cluster_0_1_mixed	758	G	413.0
775_E	0.0	3.2179873323421816e-06	cluster_0_1_mixed	775	E	422.0
151_S	0.0	3.213185399972368e-06	cluster_0_1_mixed	151	S	0.0
601_A	0.0	3.211633107865178e-06	cluster_0_1_mixed	601	A	284.0
683_N	0.0	3.2113815098223432e-06	cluster_0_1_mixed	683	N	352.0
909_C	0.0	3.206403872996613e-06	cluster_0_1_mixed	909	C	496.0
698_T	0.0	3.204584451550968e-06	cluster_0_1_mixed	698	T	363.0
296_K	0.0	3.200477211958514e-06	cluster_0_1_mixed	296	K	96.0
891_L	0.0	3.1984500549548537e-06	cluster_0_1_mixed	891	L	496.0
206_H	0.0	3.1956429775160005e-06	cluster_0_1_mixed	206	H	33.0
873_L	0.0	3.1956004472598587e-06	cluster_0_1_mixed	873	L	482.0
439_S	0.0	3.1942320990642885e-06	cluster_0_1_mixed	439	S	190.0
718_K	0.0	3.194002862716609e-06	cluster_0_1_mixed	718	K	383.0
672_I	0.0	3.1861868345939403e-06	cluster_0_1_mixed	672	I	341.0
166_M	0.0	3.1783011989463336e-06	cluster_0_1_mixed	166	M	0.0
500_S	0.0	3.1780089106006317e-06	cluster_0_1_mixed	500	S	221.0
848_W	0.0	3.1745056596848093e-06	cluster_0_1_mixed	848	W	467.0
389_V	0.0	3.1722533671101423e-06	cluster_0_1_mixed	389	V	154.0
464_N	0.0	3.1709284359608216e-06	cluster_0_1_mixed	464	N	207.0
843_I	0.0	3.1688286759479137e-06	cluster_0_1_mixed	843	I	464.0
217_T	0.0	3.162072596078958e-06	cluster_0_1_mixed	217	T	43.0
515_D	0.0	3.159722645405654e-06	cluster_0_1_mixed	515	D	221.0
873_I	0.0	3.159316592365081e-06	cluster_0_1_mixed	873	I	482.0
409_C	0.0	3.158799204010078e-06	cluster_0_1_mixed	409	C	168.0
442_E	0.0	3.153272878380111e-06	cluster_0_1_mixed	442	E	190.0
365_G	0.0	3.13924444551211e-06	cluster_0_1_mixed	365	G	139.0
167_S	0.0	3.1380759625856457e-06	cluster_0_1_mixed	167	S	0.0
376_F	0.0	3.1371574461078178e-06	cluster_0_1_mixed	376	F	141.0
201_Y	0.0	3.1370694973427407e-06	cluster_0_1_mixed	201	Y	28.0
935_R	0.0	3.135987488188817e-06	cluster_0_1_mixed	935	R	518.0
726_A	0.0	3.1287668210763044e-06	cluster_0_1_mixed	726	A	391.0
556_W	0.0	3.128408437509423e-06	cluster_0_1_mixed	556	W	244.0
145_H	0.0	3.1273234065835147e-06	cluster_0_1_mixed	145	H	0.0
412_N	0.0	3.1263859376943946e-06	cluster_0_1_mixed	412	N	171.0
602_T	0.0	3.1215303618199406e-06	cluster_0_1_mixed	602	T	285.0
905_F	0.0	3.1155816439446563e-06	cluster_0_1_mixed	905	F	496.0
503_D	0.0	3.11059749066733e-06	cluster_0_1_mixed	503	D	221.0
245_E	0.0	3.106307697090755e-06	cluster_0_1_mixed	245	E	64.0
585_S	0.0	3.1037635786236835e-06	cluster_0_1_mixed	585	S	269.0
263_C	0.0	3.0994644002615106e-06	cluster_0_1_mixed	263	C	81.0
385_E	0.0	3.0927670316733164e-06	cluster_0_1_mixed	385	E	150.0
872_F	0.0	3.0874861127651788e-06	cluster_0_1_mixed	872	F	481.0
871_C	0.0	3.0862693832829065e-06	cluster_0_1_mixed	871	C	480.0
209_Q	0.0	3.077601332796916e-06	cluster_0_1_mixed	209	Q	36.0
437_E	0.0	3.075468850236611e-06	cluster_0_1_mixed	437	E	190.0
703_M	0.0	3.0695797133992386e-06	cluster_0_1_mixed	703	M	368.0
701_T	0.0	3.0685945809378243e-06	cluster_0_1_mixed	701	T	366.0
433_G	0.0	3.061205410011665e-06	cluster_0_1_mixed	433	G	186.0
286_K	0.0	3.0596091498176256e-06	cluster_0_1_mixed	286	K	93.0
218_G	0.0	3.057459489494028e-06	cluster_0_1_mixed	218	G	44.0
416_Y	0.0	3.037970169712697e-06	cluster_0_1_mixed	416	Y	175.0
180_Y	0.0	3.019160520607566e-06	cluster_0_1_mixed	180	Y	9.0
939_I	0.0	3.0131388932906182e-06	cluster_0_1_mixed	939	I	522.0
414_S	0.0	3.0116443139167584e-06	cluster_0_1_mixed	414	S	173.0
418_I	0.0	3.002666564417019e-06	cluster_0_1_mixed	418	I	177.0
753_E	0.0	2.9942597299160176e-06	cluster_0_1_mixed	753	E	413.0
676_Y	0.0	2.9791414748346903e-06	cluster_0_1_mixed	676	Y	345.0
202_D	0.0	2.9769442382897577e-06	cluster_0_1_mixed	202	D	29.0
837_M	0.0	2.97430496638188e-06	cluster_0_1_mixed	837	M	458.0
587_V	0.0	2.9673992177553045e-06	cluster_0_1_mixed	587	V	271.0
357_L	0.0	2.962933162873755e-06	cluster_0_1_mixed	357	L	134.0
691_Y	0.0	2.9612329386957037e-06	cluster_0_1_mixed	691	Y	357.0
792_P	0.0	2.9606654122594138e-06	cluster_0_1_mixed	792	P	428.0
374_M	0.0	2.9599656416831573e-06	cluster_0_1_mixed	374	M	141.0
401_S	0.0	2.958901195990634e-06	cluster_0_1_mixed	401	S	160.0
923_L	0.0	2.9511236183982413e-06	cluster_0_1_mixed	923	L	506.0
218_M	0.0	2.950746714496674e-06	cluster_0_1_mixed	218	M	44.0
798_S	0.0	2.9414974313680348e-06	cluster_0_1_mixed	798	S	432.0
255_Q	0.0	2.9389082202225233e-06	cluster_0_1_mixed	255	Q	73.0
448_F	0.0	2.929170863220811e-06	cluster_0_1_mixed	448	F	194.0
428_R	0.0	2.9269484600447372e-06	cluster_0_1_mixed	428	R	183.0
622_T	0.0	2.925891307867191e-06	cluster_0_1_mixed	622	T	305.0
392_F	0.0	2.9242508954262587e-06	cluster_0_1_mixed	392	F	155.0
676_I	0.0	2.9221701599182634e-06	cluster_0_1_mixed	676	I	345.0
477_I	0.0	2.919154421100754e-06	cluster_0_1_mixed	477	I	220.0
397_E	0.0	2.9186704344433555e-06	cluster_0_1_mixed	397	E	156.0
675_Y	0.0	2.916240760251664e-06	cluster_0_1_mixed	675	Y	344.0
413_H	0.0	2.907837929588632e-06	cluster_0_1_mixed	413	H	172.0
813_S	0.0	2.9053594292641335e-06	cluster_0_1_mixed	813	S	440.0
501_Y	0.0	2.905235419574547e-06	cluster_0_1_mixed	501	Y	221.0
63_F	0.0	2.9045810256716965e-06	cluster_0_1_mixed	63	F	0.0
586_D	0.0	2.9029130140822115e-06	cluster_0_1_mixed	586	D	270.0
659_N	0.0	2.8921628391810313e-06	cluster_0_1_mixed	659	N	339.0
915_C	0.0	2.891382062838333e-06	cluster_0_1_mixed	915	C	502.0
426_F	0.0	2.888571310843837e-06	cluster_0_1_mixed	426	F	182.0
204_Y	0.0	2.8870026655821737e-06	cluster_0_1_mixed	204	Y	31.0
467_K	0.0	2.886087192181487e-06	cluster_0_1_mixed	467	K	210.0
320_Q	0.0	2.883119209998058e-06	cluster_0_1_mixed	320	Q	110.0
797_V	0.0	2.8795219490236932e-06	cluster_0_1_mixed	797	V	431.0
278_T	0.0	2.8784957946349637e-06	cluster_0_1_mixed	278	T	89.0
929_C	0.0	2.876830050208999e-06	cluster_0_1_mixed	929	C	512.0
195_P	0.0	2.8682352812442833e-06	cluster_0_1_mixed	195	P	22.0
313_D	0.0	2.866802785313329e-06	cluster_0_1_mixed	313	D	103.0
304_S	0.0	2.8591635675009e-06	cluster_0_1_mixed	304	S	102.0
665_M	0.0	2.8583353674670577e-06	cluster_0_1_mixed	665	M	339.0
874_E	0.0	2.856508854776592e-06	cluster_0_1_mixed	874	E	483.0
227_Y	0.0	2.8549841708524672e-06	cluster_0_1_mixed	227	Y	53.0
633_G	0.0	2.842705841004142e-06	cluster_0_1_mixed	633	G	315.0
754_I	0.0	2.840519859105083e-06	cluster_0_1_mixed	754	I	413.0
793_L	0.0	2.835913057995818e-06	cluster_0_1_mixed	793	L	428.0
211_Y	0.0	2.829477184391483e-06	cluster_0_1_mixed	211	Y	38.0
117_E	0.0	2.828269164393595e-06	cluster_0_1_mixed	117	E	0.0
459_V	0.0	2.8281801525903065e-06	cluster_0_1_mixed	459	V	205.0
395_H	0.0	2.824061188800001e-06	cluster_0_1_mixed	395	H	155.0
848_V	0.0	2.8231950002688813e-06	cluster_0_1_mixed	848	V	467.0
322_E	0.0	2.8227494674485743e-06	cluster_0_1_mixed	322	E	112.0
727_V	0.0	2.8194541487885385e-06	cluster_0_1_mixed	727	V	392.0
796_R	0.0	2.8154353420499778e-06	cluster_0_1_mixed	796	R	430.0
684_N	0.0	2.8016416963708595e-06	cluster_0_1_mixed	684	N	353.0
422_M	0.0	2.794161107310943e-06	cluster_0_1_mixed	422	M	180.0
482_Y	0.0	2.7915834526267813e-06	cluster_0_1_mixed	482	Y	221.0
415_Y	0.0	2.789513120171639e-06	cluster_0_1_mixed	415	Y	174.0
905_L	0.0	2.7862998604583793e-06	cluster_0_1_mixed	905	L	496.0
799_L	0.0	2.775399278396499e-06	cluster_0_1_mixed	799	L	433.0
896_K	0.0	2.774938837065556e-06	cluster_0_1_mixed	896	K	496.0
217_F	0.0	2.76964224351106e-06	cluster_0_1_mixed	217	F	43.0
615_N	0.0	2.759854316394907e-06	cluster_0_1_mixed	615	N	298.0
323_G	0.0	2.755069924698221e-06	cluster_0_1_mixed	323	G	113.0
205_V	0.0	2.752648418901094e-06	cluster_0_1_mixed	205	V	32.0
210_I	0.0	2.7496576036611013e-06	cluster_0_1_mixed	210	I	37.0
738_E	0.0	2.7457341795145503e-06	cluster_0_1_mixed	738	E	403.0
476_E	0.0	2.743705119542068e-06	cluster_0_1_mixed	476	E	219.0
815_Q	0.0	2.734947864074407e-06	cluster_0_1_mixed	815	Q	442.0
722_H	0.0	2.7345903259818924e-06	cluster_0_1_mixed	722	H	387.0
147_L	0.0	2.7336766607406217e-06	cluster_0_1_mixed	147	L	0.0
696_Y	0.0	2.7254984806923054e-06	cluster_0_1_mixed	696	Y	361.0
788_P	0.0	2.7190027041899135e-06	cluster_0_1_mixed	788	P	427.0
882_D	0.0	2.70739899308164e-06	cluster_0_1_mixed	882	D	491.0
395_I	0.0	2.7019571425023086e-06	cluster_0_1_mixed	395	I	155.0
935_Q	0.0	2.7013886828697223e-06	cluster_0_1_mixed	935	Q	518.0
223_I	0.0	2.700597170106919e-06	cluster_0_1_mixed	223	I	49.0
253_A	0.0	2.7004579376334155e-06	cluster_0_1_mixed	253	A	71.0
213_Y	0.0	2.6996449691048067e-06	cluster_0_1_mixed	213	Y	40.0
819_D	0.0	2.6919032842076125e-06	cluster_0_1_mixed	819	D	446.0
264_S	0.0	2.6914651442184716e-06	cluster_0_1_mixed	264	S	82.0
159_Y	0.0	2.6898508229254356e-06	cluster_0_1_mixed	159	Y	0.0
267_L	0.0	2.688146189264007e-06	cluster_0_1_mixed	267	L	85.0
328_H	0.0	2.6865580263429516e-06	cluster_0_1_mixed	328	H	118.0
907_I	0.0	2.6854657515985257e-06	cluster_0_1_mixed	907	I	496.0
420_D	0.0	2.6747693092838557e-06	cluster_0_1_mixed	420	D	179.0
228_E	0.0	2.6747096968623676e-06	cluster_0_1_mixed	228	E	54.0
837_L	0.0	2.66593284874834e-06	cluster_0_1_mixed	837	L	458.0
539_H	0.0	2.664577823191215e-06	cluster_0_1_mixed	539	H	233.0
171_G	0.0	2.662879259373057e-06	cluster_0_1_mixed	171	G	0.0
310_A	0.0	2.6607996628118568e-06	cluster_0_1_mixed	310	A	102.0
801_N	0.0	2.659219447471589e-06	cluster_0_1_mixed	801	N	435.0
147_V	0.0	2.649854414279032e-06	cluster_0_1_mixed	147	V	0.0
522_H	0.0	2.648973909727941e-06	cluster_0_1_mixed	522	H	223.0
411_V	0.0	2.648239441121361e-06	cluster_0_1_mixed	411	V	170.0
256_D	0.0	2.6477055248922173e-06	cluster_0_1_mixed	256	D	74.0
770_N	0.0	2.6420470023345826e-06	cluster_0_1_mixed	770	N	417.0
604_X	0.0	2.632648919341421e-06	cluster_0_1_mixed	604	X	287.0
628_N	0.0	2.629291074105971e-06	cluster_0_1_mixed	628	N	310.0
200_D	0.0	2.628078175201675e-06	cluster_0_1_mixed	200	D	27.0
468_G	0.0	2.6171797026040967e-06	cluster_0_1_mixed	468	G	211.0
262_C	0.0	2.6159677472300753e-06	cluster_0_1_mixed	262	C	80.0
863_L	0.0	2.611281683023016e-06	cluster_0_1_mixed	863	L	475.0
358_T	0.0	2.6102720702385634e-06	cluster_0_1_mixed	358	T	134.0
632_H	0.0	2.60943854530141e-06	cluster_0_1_mixed	632	H	314.0
373_R	0.0	2.6094315443582704e-06	cluster_0_1_mixed	373	R	141.0
483_M	0.0	2.604813370295673e-06	cluster_0_1_mixed	483	M	221.0
255_N	0.0	2.5960565167920273e-06	cluster_0_1_mixed	255	N	73.0
217_L	0.0	2.5947675122392885e-06	cluster_0_1_mixed	217	L	43.0
400_S	0.0	2.5943345151192244e-06	cluster_0_1_mixed	400	S	159.0
322_G	0.0	2.5910707527454613e-06	cluster_0_1_mixed	322	G	112.0
419_V	0.0	2.590966969366991e-06	cluster_0_1_mixed	419	V	178.0
926_W	0.0	2.587506522339815e-06	cluster_0_1_mixed	926	W	509.0
461_V	0.0	2.586910570264491e-06	cluster_0_1_mixed	461	V	206.0
243_G	0.0	2.586711043281233e-06	cluster_0_1_mixed	243	G	62.0
202_G	0.0	2.5799610897344073e-06	cluster_0_1_mixed	202	G	29.0
306_T	0.0	2.5784260954936458e-06	cluster_0_1_mixed	306	T	102.0
576_M	0.0	2.577332463791442e-06	cluster_0_1_mixed	576	M	260.0
326_Y	0.0	2.573500147420809e-06	cluster_0_1_mixed	326	Y	116.0
592_L	0.0	2.562474356958374e-06	cluster_0_1_mixed	592	L	275.0
278_Y	0.0	2.55684885198909e-06	cluster_0_1_mixed	278	Y	89.0
762_L	0.0	2.555744616869738e-06	cluster_0_1_mixed	762	L	413.0
669_L	0.0	2.55454756496515e-06	cluster_0_1_mixed	669	L	340.0
438_Q	0.0	2.5518340342817353e-06	cluster_0_1_mixed	438	Q	190.0
787_N	0.0	2.5473079448137117e-06	cluster_0_1_mixed	787	N	427.0
164_G	0.0	2.543505207338771e-06	cluster_0_1_mixed	164	G	0.0
657_F	0.0	2.540806252751298e-06	cluster_0_1_mixed	657	F	339.0
175_Q	0.0	2.5381880903207946e-06	cluster_0_1_mixed	175	Q	4.0
152_A	0.0	2.5353977537667568e-06	cluster_0_1_mixed	152	A	0.0
156_G	0.0	2.5353656784270547e-06	cluster_0_1_mixed	156	G	0.0
657_N	0.0	2.531117308016947e-06	cluster_0_1_mixed	657	N	339.0
873_M	0.0	2.5267871240359506e-06	cluster_0_1_mixed	873	M	482.0
353_N	0.0	2.523569798285222e-06	cluster_0_1_mixed	353	N	134.0
920_S	0.0	2.5221362141452816e-06	cluster_0_1_mixed	920	S	503.0
604_T	0.0	2.517516392954038e-06	cluster_0_1_mixed	604	T	287.0
471_N	0.0	2.5106926177644427e-06	cluster_0_1_mixed	471	N	214.0
464_I	0.0	2.5097387667023382e-06	cluster_0_1_mixed	464	I	207.0
532_C	0.0	2.506946164540793e-06	cluster_0_1_mixed	532	C	231.0
520_M	0.0	2.5060723210642185e-06	cluster_0_1_mixed	520	M	223.0
368_K	0.0	2.5058431845391028e-06	cluster_0_1_mixed	368	K	139.0
351_L	0.0	2.503083014890271e-06	cluster_0_1_mixed	351	L	132.0
737_P	0.0	2.4699019789375774e-06	cluster_0_1_mixed	737	P	402.0
931_C	0.0	2.4655748843816948e-06	cluster_0_1_mixed	931	C	514.0
904_S	0.0	2.4637531276256723e-06	cluster_0_1_mixed	904	S	496.0
350_P	0.0	2.459587292077096e-06	cluster_0_1_mixed	350	P	131.0
798_M	0.0	2.447560370041104e-06	cluster_0_1_mixed	798	M	432.0
600_G	0.0	2.44617266902209e-06	cluster_0_1_mixed	600	G	283.0
573_E	0.0	2.4433526065503694e-06	cluster_0_1_mixed	573	E	257.0
517_E	0.0	2.4406474393134393e-06	cluster_0_1_mixed	517	E	223.0
757_T	0.0	2.436284922970374e-06	cluster_0_1_mixed	757	T	413.0
891_K	0.0	2.427012240809586e-06	cluster_0_1_mixed	891	K	496.0
299_S	0.0	2.425449448015854e-06	cluster_0_1_mixed	299	S	99.0
365_L	0.0	2.42498811249167e-06	cluster_0_1_mixed	365	L	139.0
881_C	0.0	2.424029776383877e-06	cluster_0_1_mixed	881	C	490.0
491_W	0.0	2.416766582050482e-06	cluster_0_1_mixed	491	W	221.0
489_R	0.0	2.414870903823093e-06	cluster_0_1_mixed	489	R	221.0
437_D	0.0	2.414222740021004e-06	cluster_0_1_mixed	437	D	190.0
517_A	0.0	2.408576088344512e-06	cluster_0_1_mixed	517	A	223.0
225_N	0.0	2.4053952228941544e-06	cluster_0_1_mixed	225	N	51.0
161_Y	0.0	2.4017261136089066e-06	cluster_0_1_mixed	161	Y	0.0
690_F	0.0	2.4007593618348423e-06	cluster_0_1_mixed	690	F	357.0
908_R	0.0	2.3927296935197835e-06	cluster_0_1_mixed	908	R	496.0
686_N	0.0	2.3857825842249267e-06	cluster_0_1_mixed	686	N	355.0
932_H	0.0	2.3851549464011674e-06	cluster_0_1_mixed	932	H	515.0
215_G	0.0	2.383223767333936e-06	cluster_0_1_mixed	215	G	41.0
371_F	0.0	2.3766551397066987e-06	cluster_0_1_mixed	371	F	141.0
769_K	0.0	2.3666588449645032e-06	cluster_0_1_mixed	769	K	416.0
689_E	0.0	2.3663610375441313e-06	cluster_0_1_mixed	689	E	357.0
116_V	0.0	2.3643529561519727e-06	cluster_0_1_mixed	116	V	0.0
203_V	0.0	2.3556721971859225e-06	cluster_0_1_mixed	203	V	30.0
363_M	0.0	2.3450142109020106e-06	cluster_0_1_mixed	363	M	137.0
190_Q	0.0	2.342553421829951e-06	cluster_0_1_mixed	190	Q	17.0
400_Y	0.0	2.341418479498354e-06	cluster_0_1_mixed	400	Y	159.0
739_G	0.0	2.336503611758407e-06	cluster_0_1_mixed	739	G	404.0
330_K	0.0	2.335426196627122e-06	cluster_0_1_mixed	330	K	119.0
463_N	0.0	2.3200084139955925e-06	cluster_0_1_mixed	463	N	206.0
687_C	0.0	2.319057069727769e-06	cluster_0_1_mixed	687	C	356.0
358_S	0.0	2.3184310460665983e-06	cluster_0_1_mixed	358	S	134.0
715_Q	0.0	2.3131894117401484e-06	cluster_0_1_mixed	715	Q	380.0
934_I	0.0	2.3125312556494357e-06	cluster_0_1_mixed	934	I	517.0
397_A	0.0	2.3117730437780372e-06	cluster_0_1_mixed	397	A	156.0
828_D	0.0	2.309979852204527e-06	cluster_0_1_mixed	828	D	454.0
473_V	0.0	2.305939358270702e-06	cluster_0_1_mixed	473	V	216.0
662_F	0.0	2.300599408209157e-06	cluster_0_1_mixed	662	F	339.0
513_A	0.0	2.295639740325409e-06	cluster_0_1_mixed	513	A	221.0
425_V	0.0	2.295207691040761e-06	cluster_0_1_mixed	425	V	181.0
390_K	0.0	2.293374497443839e-06	cluster_0_1_mixed	390	K	155.0
119_Y	0.0	2.292046058085414e-06	cluster_0_1_mixed	119	Y	0.0
454_E	0.0	2.290402073284664e-06	cluster_0_1_mixed	454	E	200.0
817_Y	0.0	2.289686443377874e-06	cluster_0_1_mixed	817	Y	444.0
207_R	0.0	2.2856319785399436e-06	cluster_0_1_mixed	207	R	34.0
276_W	0.0	2.2822968070719988e-06	cluster_0_1_mixed	276	W	87.0
581_K	0.0	2.2704424532560615e-06	cluster_0_1_mixed	581	K	265.0
694_P	0.0	2.269944634190325e-06	cluster_0_1_mixed	694	P	359.0
372_M	0.0	2.2690290360612728e-06	cluster_0_1_mixed	372	M	141.0
210_S	0.0	2.2670770835696337e-06	cluster_0_1_mixed	210	S	37.0
816_P	0.0	2.263457113402904e-06	cluster_0_1_mixed	816	P	443.0
470_R	0.0	2.2592952553985772e-06	cluster_0_1_mixed	470	R	213.0
932_T	0.0	2.252498922168741e-06	cluster_0_1_mixed	932	T	515.0
256_Q	0.0	2.249517062361551e-06	cluster_0_1_mixed	256	Q	74.0
821_P	0.0	2.248631739986364e-06	cluster_0_1_mixed	821	P	448.0
378_C	0.0	2.248030251403022e-06	cluster_0_1_mixed	378	C	143.0
847_D	0.0	2.247099514177496e-06	cluster_0_1_mixed	847	D	467.0
650_Q	0.0	2.2456487513141955e-06	cluster_0_1_mixed	650	Q	332.0
912_Y	0.0	2.2330245922352315e-06	cluster_0_1_mixed	912	Y	499.0
188_Y	0.0	2.230061737085625e-06	cluster_0_1_mixed	188	Y	15.0
300_G	0.0	2.228731055450244e-06	cluster_0_1_mixed	300	G	100.0
443_S	0.0	2.2266802826766222e-06	cluster_0_1_mixed	443	S	190.0
887_A	0.0	2.219289921522859e-06	cluster_0_1_mixed	887	A	496.0
131_A	0.0	2.2160764990052497e-06	cluster_0_1_mixed	131	A	0.0
548_E	0.0	2.207635792923543e-06	cluster_0_1_mixed	548	E	242.0
772_R	0.0	2.2070333456057534e-06	cluster_0_1_mixed	772	R	419.0
305_S	0.0	2.2062575440539493e-06	cluster_0_1_mixed	305	S	102.0
732_R	0.0	2.2056450591175726e-06	cluster_0_1_mixed	732	R	397.0
450_G	0.0	2.202941158002817e-06	cluster_0_1_mixed	450	G	196.0
244_I	0.0	2.198166637619766e-06	cluster_0_1_mixed	244	I	63.0
552_M	0.0	2.195806954192368e-06	cluster_0_1_mixed	552	M	242.0
656_H	0.0	2.1901584222409143e-06	cluster_0_1_mixed	656	H	338.0
782_K	0.0	2.1894309663103284e-06	cluster_0_1_mixed	782	K	426.0
430_W	0.0	2.1877053785183487e-06	cluster_0_1_mixed	430	W	183.0
514_D	0.0	2.1865544937977847e-06	cluster_0_1_mixed	514	D	221.0
204_M	0.0	2.1854744673642944e-06	cluster_0_1_mixed	204	M	31.0
178_I	0.0	2.184208375221671e-06	cluster_0_1_mixed	178	I	7.0
621_M	0.0	2.180647006160334e-06	cluster_0_1_mixed	621	M	304.0
374_Y	0.0	2.1779270128679264e-06	cluster_0_1_mixed	374	Y	141.0
214_E	0.0	2.169518066403179e-06	cluster_0_1_mixed	214	E	40.0
360_S	0.0	2.1667009952594634e-06	cluster_0_1_mixed	360	S	134.0
917_R	0.0	2.166256815724373e-06	cluster_0_1_mixed	917	R	502.0
703_N	0.0	2.1652634710854555e-06	cluster_0_1_mixed	703	N	368.0
6_I	0.0	2.1628736202226215e-06	cluster_0_1_mixed	6	I	0.0
769_F	0.0	2.161665396467002e-06	cluster_0_1_mixed	769	F	416.0
445_A	0.0	2.1541792277587185e-06	cluster_0_1_mixed	445	A	191.0
846_V	0.0	2.1541562388369875e-06	cluster_0_1_mixed	846	V	467.0
457_I	0.0	2.151397303874943e-06	cluster_0_1_mixed	457	I	203.0
904_W	0.0	2.149747268678817e-06	cluster_0_1_mixed	904	W	496.0
721_P	0.0	2.1484383481539713e-06	cluster_0_1_mixed	721	P	386.0
534_M	0.0	2.1446971222068263e-06	cluster_0_1_mixed	534	M	231.0
586_V	0.0	2.142116640296005e-06	cluster_0_1_mixed	586	V	270.0
786_I	0.0	2.139289696029893e-06	cluster_0_1_mixed	786	I	427.0
585_F	0.0	2.1382330234120233e-06	cluster_0_1_mixed	585	F	269.0
390_C	0.0	2.137458708537562e-06	cluster_0_1_mixed	390	C	155.0
881_G	0.0	2.1370231916058755e-06	cluster_0_1_mixed	881	G	490.0
747_S	0.0	2.129184037651123e-06	cluster_0_1_mixed	747	S	412.0
691_Q	0.0	2.128409426523394e-06	cluster_0_1_mixed	691	Q	357.0
422_H	0.0	2.128297561519396e-06	cluster_0_1_mixed	422	H	180.0
406_A	0.0	2.127087714296138e-06	cluster_0_1_mixed	406	A	165.0
866_I	0.0	2.1257220394685293e-06	cluster_0_1_mixed	866	I	475.0
428_F	0.0	2.1241155704838045e-06	cluster_0_1_mixed	428	F	183.0
365_C	0.0	2.117507287369194e-06	cluster_0_1_mixed	365	C	139.0
152_K	0.0	2.11690443117017e-06	cluster_0_1_mixed	152	K	0.0
218_P	0.0	2.1163464797283095e-06	cluster_0_1_mixed	218	P	44.0
119_L	0.0	2.1161130556462616e-06	cluster_0_1_mixed	119	L	0.0
387_Y	0.0	2.1142702227845422e-06	cluster_0_1_mixed	387	Y	152.0
203_Y	0.0	2.109662282631309e-06	cluster_0_1_mixed	203	Y	30.0
453_N	0.0	2.1072482819941677e-06	cluster_0_1_mixed	453	N	199.0
376_W	0.0	2.0996831629742595e-06	cluster_0_1_mixed	376	W	141.0
520_K	0.0	2.096007096786089e-06	cluster_0_1_mixed	520	K	223.0
182_D	0.0	2.092405183501969e-06	cluster_0_1_mixed	182	D	11.0
354_H	0.0	2.084125401318571e-06	cluster_0_1_mixed	354	H	134.0
151_T	0.0	2.0823020214611904e-06	cluster_0_1_mixed	151	T	0.0
511_I	0.0	2.0803919942565396e-06	cluster_0_1_mixed	511	I	221.0
154_A	0.0	2.07817377996047e-06	cluster_0_1_mixed	154	A	0.0
119_T	0.0	2.0756826810167353e-06	cluster_0_1_mixed	119	T	0.0
543_C	0.0	2.071692738132631e-06	cluster_0_1_mixed	543	C	237.0
312_I	0.0	2.067638977151753e-06	cluster_0_1_mixed	312	I	102.0
327_W	0.0	2.064623820517915e-06	cluster_0_1_mixed	327	W	117.0
597_W	0.0	2.0582623291742117e-06	cluster_0_1_mixed	597	W	280.0
457_E	0.0	2.045671535268893e-06	cluster_0_1_mixed	457	E	203.0
196_D	0.0	2.0264770856139716e-06	cluster_0_1_mixed	196	D	23.0
409_P	0.0	2.025904851050865e-06	cluster_0_1_mixed	409	P	168.0
116_L	0.0	2.0140026010870065e-06	cluster_0_1_mixed	116	L	0.0
882_N	0.0	2.0116865569659188e-06	cluster_0_1_mixed	882	N	491.0
771_T	0.0	2.0065275326582912e-06	cluster_0_1_mixed	771	T	418.0
525_Y	0.0	1.999872933800296e-06	cluster_0_1_mixed	525	Y	224.0
197_L	0.0	1.993077130787478e-06	cluster_0_1_mixed	197	L	24.0
412_D	0.0	1.9902511381796754e-06	cluster_0_1_mixed	412	D	171.0
246_L	0.0	1.989847509060373e-06	cluster_0_1_mixed	246	L	64.0
237_D	0.0	1.977462570901212e-06	cluster_0_1_mixed	237	D	56.0
238_S	0.0	1.973806208659384e-06	cluster_0_1_mixed	238	S	57.0
868_C	0.0	1.972248888234551e-06	cluster_0_1_mixed	868	C	477.0
446_T	0.0	1.9707974559081633e-06	cluster_0_1_mixed	446	T	192.0
432_F	0.0	1.9700666869055227e-06	cluster_0_1_mixed	432	F	185.0
170_T	0.0	1.966414375504675e-06	cluster_0_1_mixed	170	T	0.0
360_K	0.0	1.963271490136344e-06	cluster_0_1_mixed	360	K	134.0
268_K	0.0	1.9614279224701662e-06	cluster_0_1_mixed	268	K	86.0
481_K	0.0	1.9563266025478075e-06	cluster_0_1_mixed	481	K	221.0
11_L	0.0	1.955624044240075e-06	cluster_0_1_mixed	11	L	0.0
242_W	0.0	1.9462472931194795e-06	cluster_0_1_mixed	242	W	61.0
692_P	0.0	1.944289448794439e-06	cluster_0_1_mixed	692	P	357.0
873_Q	0.0	1.940371488011373e-06	cluster_0_1_mixed	873	Q	482.0
340_F	0.0	1.9302002710666136e-06	cluster_0_1_mixed	340	F	129.0
320_I	0.0	1.9248917656550467e-06	cluster_0_1_mixed	320	I	110.0
643_V	0.0	1.9156352344712176e-06	cluster_0_1_mixed	643	V	325.0
721_W	0.0	1.9152754689507416e-06	cluster_0_1_mixed	721	W	386.0
937_A	0.0	1.9122526667028624e-06	cluster_0_1_mixed	937	A	520.0
868_G	0.0	1.909144269430935e-06	cluster_0_1_mixed	868	G	477.0
468_D	0.0	1.9089985332349232e-06	cluster_0_1_mixed	468	D	211.0
254_H	0.0	1.908361571316958e-06	cluster_0_1_mixed	254	H	72.0
910_V	0.0	1.9067126325554744e-06	cluster_0_1_mixed	910	V	497.0
780_P	0.0	1.9011228107505695e-06	cluster_0_1_mixed	780	P	424.0
195_G	0.0	1.8981361501207917e-06	cluster_0_1_mixed	195	G	22.0
551_R	0.0	1.8948463776763628e-06	cluster_0_1_mixed	551	R	242.0
585_M	0.0	1.8932207124505664e-06	cluster_0_1_mixed	585	M	269.0
263_L	0.0	1.888342538910875e-06	cluster_0_1_mixed	263	L	81.0
159_E	0.0	1.884802406822686e-06	cluster_0_1_mixed	159	E	0.0
588_L	0.0	1.883216047457546e-06	cluster_0_1_mixed	588	L	272.0
595_E	0.0	1.880163982549498e-06	cluster_0_1_mixed	595	E	278.0
746_C	0.0	1.8800226276705907e-06	cluster_0_1_mixed	746	C	411.0
334_C	0.0	1.8767657188504208e-06	cluster_0_1_mixed	334	C	123.0
395_C	0.0	1.8739283214817624e-06	cluster_0_1_mixed	395	C	155.0
416_A	0.0	1.8718482252367264e-06	cluster_0_1_mixed	416	A	175.0
446_R	0.0	1.8708655107742624e-06	cluster_0_1_mixed	446	R	192.0
908_A	0.0	1.8669034852442255e-06	cluster_0_1_mixed	908	A	496.0
325_D	0.0	1.862149213502388e-06	cluster_0_1_mixed	325	D	115.0
568_M	0.0	1.8558781678096352e-06	cluster_0_1_mixed	568	M	253.0
720_S	0.0	1.8557255058997385e-06	cluster_0_1_mixed	720	S	385.0
426_Y	0.0	1.8524200561120287e-06	cluster_0_1_mixed	426	Y	182.0
756_K	0.0	1.8438355409582096e-06	cluster_0_1_mixed	756	K	413.0
530_H	0.0	1.8395731126255449e-06	cluster_0_1_mixed	530	H	229.0
907_V	0.0	1.8393321573509395e-06	cluster_0_1_mixed	907	V	496.0
828_A	0.0	1.82461810286741e-06	cluster_0_1_mixed	828	A	454.0
833_I	0.0	1.8230086143134992e-06	cluster_0_1_mixed	833	I	454.0
356_E	0.0	1.8222656663798804e-06	cluster_0_1_mixed	356	E	134.0
176_V	0.0	1.8213888779635991e-06	cluster_0_1_mixed	176	V	5.0
882_Y	0.0	1.8201601389356455e-06	cluster_0_1_mixed	882	Y	491.0
590_P	0.0	1.8106116602277608e-06	cluster_0_1_mixed	590	P	273.0
925_P	0.0	1.806728799157456e-06	cluster_0_1_mixed	925	P	508.0
336_Q	0.0	1.8035427110263309e-06	cluster_0_1_mixed	336	Q	125.0
936_R	0.0	1.8017867981791284e-06	cluster_0_1_mixed	936	R	519.0
627_R	0.0	1.7991948401586251e-06	cluster_0_1_mixed	627	R	309.0
364_Q	0.0	1.7963236301204657e-06	cluster_0_1_mixed	364	Q	138.0
208_M	0.0	1.7956696336697234e-06	cluster_0_1_mixed	208	M	35.0
313_C	0.0	1.7942599397563284e-06	cluster_0_1_mixed	313	C	103.0
422_C	0.0	1.7927066592282537e-06	cluster_0_1_mixed	422	C	180.0
801_T	0.0	1.7923742390275822e-06	cluster_0_1_mixed	801	T	435.0
899_T	0.0	1.789694187292963e-06	cluster_0_1_mixed	899	T	496.0
865_S	0.0	1.7854762481950955e-06	cluster_0_1_mixed	865	S	475.0
932_P	0.0	1.7838512226969348e-06	cluster_0_1_mixed	932	P	515.0
159_G	0.0	1.7808890779619491e-06	cluster_0_1_mixed	159	G	0.0
697_L	0.0	1.779314833643831e-06	cluster_0_1_mixed	697	L	362.0
407_L	0.0	1.7770337026113934e-06	cluster_0_1_mixed	407	L	166.0
431_M	0.0	1.7759380714214645e-06	cluster_0_1_mixed	431	M	184.0
399_I	0.0	1.7730795343872972e-06	cluster_0_1_mixed	399	I	158.0
283_T	0.0	1.7700220116503723e-06	cluster_0_1_mixed	283	T	93.0
293_T	0.0	1.7638271455347625e-06	cluster_0_1_mixed	293	T	93.0
921_M	0.0	1.7631800792494291e-06	cluster_0_1_mixed	921	M	504.0
768_R	0.0	1.75961763246923e-06	cluster_0_1_mixed	768	R	415.0
588_P	0.0	1.749777056664651e-06	cluster_0_1_mixed	588	P	272.0
664_I	0.0	1.7481234410484647e-06	cluster_0_1_mixed	664	I	339.0
150_G	0.0	1.7475849865333404e-06	cluster_0_1_mixed	150	G	0.0
791_Q	0.0	1.746074072940939e-06	cluster_0_1_mixed	791	Q	428.0
875_C	0.0	1.7392001434302525e-06	cluster_0_1_mixed	875	C	484.0
909_T	0.0	1.7309410660028574e-06	cluster_0_1_mixed	909	T	496.0
898_I	0.0	1.7296055569023285e-06	cluster_0_1_mixed	898	I	496.0
783_P	0.0	1.7254039902397937e-06	cluster_0_1_mixed	783	P	426.0
127_K	0.0	1.721761645451745e-06	cluster_0_1_mixed	127	K	0.0
794_V	0.0	1.7184186510568657e-06	cluster_0_1_mixed	794	V	429.0
397_S	0.0	1.717073123598657e-06	cluster_0_1_mixed	397	S	156.0
346_E	0.0	1.7166503376867728e-06	cluster_0_1_mixed	346	E	130.0
504_R	0.0	1.713587709402598e-06	cluster_0_1_mixed	504	R	221.0
612_V	0.0	1.710019413577813e-06	cluster_0_1_mixed	612	V	295.0
894_G	0.0	1.7086113960117118e-06	cluster_0_1_mixed	894	G	496.0
539_M	0.0	1.7049013104687716e-06	cluster_0_1_mixed	539	M	233.0
396_M	0.0	1.703483699548662e-06	cluster_0_1_mixed	396	M	155.0
691_C	0.0	1.699413006969476e-06	cluster_0_1_mixed	691	C	357.0
869_G	0.0	1.6988504346177675e-06	cluster_0_1_mixed	869	G	478.0
151_Q	0.0	1.6986880894796869e-06	cluster_0_1_mixed	151	Q	0.0
415_Q	0.0	1.6986672698571303e-06	cluster_0_1_mixed	415	Q	174.0
305_K	0.0	1.697798613272981e-06	cluster_0_1_mixed	305	K	102.0
432_W	0.0	1.6977754932960935e-06	cluster_0_1_mixed	432	W	185.0
251_P	0.0	1.6967029629914785e-06	cluster_0_1_mixed	251	P	69.0
781_R	0.0	1.6960404905395497e-06	cluster_0_1_mixed	781	R	425.0
44_L	0.0	1.69492690349677e-06	cluster_0_1_mixed	44	L	0.0
343_Q	0.0	1.694114606482753e-06	cluster_0_1_mixed	343	Q	130.0
865_R	0.0	1.6862393762042043e-06	cluster_0_1_mixed	865	R	475.0
752_G	0.0	1.6835305572233072e-06	cluster_0_1_mixed	752	G	413.0
769_C	0.0	1.6834601731817187e-06	cluster_0_1_mixed	769	C	416.0
621_T	0.0	1.6767871680158086e-06	cluster_0_1_mixed	621	T	304.0
733_H	0.0	1.6754903282489364e-06	cluster_0_1_mixed	733	H	398.0
260_N	0.0	1.670423737725723e-06	cluster_0_1_mixed	260	N	78.0
193_R	0.0	1.6700041649403006e-06	cluster_0_1_mixed	193	R	20.0
759_D	0.0	1.6692906689650889e-06	cluster_0_1_mixed	759	D	413.0
317_E	0.0	1.6642601099036113e-06	cluster_0_1_mixed	317	E	107.0
734_P	0.0	1.6540098666898086e-06	cluster_0_1_mixed	734	P	399.0
169_S	0.0	1.653124654616808e-06	cluster_0_1_mixed	169	S	0.0
761_A	0.0	1.6499734002762765e-06	cluster_0_1_mixed	761	A	413.0
15_S	0.0	1.6499209767731775e-06	cluster_0_1_mixed	15	S	0.0
34_T	0.0	1.6462219285628637e-06	cluster_0_1_mixed	34	T	0.0
299_N	0.0	1.6462174931338274e-06	cluster_0_1_mixed	299	N	99.0
199_L	0.0	1.6457575941453133e-06	cluster_0_1_mixed	199	L	26.0
539_W	0.0	1.6370846037791813e-06	cluster_0_1_mixed	539	W	233.0
713_R	0.0	1.6369951046639442e-06	cluster_0_1_mixed	713	R	378.0
694_L	0.0	1.621270561337435e-06	cluster_0_1_mixed	694	L	359.0
121_N	0.0	1.6206050455881153e-06	cluster_0_1_mixed	121	N	0.0
167_L	0.0	1.6181051191463517e-06	cluster_0_1_mixed	167	L	0.0
517_K	0.0	1.616568542908294e-06	cluster_0_1_mixed	517	K	223.0
871_G	0.0	1.6119608113396882e-06	cluster_0_1_mixed	871	G	480.0
382_H	0.0	1.6107945138474389e-06	cluster_0_1_mixed	382	H	147.0
343_G	0.0	1.6093284481587353e-06	cluster_0_1_mixed	343	G	130.0
788_Q	0.0	1.6090784491176347e-06	cluster_0_1_mixed	788	Q	427.0
490_K	0.0	1.6069921410454882e-06	cluster_0_1_mixed	490	K	221.0
943_Y	0.0	1.6066454542590332e-06	cluster_0_1_mixed	943	Y	524.0
724_H	0.0	1.6063809314131591e-06	cluster_0_1_mixed	724	H	389.0
264_T	0.0	1.6059039031989454e-06	cluster_0_1_mixed	264	T	82.0
353_D	0.0	1.6047021903985902e-06	cluster_0_1_mixed	353	D	134.0
642_C	0.0	1.6030339474891094e-06	cluster_0_1_mixed	642	C	324.0
400_I	0.0	1.6018619860809355e-06	cluster_0_1_mixed	400	I	159.0
427_M	0.0	1.5992698904515343e-06	cluster_0_1_mixed	427	M	183.0
524_W	0.0	1.5976281746821998e-06	cluster_0_1_mixed	524	W	223.0
828_S	0.0	1.5964676454167802e-06	cluster_0_1_mixed	828	S	454.0
319_Y	0.0	1.5956828733988996e-06	cluster_0_1_mixed	319	Y	109.0
156_S	0.0	1.5944606438177125e-06	cluster_0_1_mixed	156	S	0.0
590_L	0.0	1.5926472469739791e-06	cluster_0_1_mixed	590	L	273.0
914_R	0.0	1.5912949278613773e-06	cluster_0_1_mixed	914	R	501.0
819_F	0.0	1.5866866919938762e-06	cluster_0_1_mixed	819	F	446.0
150_A	0.0	1.583118481231299e-06	cluster_0_1_mixed	150	A	0.0
444_S	0.0	1.5820321076444806e-06	cluster_0_1_mixed	444	S	190.0
426_V	0.0	1.5763773920455966e-06	cluster_0_1_mixed	426	V	182.0
246_I	0.0	1.5707249795759345e-06	cluster_0_1_mixed	246	I	64.0
244_G	0.0	1.569818142696021e-06	cluster_0_1_mixed	244	G	63.0
388_T	0.0	1.5693712760281424e-06	cluster_0_1_mixed	388	T	153.0
125_N	0.0	1.5642875115490344e-06	cluster_0_1_mixed	125	N	0.0
389_S	0.0	1.559368823927268e-06	cluster_0_1_mixed	389	S	154.0
780_F	0.0	1.5587075106853171e-06	cluster_0_1_mixed	780	F	424.0
374_F	0.0	1.5583483778548324e-06	cluster_0_1_mixed	374	F	141.0
644_C	0.0	1.556486608697253e-06	cluster_0_1_mixed	644	C	326.0
670_Q	0.0	1.5528321384220448e-06	cluster_0_1_mixed	670	Q	340.0
363_Y	0.0	1.5526427181456917e-06	cluster_0_1_mixed	363	Y	137.0
686_K	0.0	1.5463161713424286e-06	cluster_0_1_mixed	686	K	355.0
834_C	0.0	1.5457545789331572e-06	cluster_0_1_mixed	834	C	455.0
693_P	0.0	1.5453209432648455e-06	cluster_0_1_mixed	693	P	358.0
443_H	0.0	1.5431477078304163e-06	cluster_0_1_mixed	443	H	190.0
908_I	0.0	1.5419146678976694e-06	cluster_0_1_mixed	908	I	496.0
227_L	0.0	1.5413444350848906e-06	cluster_0_1_mixed	227	L	53.0
188_A	0.0	1.537460522728131e-06	cluster_0_1_mixed	188	A	15.0
736_D	0.0	1.5370014967192635e-06	cluster_0_1_mixed	736	D	401.0
453_C	0.0	1.5350134294376645e-06	cluster_0_1_mixed	453	C	199.0
330_Y	0.0	1.5313172540645034e-06	cluster_0_1_mixed	330	Y	119.0
773_R	0.0	1.5303708403765105e-06	cluster_0_1_mixed	773	R	420.0
176_E	0.0	1.528649247062554e-06	cluster_0_1_mixed	176	E	5.0
280_W	0.0	1.5278302107327893e-06	cluster_0_1_mixed	280	W	91.0
217_I	0.0	1.5229725607903811e-06	cluster_0_1_mixed	217	I	43.0
847_L	0.0	1.5209231501725502e-06	cluster_0_1_mixed	847	L	467.0
261_L	0.0	1.51895318581007e-06	cluster_0_1_mixed	261	L	79.0
911_N	0.0	1.516687486839596e-06	cluster_0_1_mixed	911	N	498.0
251_Y	0.0	1.516364575117368e-06	cluster_0_1_mixed	251	Y	69.0
576_K	0.0	1.5140702975755464e-06	cluster_0_1_mixed	576	K	260.0
177_E	0.0	1.512277366829898e-06	cluster_0_1_mixed	177	E	6.0
387_C	0.0	1.5082068335706462e-06	cluster_0_1_mixed	387	C	152.0
880_M	0.0	1.508124669575846e-06	cluster_0_1_mixed	880	M	489.0
640_I	0.0	1.4981479733599877e-06	cluster_0_1_mixed	640	I	322.0
210_T	0.0	1.4969461690960005e-06	cluster_0_1_mixed	210	T	37.0
627_A	0.0	1.490672132911273e-06	cluster_0_1_mixed	627	A	309.0
129_A	0.0	1.4851982273179048e-06	cluster_0_1_mixed	129	A	0.0
117_L	0.0	1.4828264997888148e-06	cluster_0_1_mixed	117	L	0.0
419_K	0.0	1.480139741280112e-06	cluster_0_1_mixed	419	K	178.0
606_X	0.0	1.479730440063432e-06	cluster_0_1_mixed	606	X	289.0
161_T	0.0	1.4777244894215823e-06	cluster_0_1_mixed	161	T	0.0
223_H	0.0	1.4755880889846253e-06	cluster_0_1_mixed	223	H	49.0
594_M	0.0	1.4681506173716667e-06	cluster_0_1_mixed	594	M	277.0
260_A	0.0	1.4677397144060843e-06	cluster_0_1_mixed	260	A	78.0
179_I	0.0	1.4638884291325697e-06	cluster_0_1_mixed	179	I	8.0
260_V	0.0	1.460828023899484e-06	cluster_0_1_mixed	260	V	78.0
357_S	0.0	1.459250679800718e-06	cluster_0_1_mixed	357	S	134.0
722_R	0.0	1.458804085521049e-06	cluster_0_1_mixed	722	R	387.0
919_E	0.0	1.4555455162491363e-06	cluster_0_1_mixed	919	E	502.0
656_P	0.0	1.4541958521614917e-06	cluster_0_1_mixed	656	P	338.0
780_H	0.0	1.4518305520137491e-06	cluster_0_1_mixed	780	H	424.0
412_Y	0.0	1.4471738402900883e-06	cluster_0_1_mixed	412	Y	171.0
781_C	0.0	1.4447334929979565e-06	cluster_0_1_mixed	781	C	425.0
768_A	0.0	1.438358643212703e-06	cluster_0_1_mixed	768	A	415.0
361_D	0.0	1.4365479914631448e-06	cluster_0_1_mixed	361	D	135.0
192_L	0.0	1.4346006250560427e-06	cluster_0_1_mixed	192	L	19.0
849_T	0.0	1.43434444487322e-06	cluster_0_1_mixed	849	T	467.0
892_L	0.0	1.4309607250039509e-06	cluster_0_1_mixed	892	L	496.0
158_I	0.0	1.4278797477370314e-06	cluster_0_1_mixed	158	I	0.0
389_G	0.0	1.4239393735170025e-06	cluster_0_1_mixed	389	G	154.0
419_F	0.0	1.4227002404601716e-06	cluster_0_1_mixed	419	F	178.0
854_R	0.0	1.42111156608734e-06	cluster_0_1_mixed	854	R	469.0
899_A	0.0	1.418136703933353e-06	cluster_0_1_mixed	899	A	496.0
713_M	0.0	1.4172496225346506e-06	cluster_0_1_mixed	713	M	378.0
918_N	0.0	1.4147629311867274e-06	cluster_0_1_mixed	918	N	502.0
919_G	0.0	1.4089769206972486e-06	cluster_0_1_mixed	919	G	502.0
669_F	0.0	1.4035817976124577e-06	cluster_0_1_mixed	669	F	340.0
216_H	0.0	1.4003977387296734e-06	cluster_0_1_mixed	216	H	42.0
402_Q	0.0	1.3952488646532875e-06	cluster_0_1_mixed	402	Q	161.0
889_Q	0.0	1.393894435262013e-06	cluster_0_1_mixed	889	Q	496.0
346_V	0.0	1.3893785608388696e-06	cluster_0_1_mixed	346	V	130.0
889_I	0.0	1.3876363180032224e-06	cluster_0_1_mixed	889	I	496.0
468_T	0.0	1.3875680617701632e-06	cluster_0_1_mixed	468	T	211.0
515_K	0.0	1.38537399812754e-06	cluster_0_1_mixed	515	K	221.0
190_V	0.0	1.3850711047814303e-06	cluster_0_1_mixed	190	V	17.0
464_E	0.0	1.3791255571078306e-06	cluster_0_1_mixed	464	E	207.0
916_D	0.0	1.374608532336008e-06	cluster_0_1_mixed	916	D	502.0
627_T	0.0	1.373625080891969e-06	cluster_0_1_mixed	627	T	309.0
641_C	0.0	1.372530628993316e-06	cluster_0_1_mixed	641	C	323.0
514_S	0.0	1.365506704763678e-06	cluster_0_1_mixed	514	S	221.0
416_S	0.0	1.3583327180153149e-06	cluster_0_1_mixed	416	S	175.0
212_C	0.0	1.3533822708840624e-06	cluster_0_1_mixed	212	C	39.0
364_A	0.0	1.3436906077777794e-06	cluster_0_1_mixed	364	A	138.0
734_S	0.0	1.3387808382229828e-06	cluster_0_1_mixed	734	S	399.0
246_K	0.0	1.3350361659973753e-06	cluster_0_1_mixed	246	K	64.0
561_H	0.0	1.3349987145966362e-06	cluster_0_1_mixed	561	H	246.0
220_N	0.0	1.3267252162936743e-06	cluster_0_1_mixed	220	N	46.0
389_C	0.0	1.3158157246177562e-06	cluster_0_1_mixed	389	C	154.0
853_G	0.0	1.314817115275274e-06	cluster_0_1_mixed	853	G	468.0
755_V	0.0	1.314765532108615e-06	cluster_0_1_mixed	755	V	413.0
777_R	0.0	1.3143841701873927e-06	cluster_0_1_mixed	777	R	422.0
93_F	0.0	1.309684685644237e-06	cluster_0_1_mixed	93	F	0.0
607_M	0.0	1.3044376804353735e-06	cluster_0_1_mixed	607	M	290.0
926_M	0.0	1.301024869743747e-06	cluster_0_1_mixed	926	M	509.0
885_K	0.0	1.3002976419231743e-06	cluster_0_1_mixed	885	K	494.0
396_R	0.0	1.29594156735884e-06	cluster_0_1_mixed	396	R	155.0
364_I	0.0	1.29277777778953e-06	cluster_0_1_mixed	364	I	138.0
783_M	0.0	1.2894756285565468e-06	cluster_0_1_mixed	783	M	426.0
838_Q	0.0	1.2879411792806864e-06	cluster_0_1_mixed	838	Q	459.0
364_N	0.0	1.2865301389836337e-06	cluster_0_1_mixed	364	N	138.0
440_V	0.0	1.2854022551283755e-06	cluster_0_1_mixed	440	V	190.0
459_F	0.0	1.2815572437394934e-06	cluster_0_1_mixed	459	F	205.0
370_Y	0.0	1.2778070333329982e-06	cluster_0_1_mixed	370	Y	141.0
327_G	0.0	1.2734411224210116e-06	cluster_0_1_mixed	327	G	117.0
592_Q	0.0	1.2701514244972167e-06	cluster_0_1_mixed	592	Q	275.0
493_R	0.0	1.2608154525270074e-06	cluster_0_1_mixed	493	R	221.0
930_K	0.0	1.252364591107787e-06	cluster_0_1_mixed	930	K	513.0
706_E	0.0	1.2487256480678057e-06	cluster_0_1_mixed	706	E	371.0
173_E	0.0	1.2476869122363195e-06	cluster_0_1_mixed	173	E	2.0
453_S	0.0	1.2460445091096831e-06	cluster_0_1_mixed	453	S	199.0
254_F	0.0	1.2457040823365266e-06	cluster_0_1_mixed	254	F	72.0
917_N	0.0	1.2448782559697095e-06	cluster_0_1_mixed	917	N	502.0
605_V	0.0	1.2444463335230383e-06	cluster_0_1_mixed	605	V	288.0
905_V	0.0	1.2326239172127926e-06	cluster_0_1_mixed	905	V	496.0
125_T	0.0	1.2258857793905364e-06	cluster_0_1_mixed	125	T	0.0
306_I	0.0	1.2255466899497605e-06	cluster_0_1_mixed	306	I	102.0
912_V	0.0	1.2217990597523645e-06	cluster_0_1_mixed	912	V	499.0
938_E	0.0	1.2164269758006522e-06	cluster_0_1_mixed	938	E	521.0
490_Q	0.0	1.2132737151595634e-06	cluster_0_1_mixed	490	Q	221.0
848_H	0.0	1.2123689244414854e-06	cluster_0_1_mixed	848	H	467.0
716_D	0.0	1.2113591820114922e-06	cluster_0_1_mixed	716	D	381.0
702_M	0.0	1.2083160443654696e-06	cluster_0_1_mixed	702	M	367.0
263_G	0.0	1.2060688328809429e-06	cluster_0_1_mixed	263	G	81.0
403_E	0.0	1.2049173267243492e-06	cluster_0_1_mixed	403	E	162.0
479_W	0.0	1.20168543328806e-06	cluster_0_1_mixed	479	W	221.0
446_L	0.0	1.19219441958623e-06	cluster_0_1_mixed	446	L	192.0
783_R	0.0	1.187102411197388e-06	cluster_0_1_mixed	783	R	426.0
512_A	0.0	1.1861842146417347e-06	cluster_0_1_mixed	512	A	221.0
344_I	0.0	1.1830847843673438e-06	cluster_0_1_mixed	344	I	130.0
901_W	0.0	1.1675030101323035e-06	cluster_0_1_mixed	901	W	496.0
568_H	0.0	1.1635075879787955e-06	cluster_0_1_mixed	568	H	253.0
593_K	0.0	1.1631205737518812e-06	cluster_0_1_mixed	593	K	276.0
228_S	0.0	1.161499530103051e-06	cluster_0_1_mixed	228	S	54.0
358_E	0.0	1.1607688530334018e-06	cluster_0_1_mixed	358	E	134.0
252_E	0.0	1.1600757018496663e-06	cluster_0_1_mixed	252	E	70.0
440_L	0.0	1.160040539848044e-06	cluster_0_1_mixed	440	L	190.0
755_Y	0.0	1.1563131917547245e-06	cluster_0_1_mixed	755	Y	413.0
688_Y	0.0	1.1535817321277483e-06	cluster_0_1_mixed	688	Y	357.0
118_V	0.0	1.1487483657024047e-06	cluster_0_1_mixed	118	V	0.0
885_Y	0.0	1.1396590585969952e-06	cluster_0_1_mixed	885	Y	494.0
889_E	0.0	1.1371279469424468e-06	cluster_0_1_mixed	889	E	496.0
210_H	0.0	1.1352009756843717e-06	cluster_0_1_mixed	210	H	37.0
217_A	0.0	1.133111431453934e-06	cluster_0_1_mixed	217	A	43.0
436_M	0.0	1.1323660992708508e-06	cluster_0_1_mixed	436	M	189.0
213_N	0.0	1.1322603955317471e-06	cluster_0_1_mixed	213	N	40.0
446_Q	0.0	1.1269769274013475e-06	cluster_0_1_mixed	446	Q	192.0
615_R	0.0	1.126809503247228e-06	cluster_0_1_mixed	615	R	298.0
446_F	0.0	1.1243190380701146e-06	cluster_0_1_mixed	446	F	192.0
904_N	0.0	1.1170033006859842e-06	cluster_0_1_mixed	904	N	496.0
478_F	0.0	1.1069034840848395e-06	cluster_0_1_mixed	478	F	221.0
832_Y	0.0	1.1034806335756585e-06	cluster_0_1_mixed	832	Y	454.0
937_N	0.0	1.101155150225694e-06	cluster_0_1_mixed	937	N	520.0
884_G	0.0	1.100468649432857e-06	cluster_0_1_mixed	884	G	493.0
405_Q	0.0	1.1001259961139004e-06	cluster_0_1_mixed	405	Q	164.0
920_W	0.0	1.0916214932827006e-06	cluster_0_1_mixed	920	W	503.0
225_S	0.0	1.0896436596718686e-06	cluster_0_1_mixed	225	S	51.0
890_I	0.0	1.0891491170163408e-06	cluster_0_1_mixed	890	I	496.0
371_Y	0.0	1.0886981256991623e-06	cluster_0_1_mixed	371	Y	141.0
144_V	0.0	1.0869276391691825e-06	cluster_0_1_mixed	144	V	0.0
219_D	0.0	1.0792018154115647e-06	cluster_0_1_mixed	219	D	45.0
215_C	0.0	1.0781931149745344e-06	cluster_0_1_mixed	215	C	41.0
354_P	0.0	1.0780730394387212e-06	cluster_0_1_mixed	354	P	134.0
584_E	0.0	1.0729452021871405e-06	cluster_0_1_mixed	584	E	268.0
530_M	0.0	1.0725881499651869e-06	cluster_0_1_mixed	530	M	229.0
439_N	0.0	1.0639562039292853e-06	cluster_0_1_mixed	439	N	190.0
185_Y	0.0	1.0625381912294133e-06	cluster_0_1_mixed	185	Y	14.0
859_V	0.0	1.0545364741901877e-06	cluster_0_1_mixed	859	V	474.0
193_Q	0.0	1.0541653968093415e-06	cluster_0_1_mixed	193	Q	20.0
507_T	0.0	1.053973790868678e-06	cluster_0_1_mixed	507	T	221.0
911_C	0.0	1.052663616647095e-06	cluster_0_1_mixed	911	C	498.0
550_K	0.0	1.0499845343990227e-06	cluster_0_1_mixed	550	K	242.0
896_A	0.0	1.0478830456922669e-06	cluster_0_1_mixed	896	A	496.0
340_V	0.0	1.0435890421136268e-06	cluster_0_1_mixed	340	V	129.0
131_F	0.0	1.0368603676016129e-06	cluster_0_1_mixed	131	F	0.0
618_C	0.0	1.0363150713665252e-06	cluster_0_1_mixed	618	C	301.0
421_W	0.0	1.0356259295895038e-06	cluster_0_1_mixed	421	W	180.0
222_G	0.0	1.0329142381195342e-06	cluster_0_1_mixed	222	G	48.0
579_I	0.0	1.0316292335797604e-06	cluster_0_1_mixed	579	I	263.0
813_V	0.0	1.0309944333018766e-06	cluster_0_1_mixed	813	V	440.0
793_G	0.0	1.0308574345225229e-06	cluster_0_1_mixed	793	G	428.0
624_T	0.0	1.0295984707910094e-06	cluster_0_1_mixed	624	T	307.0
927_G	0.0	1.0287674848152554e-06	cluster_0_1_mixed	927	G	510.0
717_T	0.0	1.0278129020911333e-06	cluster_0_1_mixed	717	T	382.0
877_F	0.0	1.026152915850961e-06	cluster_0_1_mixed	877	F	486.0
802_G	0.0	1.016971904613144e-06	cluster_0_1_mixed	802	G	436.0
25_E	0.0	1.0158859358794855e-06	cluster_0_1_mixed	25	E	0.0
885_P	0.0	1.015081294809849e-06	cluster_0_1_mixed	885	P	494.0
906_K	0.0	1.0103213884881976e-06	cluster_0_1_mixed	906	K	496.0
448_S	0.0	1.0092373019209102e-06	cluster_0_1_mixed	448	S	194.0
449_A	0.0	1.00737475651744e-06	cluster_0_1_mixed	449	A	195.0
846_Y	0.0	9.944088291999727e-07	cluster_0_1_mixed	846	Y	467.0
798_K	0.0	9.929917995899623e-07	cluster_0_1_mixed	798	K	432.0
905_E	0.0	9.911922312190129e-07	cluster_0_1_mixed	905	E	496.0
358_M	0.0	9.885603828367913e-07	cluster_0_1_mixed	358	M	134.0
591_Q	0.0	9.862822953797662e-07	cluster_0_1_mixed	591	Q	274.0
161_L	0.0	9.824518360777118e-07	cluster_0_1_mixed	161	L	0.0
335_E	0.0	9.800560521716277e-07	cluster_0_1_mixed	335	E	124.0
416_F	0.0	9.78816626065759e-07	cluster_0_1_mixed	416	F	175.0
117_R	0.0	9.748182553486568e-07	cluster_0_1_mixed	117	R	0.0
565_K	0.0	9.697973854761697e-07	cluster_0_1_mixed	565	K	250.0
747_K	0.0	9.662200179627013e-07	cluster_0_1_mixed	747	K	412.0
878_A	0.0	9.65367616295177e-07	cluster_0_1_mixed	878	A	487.0
629_G	0.0	9.62532746069773e-07	cluster_0_1_mixed	629	G	311.0
21_G	0.0	9.612886113308673e-07	cluster_0_1_mixed	21	G	0.0
926_C	0.0	9.56141219356533e-07	cluster_0_1_mixed	926	C	509.0
790_L	0.0	9.532118460976272e-07	cluster_0_1_mixed	790	L	428.0
261_G	0.0	9.491989226574914e-07	cluster_0_1_mixed	261	G	79.0
17_M	0.0	9.426876409657132e-07	cluster_0_1_mixed	17	M	0.0
663_R	0.0	9.406256693150506e-07	cluster_0_1_mixed	663	R	339.0
185_F	0.0	9.399370426405976e-07	cluster_0_1_mixed	185	F	14.0
178_L	0.0	9.3358871115588e-07	cluster_0_1_mixed	178	L	7.0
485_E	0.0	9.319060725757932e-07	cluster_0_1_mixed	485	E	221.0
350_C	0.0	9.229454853268748e-07	cluster_0_1_mixed	350	C	131.0
197_H	0.0	9.220334733652396e-07	cluster_0_1_mixed	197	H	24.0
402_S	0.0	9.215680635596682e-07	cluster_0_1_mixed	402	S	161.0
796_G	0.0	9.191684372542364e-07	cluster_0_1_mixed	796	G	430.0
154_T	0.0	9.17482952664164e-07	cluster_0_1_mixed	154	T	0.0
225_G	0.0	9.173249947285108e-07	cluster_0_1_mixed	225	G	51.0
151_V	0.0	9.154168203513892e-07	cluster_0_1_mixed	151	V	0.0
302_E	0.0	9.138422295338414e-07	cluster_0_1_mixed	302	E	102.0
691_K	0.0	9.134272972480692e-07	cluster_0_1_mixed	691	K	357.0
717_A	0.0	9.133815749317356e-07	cluster_0_1_mixed	717	A	382.0
927_S	0.0	9.13168211355838e-07	cluster_0_1_mixed	927	S	510.0
518_W	0.0	9.11502486571906e-07	cluster_0_1_mixed	518	W	223.0
571_M	0.0	9.081614849538456e-07	cluster_0_1_mixed	571	M	255.0
277_K	0.0	9.031819893118655e-07	cluster_0_1_mixed	277	K	88.0
727_I	0.0	9.031078510779208e-07	cluster_0_1_mixed	727	I	392.0
409_G	0.0	8.993259072337565e-07	cluster_0_1_mixed	409	G	168.0
602_F	0.0	8.984414587732045e-07	cluster_0_1_mixed	602	F	285.0
477_G	0.0	8.969587938206929e-07	cluster_0_1_mixed	477	G	220.0
814_T	0.0	8.922796201992963e-07	cluster_0_1_mixed	814	T	441.0
933_L	0.0	8.920916938047977e-07	cluster_0_1_mixed	933	L	516.0
186_P	0.0	8.920835076530725e-07	cluster_0_1_mixed	186	P	14.0
896_R	0.0	8.862744332962426e-07	cluster_0_1_mixed	896	R	496.0
804_L	0.0	8.838420861366962e-07	cluster_0_1_mixed	804	L	438.0
703_K	0.0	8.819017020645519e-07	cluster_0_1_mixed	703	K	368.0
782_R	0.0	8.807735138153852e-07	cluster_0_1_mixed	782	R	426.0
425_I	0.0	8.807006030522207e-07	cluster_0_1_mixed	425	I	181.0
490_R	0.0	8.791263149208921e-07	cluster_0_1_mixed	490	R	221.0
408_D	0.0	8.773367738973517e-07	cluster_0_1_mixed	408	D	167.0
755_T	0.0	8.749614958423141e-07	cluster_0_1_mixed	755	T	413.0
159_K	0.0	8.72554885277165e-07	cluster_0_1_mixed	159	K	0.0
401_A	0.0	8.680713023268954e-07	cluster_0_1_mixed	401	A	160.0
696_E	0.0	8.677881839682688e-07	cluster_0_1_mixed	696	E	361.0
204_G	0.0	8.669780383755597e-07	cluster_0_1_mixed	204	G	31.0
172_K	0.0	8.652557504905083e-07	cluster_0_1_mixed	172	K	1.0
262_G	0.0	8.637048672937658e-07	cluster_0_1_mixed	262	G	80.0
650_A	0.0	8.580654407690356e-07	cluster_0_1_mixed	650	A	332.0
816_D	0.0	8.56348384422587e-07	cluster_0_1_mixed	816	D	443.0
471_V	0.0	8.538035741969348e-07	cluster_0_1_mixed	471	V	214.0
5_E	0.0	8.517514942832568e-07	cluster_0_1_mixed	5	E	0.0
513_V	0.0	8.511111569087983e-07	cluster_0_1_mixed	513	V	221.0
897_P	0.0	8.459381493944972e-07	cluster_0_1_mixed	897	P	496.0
629_M	0.0	8.452732907840257e-07	cluster_0_1_mixed	629	M	311.0
123_N	0.0	8.448240923895355e-07	cluster_0_1_mixed	123	N	0.0
63_E	0.0	8.427797811103216e-07	cluster_0_1_mixed	63	E	0.0
358_V	0.0	8.423182673511564e-07	cluster_0_1_mixed	358	V	134.0
714_M	0.0	8.414735217748747e-07	cluster_0_1_mixed	714	M	379.0
154_V	0.0	8.402370065162413e-07	cluster_0_1_mixed	154	V	0.0
40_S	0.0	8.390407755368364e-07	cluster_0_1_mixed	40	S	0.0
900_I	0.0	8.360077677309824e-07	cluster_0_1_mixed	900	I	496.0
28_S	0.0	8.345243500104908e-07	cluster_0_1_mixed	28	S	0.0
443_T	0.0	8.33700463333531e-07	cluster_0_1_mixed	443	T	190.0
777_Y	0.0	8.320711612998848e-07	cluster_0_1_mixed	777	Y	422.0
514_N	0.0	8.291528593213872e-07	cluster_0_1_mixed	514	N	221.0
258_G	0.0	8.289933951126734e-07	cluster_0_1_mixed	258	G	76.0
476_T	0.0	8.273911115961494e-07	cluster_0_1_mixed	476	T	219.0
907_C	0.0	8.26369034014875e-07	cluster_0_1_mixed	907	C	496.0
681_I	0.0	8.257394362942878e-07	cluster_0_1_mixed	681	I	350.0
768_G	0.0	8.25443707806038e-07	cluster_0_1_mixed	768	G	415.0
869_Y	0.0	8.229808136575662e-07	cluster_0_1_mixed	869	Y	478.0
484_R	0.0	8.20422243212961e-07	cluster_0_1_mixed	484	R	221.0
241_I	0.0	8.162510889506055e-07	cluster_0_1_mixed	241	I	60.0
125_D	0.0	8.158689798718578e-07	cluster_0_1_mixed	125	D	0.0
171_F	0.0	8.136119718429409e-07	cluster_0_1_mixed	171	F	0.0
810_P	0.0	8.12510501173666e-07	cluster_0_1_mixed	810	P	438.0
267_X	0.0	8.124549472027235e-07	cluster_0_1_mixed	267	X	85.0
126_V	0.0	8.111039061505572e-07	cluster_0_1_mixed	126	V	0.0
197_I	0.0	8.110157811468406e-07	cluster_0_1_mixed	197	I	24.0
800_X	0.0	8.1040592935814e-07	cluster_0_1_mixed	800	X	434.0
495_Y	0.0	8.078314661848909e-07	cluster_0_1_mixed	495	Y	221.0
275_F	0.0	8.040191009536438e-07	cluster_0_1_mixed	275	F	87.0
899_Q	0.0	8.012574303281646e-07	cluster_0_1_mixed	899	Q	496.0
237_N	0.0	7.970324040509663e-07	cluster_0_1_mixed	237	N	56.0
767_F	0.0	7.94999581613358e-07	cluster_0_1_mixed	767	F	414.0
206_L	0.0	7.948377514081878e-07	cluster_0_1_mixed	206	L	33.0
499_A	0.0	7.946311610604819e-07	cluster_0_1_mixed	499	A	221.0
895_S	0.0	7.90967652554355e-07	cluster_0_1_mixed	895	S	496.0
248_T	0.0	7.902069607142469e-07	cluster_0_1_mixed	248	T	66.0
358_Q	0.0	7.900289266840882e-07	cluster_0_1_mixed	358	Q	134.0
321_V	0.0	7.894446376932389e-07	cluster_0_1_mixed	321	V	111.0
161_N	0.0	7.891152913595587e-07	cluster_0_1_mixed	161	N	0.0
745_A	0.0	7.839583055878136e-07	cluster_0_1_mixed	745	A	410.0
319_F	0.0	7.829269568523613e-07	cluster_0_1_mixed	319	F	109.0
307_D	0.0	7.791113045879047e-07	cluster_0_1_mixed	307	D	102.0
214_H	0.0	7.781918588257141e-07	cluster_0_1_mixed	214	H	40.0
906_I	0.0	7.770850142719125e-07	cluster_0_1_mixed	906	I	496.0
396_C	0.0	7.764639275510413e-07	cluster_0_1_mixed	396	C	155.0
170_S	0.0	7.753544518870942e-07	cluster_0_1_mixed	170	S	0.0
220_C	0.0	7.679286442352405e-07	cluster_0_1_mixed	220	C	46.0
811_H	0.0	7.665447576764626e-07	cluster_0_1_mixed	811	H	438.0
411_Q	0.0	7.634121730974728e-07	cluster_0_1_mixed	411	Q	170.0
315_F	0.0	7.632723991033712e-07	cluster_0_1_mixed	315	F	105.0
437_G	0.0	7.54573211420251e-07	cluster_0_1_mixed	437	G	190.0
239_Q	0.0	7.538933754038636e-07	cluster_0_1_mixed	239	Q	58.0
902_W	0.0	7.533041847383464e-07	cluster_0_1_mixed	902	W	496.0
857_R	0.0	7.531122859254511e-07	cluster_0_1_mixed	857	R	472.0
350_R	0.0	7.513251512397199e-07	cluster_0_1_mixed	350	R	131.0
442_R	0.0	7.449475642647046e-07	cluster_0_1_mixed	442	R	190.0
360_V	0.0	7.440202737751194e-07	cluster_0_1_mixed	360	V	134.0
888_F	0.0	7.425736917645522e-07	cluster_0_1_mixed	888	F	496.0
207_I	0.0	7.416851416734232e-07	cluster_0_1_mixed	207	I	34.0
688_F	0.0	7.401516638087581e-07	cluster_0_1_mixed	688	F	357.0
767_T	0.0	7.361849118687693e-07	cluster_0_1_mixed	767	T	414.0
447_Q	0.0	7.35745659324124e-07	cluster_0_1_mixed	447	Q	193.0
442_C	0.0	7.347034093035772e-07	cluster_0_1_mixed	442	C	190.0
422_Q	0.0	7.30323748255979e-07	cluster_0_1_mixed	422	Q	180.0
344_Q	0.0	7.286217513761556e-07	cluster_0_1_mixed	344	Q	130.0
124_E	0.0	7.282183544570124e-07	cluster_0_1_mixed	124	E	0.0
891_Y	0.0	7.277522016718039e-07	cluster_0_1_mixed	891	Y	496.0
203_Q	0.0	7.238096411406028e-07	cluster_0_1_mixed	203	Q	30.0
209_T	0.0	7.209568008039307e-07	cluster_0_1_mixed	209	T	36.0
725_Y	0.0	7.204343029920965e-07	cluster_0_1_mixed	725	Y	390.0
383_D	0.0	7.193035473311884e-07	cluster_0_1_mixed	383	D	148.0
505_A	0.0	7.166054249041522e-07	cluster_0_1_mixed	505	A	221.0
889_L	0.0	7.15631789401109e-07	cluster_0_1_mixed	889	L	496.0
818_R	0.0	7.102493166289461e-07	cluster_0_1_mixed	818	R	445.0
260_S	0.0	7.068443142407018e-07	cluster_0_1_mixed	260	S	78.0
320_V	0.0	7.000391749394564e-07	cluster_0_1_mixed	320	V	110.0
940_A	0.0	6.990606631391934e-07	cluster_0_1_mixed	940	A	523.0
441_K	0.0	6.972269456725315e-07	cluster_0_1_mixed	441	K	190.0
208_V	0.0	6.954534898827552e-07	cluster_0_1_mixed	208	V	35.0
153_S	0.0	6.938304089607754e-07	cluster_0_1_mixed	153	S	0.0
873_Y	0.0	6.914441378273969e-07	cluster_0_1_mixed	873	Y	482.0
527_H	0.0	6.904325297624946e-07	cluster_0_1_mixed	527	H	226.0
247_D	0.0	6.867858732828028e-07	cluster_0_1_mixed	247	D	65.0
887_K	0.0	6.860497714273369e-07	cluster_0_1_mixed	887	K	496.0
20_T	0.0	6.823199021759891e-07	cluster_0_1_mixed	20	T	0.0
508_D	0.0	6.815282612323673e-07	cluster_0_1_mixed	508	D	221.0
853_Y	0.0	6.812167331200258e-07	cluster_0_1_mixed	853	Y	468.0
210_G	0.0	6.756608164164937e-07	cluster_0_1_mixed	210	G	37.0
189_G	0.0	6.732250702591223e-07	cluster_0_1_mixed	189	G	16.0
432_C	0.0	6.726935859825669e-07	cluster_0_1_mixed	432	C	185.0
903_R	0.0	6.717250331339296e-07	cluster_0_1_mixed	903	R	496.0
876_P	0.0	6.65534764059469e-07	cluster_0_1_mixed	876	P	485.0
407_F	0.0	6.652848218250232e-07	cluster_0_1_mixed	407	F	166.0
654_I	0.0	6.639213812774594e-07	cluster_0_1_mixed	654	I	336.0
483_E	0.0	6.616457579626207e-07	cluster_0_1_mixed	483	E	221.0
413_W	0.0	6.59893266742402e-07	cluster_0_1_mixed	413	W	172.0
207_Q	0.0	6.569540028536356e-07	cluster_0_1_mixed	207	Q	34.0
294_C	0.0	6.532947687529503e-07	cluster_0_1_mixed	294	C	94.0
653_K	0.0	6.52307548087217e-07	cluster_0_1_mixed	653	K	335.0
330_C	0.0	6.511001418141011e-07	cluster_0_1_mixed	330	C	119.0
57_S	0.0	6.505722516214297e-07	cluster_0_1_mixed	57	S	0.0
897_K	0.0	6.483337417377362e-07	cluster_0_1_mixed	897	K	496.0
746_Q	0.0	6.362738915923088e-07	cluster_0_1_mixed	746	Q	411.0
407_V	0.0	6.337532560210895e-07	cluster_0_1_mixed	407	V	166.0
441_D	0.0	6.325964280208951e-07	cluster_0_1_mixed	441	D	190.0
418_W	0.0	6.282738018768141e-07	cluster_0_1_mixed	418	W	177.0
213_V	0.0	5.98145215921693e-07	cluster_0_1_mixed	213	V	40.0
857_H	0.0	5.977803239121766e-07	cluster_0_1_mixed	857	H	472.0
258_M	0.0	5.975982546731548e-07	cluster_0_1_mixed	258	M	76.0
722_F	0.0	5.962318745888223e-07	cluster_0_1_mixed	722	F	387.0
155_S	0.0	5.876427182293111e-07	cluster_0_1_mixed	155	S	0.0
523_R	0.0	5.8609146969714e-07	cluster_0_1_mixed	523	R	223.0
784_R	0.0	5.794638061891868e-07	cluster_0_1_mixed	784	R	426.0
196_C	0.0	5.78236754072571e-07	cluster_0_1_mixed	196	C	23.0
898_C	0.0	5.770549777420885e-07	cluster_0_1_mixed	898	C	496.0
205_Y	0.0	5.689419578122462e-07	cluster_0_1_mixed	205	Y	32.0
797_X	0.0	5.6378973099781e-07	cluster_0_1_mixed	797	X	431.0
778_I	0.0	5.585538625191408e-07	cluster_0_1_mixed	778	I	422.0
538_W	0.0	5.530902459642262e-07	cluster_0_1_mixed	538	W	232.0
364_R	0.0	5.521172318859802e-07	cluster_0_1_mixed	364	R	138.0
177_F	0.0	5.462017084165554e-07	cluster_0_1_mixed	177	F	6.0
575_K	0.0	5.458410016985101e-07	cluster_0_1_mixed	575	K	259.0
367_R	0.0	5.442033329140936e-07	cluster_0_1_mixed	367	R	139.0
294_T	0.0	5.409375632396754e-07	cluster_0_1_mixed	294	T	94.0
781_I	0.0	5.326211051626847e-07	cluster_0_1_mixed	781	I	425.0
903_T	0.0	5.198439346748717e-07	cluster_0_1_mixed	903	T	496.0
17_N	0.0	5.154394810522873e-07	cluster_0_1_mixed	17	N	0.0
502_L	0.0	5.151223450153097e-07	cluster_0_1_mixed	502	L	221.0
9_E	0.0	5.121921003218488e-07	cluster_0_1_mixed	9	E	0.0
421_H	0.0	5.090210296811484e-07	cluster_0_1_mixed	421	H	180.0
401_N	0.0	5.043925965318238e-07	cluster_0_1_mixed	401	N	160.0
540_I	0.0	5.000628313776007e-07	cluster_0_1_mixed	540	I	234.0
249_R	0.0	5.000354136010263e-07	cluster_0_1_mixed	249	R	67.0
698_Q	0.0	4.972604308344696e-07	cluster_0_1_mixed	698	Q	363.0
574_E	0.0	4.939381999458429e-07	cluster_0_1_mixed	574	E	258.0
509_G	0.0	4.930115028078689e-07	cluster_0_1_mixed	509	G	221.0
337_C	0.0	4.926396706311308e-07	cluster_0_1_mixed	337	C	126.0
441_Y	0.0	4.912958940466012e-07	cluster_0_1_mixed	441	Y	190.0
622_W	0.0	4.897080123824283e-07	cluster_0_1_mixed	622	W	305.0
411_M	0.0	4.881938937240929e-07	cluster_0_1_mixed	411	M	170.0
685_L	0.0	4.864081271534854e-07	cluster_0_1_mixed	685	L	354.0
802_S	0.0	4.849371105399751e-07	cluster_0_1_mixed	802	S	436.0
517_L	0.0	4.8249407307672e-07	cluster_0_1_mixed	517	L	223.0
173_R	0.0	4.782691548823907e-07	cluster_0_1_mixed	173	R	2.0
925_H	0.0	4.771076374211182e-07	cluster_0_1_mixed	925	H	508.0
793_Q	0.0	4.74221387387279e-07	cluster_0_1_mixed	793	Q	428.0
941_L	0.0	4.70634676369085e-07	cluster_0_1_mixed	941	L	524.0
261_H	0.0	4.6996042421941844e-07	cluster_0_1_mixed	261	H	79.0
131_S	0.0	4.672080516214479e-07	cluster_0_1_mixed	131	S	0.0
373_M	0.0	4.656267766534879e-07	cluster_0_1_mixed	373	M	141.0
488_R	0.0	4.6335428154116934e-07	cluster_0_1_mixed	488	R	221.0
383_P	0.0	4.591106636887955e-07	cluster_0_1_mixed	383	P	148.0
599_M	0.0	4.5807025857581475e-07	cluster_0_1_mixed	599	M	282.0
390_A	0.0	4.556336648728655e-07	cluster_0_1_mixed	390	A	155.0
927_C	0.0	4.552486007252756e-07	cluster_0_1_mixed	927	C	510.0
904_F	0.0	4.499267645683534e-07	cluster_0_1_mixed	904	F	496.0
690_Y	0.0	4.449949552247298e-07	cluster_0_1_mixed	690	Y	357.0
869_N	0.0	4.393292971960179e-07	cluster_0_1_mixed	869	N	478.0
514_I	0.0	4.389755346039e-07	cluster_0_1_mixed	514	I	221.0
800_E	0.0	4.384875562332887e-07	cluster_0_1_mixed	800	E	434.0
582_N	0.0	4.355998114161197e-07	cluster_0_1_mixed	582	N	266.0
251_G	0.0	4.339585935601762e-07	cluster_0_1_mixed	251	G	69.0
894_Y	0.0	4.315362807157321e-07	cluster_0_1_mixed	894	Y	496.0
850_K	0.0	4.2516517201036826e-07	cluster_0_1_mixed	850	K	467.0
165_I	0.0	4.243798002236155e-07	cluster_0_1_mixed	165	I	0.0
168_F	0.0	4.227945843314552e-07	cluster_0_1_mixed	168	F	0.0
698_L	0.0	4.2257470871931476e-07	cluster_0_1_mixed	698	L	363.0
117_T	0.0	4.218138416234106e-07	cluster_0_1_mixed	117	T	0.0
779_R	0.0	4.1758590757175475e-07	cluster_0_1_mixed	779	R	423.0
206_G	0.0	4.135423622878792e-07	cluster_0_1_mixed	206	G	33.0
651_M	0.0	4.100532479569992e-07	cluster_0_1_mixed	651	M	333.0
496_H	0.0	4.032977723226626e-07	cluster_0_1_mixed	496	H	221.0
421_Y	0.0	4.003901966471497e-07	cluster_0_1_mixed	421	Y	180.0
170_A	0.0	3.972022364660902e-07	cluster_0_1_mixed	170	A	0.0
115_R	0.0	3.928064413812928e-07	cluster_0_1_mixed	115	R	0.0
763_D	0.0	3.904691221024317e-07	cluster_0_1_mixed	763	D	413.0
734_H	0.0	3.864518021707037e-07	cluster_0_1_mixed	734	H	399.0
416_H	0.0	3.862159062595214e-07	cluster_0_1_mixed	416	H	175.0
905_P	0.0	3.8366563460584274e-07	cluster_0_1_mixed	905	P	496.0
841_L	0.0	3.780093079870915e-07	cluster_0_1_mixed	841	L	462.0
601_Q	0.0	3.772890955522677e-07	cluster_0_1_mixed	601	Q	284.0
253_I	0.0	3.764012723152279e-07	cluster_0_1_mixed	253	I	71.0
63_S	0.0	3.757041679559466e-07	cluster_0_1_mixed	63	S	0.0
253_E	0.0	3.706555587667468e-07	cluster_0_1_mixed	253	E	71.0
524_H	0.0	3.677135055545181e-07	cluster_0_1_mixed	524	H	223.0
815_G	0.0	3.656969693338635e-07	cluster_0_1_mixed	815	G	442.0
486_Y	0.0	3.5873478002384653e-07	cluster_0_1_mixed	486	Y	221.0
928_Y	0.0	3.5534007192159005e-07	cluster_0_1_mixed	928	Y	511.0
172_E	0.0	3.540734696436247e-07	cluster_0_1_mixed	172	E	1.0
448_L	0.0	3.536231548201804e-07	cluster_0_1_mixed	448	L	194.0
778_F	0.0	3.486795580454585e-07	cluster_0_1_mixed	778	F	422.0
938_M	0.0	3.460036041785254e-07	cluster_0_1_mixed	938	M	521.0
404_V	0.0	3.41225231493845e-07	cluster_0_1_mixed	404	V	163.0
459_N	0.0	3.395834670783214e-07	cluster_0_1_mixed	459	N	205.0
172_L	0.0	3.336548965644229e-07	cluster_0_1_mixed	172	L	1.0
821_K	0.0	3.330161623822669e-07	cluster_0_1_mixed	821	K	448.0
548_W	0.0	3.2999905593293244e-07	cluster_0_1_mixed	548	W	242.0
887_Q	0.0	3.2741260617426657e-07	cluster_0_1_mixed	887	Q	496.0
902_Q	0.0	3.252406567571223e-07	cluster_0_1_mixed	902	Q	496.0
685_M	0.0	3.252129770373046e-07	cluster_0_1_mixed	685	M	354.0
195_L	0.0	3.181548884201053e-07	cluster_0_1_mixed	195	L	22.0
892_Q	0.0	3.065242443786856e-07	cluster_0_1_mixed	892	Q	496.0
792_M	0.0	3.018256366704534e-07	cluster_0_1_mixed	792	M	428.0
449_E	0.0	2.978210354704469e-07	cluster_0_1_mixed	449	E	195.0
457_Q	0.0	2.9013240945922317e-07	cluster_0_1_mixed	457	Q	203.0
190_A	0.0	2.873486735835353e-07	cluster_0_1_mixed	190	A	17.0
176_Q	0.0	2.862573127756435e-07	cluster_0_1_mixed	176	Q	5.0
352_S	0.0	2.736151246226417e-07	cluster_0_1_mixed	352	S	133.0
362_Q	0.0	2.711574229321672e-07	cluster_0_1_mixed	362	Q	136.0
710_A	0.0	2.610733387702119e-07	cluster_0_1_mixed	710	A	375.0
429_F	0.0	2.607763113800485e-07	cluster_0_1_mixed	429	F	183.0
118_I	0.0	2.576018413423189e-07	cluster_0_1_mixed	118	I	0.0
404_Y	0.0	2.570171898021824e-07	cluster_0_1_mixed	404	Y	163.0
515_A	0.0	2.5106123098435037e-07	cluster_0_1_mixed	515	A	221.0
901_K	0.0	2.4679379581155233e-07	cluster_0_1_mixed	901	K	496.0
222_A	0.0	2.4612413861730465e-07	cluster_0_1_mixed	222	A	48.0
198_Q	0.0	2.427786615292177e-07	cluster_0_1_mixed	198	Q	25.0
789_K	0.0	2.3815286091491858e-07	cluster_0_1_mixed	789	K	427.0
814_S	0.0	2.347668325303671e-07	cluster_0_1_mixed	814	S	441.0
644_I	0.0	2.341908207644851e-07	cluster_0_1_mixed	644	I	326.0
817_M	0.0	2.2812580696589554e-07	cluster_0_1_mixed	817	M	444.0
356_Y	0.0	2.2674975177056793e-07	cluster_0_1_mixed	356	Y	134.0
438_V	0.0	2.2671017190521446e-07	cluster_0_1_mixed	438	V	190.0
838_V	0.0	2.2668984455746874e-07	cluster_0_1_mixed	838	V	459.0
367_E	0.0	2.246499521620676e-07	cluster_0_1_mixed	367	E	139.0
168_Q	0.0	2.2089338935851074e-07	cluster_0_1_mixed	168	Q	0.0
335_C	0.0	2.1686525687739953e-07	cluster_0_1_mixed	335	C	124.0
906_G	0.0	2.1653757347727338e-07	cluster_0_1_mixed	906	G	496.0
793_A	0.0	2.162284576980157e-07	cluster_0_1_mixed	793	A	428.0
130_D	0.0	2.0941655990616785e-07	cluster_0_1_mixed	130	D	0.0
870_H	0.0	2.0807905007135569e-07	cluster_0_1_mixed	870	H	479.0
359_N	0.0	2.0649890263675365e-07	cluster_0_1_mixed	359	N	134.0
161_K	0.0	2.0558487895997026e-07	cluster_0_1_mixed	161	K	0.0
729_M	0.0	2.0161583580894906e-07	cluster_0_1_mixed	729	M	394.0
461_F	0.0	2.01197628205627e-07	cluster_0_1_mixed	461	F	206.0
441_G	0.0	1.9982572943615069e-07	cluster_0_1_mixed	441	G	190.0
356_W	0.0	1.97612431657402e-07	cluster_0_1_mixed	356	W	134.0
414_H	0.0	1.968022913685101e-07	cluster_0_1_mixed	414	H	173.0
298_L	0.0	1.955245001839377e-07	cluster_0_1_mixed	298	L	98.0
163_V	0.0	1.9503392112621678e-07	cluster_0_1_mixed	163	V	0.0
451_F	0.0	1.9420090572673442e-07	cluster_0_1_mixed	451	F	197.0
319_I	0.0	1.9371437125653455e-07	cluster_0_1_mixed	319	I	109.0
392_S	0.0	1.8884958775684473e-07	cluster_0_1_mixed	392	S	155.0
245_I	0.0	1.808296967539918e-07	cluster_0_1_mixed	245	I	64.0
856_E	0.0	1.7982837438694378e-07	cluster_0_1_mixed	856	E	471.0
515_M	0.0	1.726708379087981e-07	cluster_0_1_mixed	515	M	221.0
359_L	0.0	1.6541418956547922e-07	cluster_0_1_mixed	359	L	134.0
196_M	0.0	1.625341618257353e-07	cluster_0_1_mixed	196	M	23.0
515_F	0.0	1.6144722766714393e-07	cluster_0_1_mixed	515	F	221.0
793_S	0.0	1.5827135365670301e-07	cluster_0_1_mixed	793	S	428.0
216_N	0.0	1.569059121178012e-07	cluster_0_1_mixed	216	N	42.0
212_N	0.0	1.5596539667006962e-07	cluster_0_1_mixed	212	N	39.0
221_N	0.0	1.5308983976876046e-07	cluster_0_1_mixed	221	N	47.0
856_F	0.0	1.5002860297692845e-07	cluster_0_1_mixed	856	F	471.0
166_L	0.0	1.495138630475601e-07	cluster_0_1_mixed	166	L	0.0
326_K	0.0	1.4891730602431539e-07	cluster_0_1_mixed	326	K	116.0
72_L	0.0	1.4711852566976354e-07	cluster_0_1_mixed	72	L	0.0
591_D	0.0	1.4587680656556373e-07	cluster_0_1_mixed	591	D	274.0
597_Q	0.0	1.417131425063594e-07	cluster_0_1_mixed	597	Q	280.0
410_I	0.0	1.4084980750224396e-07	cluster_0_1_mixed	410	I	169.0
920_Q	0.0	1.407474430252328e-07	cluster_0_1_mixed	920	Q	503.0
772_M	0.0	1.358318691476103e-07	cluster_0_1_mixed	772	M	419.0
218_C	0.0	1.2698598277747165e-07	cluster_0_1_mixed	218	C	44.0
781_F	0.0	1.251565745901232e-07	cluster_0_1_mixed	781	F	425.0
532_H	0.0	1.2397676624558185e-07	cluster_0_1_mixed	532	H	231.0
620_E	0.0	1.2358270778804705e-07	cluster_0_1_mixed	620	E	303.0
928_E	0.0	1.222579763077669e-07	cluster_0_1_mixed	928	E	511.0
832_L	0.0	1.199614044090243e-07	cluster_0_1_mixed	832	L	454.0
72_N	0.0	1.17928945626346e-07	cluster_0_1_mixed	72	N	0.0
573_M	0.0	1.1594044342729777e-07	cluster_0_1_mixed	573	M	257.0
726_F	0.0	1.1273128094633993e-07	cluster_0_1_mixed	726	F	391.0
749_V	0.0	1.1121664858047985e-07	cluster_0_1_mixed	749	V	413.0
173_T	0.0	1.1093934178714717e-07	cluster_0_1_mixed	173	T	2.0
5_N	0.0	1.1015827271265807e-07	cluster_0_1_mixed	5	N	0.0
859_T	0.0	1.0908354035200009e-07	cluster_0_1_mixed	859	T	474.0
356_R	0.0	1.0876849964925541e-07	cluster_0_1_mixed	356	R	134.0
372_K	0.0	1.0670417489965653e-07	cluster_0_1_mixed	372	K	141.0
529_M	0.0	1.0501341204483757e-07	cluster_0_1_mixed	529	M	228.0
564_M	0.0	1.04101230537435e-07	cluster_0_1_mixed	564	M	249.0
695_E	0.0	1.0346320016984997e-07	cluster_0_1_mixed	695	E	360.0
358_Y	0.0	9.988937220857375e-08	cluster_0_1_mixed	358	Y	134.0
897_S	0.0	9.789031998086901e-08	cluster_0_1_mixed	897	S	496.0
750_L	0.0	9.729341518166077e-08	cluster_0_1_mixed	750	L	413.0
190_M	0.0	9.238861095069293e-08	cluster_0_1_mixed	190	M	17.0
829_T	0.0	9.203501535946825e-08	cluster_0_1_mixed	829	T	454.0
412_G	0.0	9.063373684364108e-08	cluster_0_1_mixed	412	G	171.0
166_T	0.0	8.98327251233066e-08	cluster_0_1_mixed	166	T	0.0
930_G	0.0	8.72604525976818e-08	cluster_0_1_mixed	930	G	513.0
778_R	0.0	8.630302335841621e-08	cluster_0_1_mixed	778	R	422.0
220_L	0.0	8.308827198503354e-08	cluster_0_1_mixed	220	L	46.0
434_W	0.0	8.246264909681434e-08	cluster_0_1_mixed	434	W	187.0
829_A	0.0	8.176728600554817e-08	cluster_0_1_mixed	829	A	454.0
170_R	0.0	8.135952701642128e-08	cluster_0_1_mixed	170	R	0.0
799_X	0.0	8.128333486732834e-08	cluster_0_1_mixed	799	X	433.0
266_Q	0.0	7.847930608861011e-08	cluster_0_1_mixed	266	Q	84.0
905_T	0.0	7.839485491595764e-08	cluster_0_1_mixed	905	T	496.0
337_M	0.0	7.550907268252136e-08	cluster_0_1_mixed	337	M	126.0
383_I	0.0	7.349961289376952e-08	cluster_0_1_mixed	383	I	148.0
741_M	0.0	7.180498812404155e-08	cluster_0_1_mixed	741	M	406.0
703_H	0.0	6.781067234278453e-08	cluster_0_1_mixed	703	H	368.0
341_E	0.0	6.694130065675748e-08	cluster_0_1_mixed	341	E	130.0
866_K	0.0	6.614183132323539e-08	cluster_0_1_mixed	866	K	475.0
867_H	0.0	6.369011943114344e-08	cluster_0_1_mixed	867	H	476.0
794_M	0.0	5.990837651070381e-08	cluster_0_1_mixed	794	M	429.0
845_A	0.0	5.905875810222924e-08	cluster_0_1_mixed	845	A	466.0
128_S	0.0	5.7848125444747764e-08	cluster_0_1_mixed	128	S	0.0
520_W	0.0	5.655178743653839e-08	cluster_0_1_mixed	520	W	223.0
200_Q	0.0	5.6236131352072454e-08	cluster_0_1_mixed	200	Q	27.0
692_Y	0.0	5.5931320002809346e-08	cluster_0_1_mixed	692	Y	357.0
907_N	0.0	5.49964645792921e-08	cluster_0_1_mixed	907	N	496.0
868_K	0.0	5.461082668089572e-08	cluster_0_1_mixed	868	K	477.0
154_G	0.0	5.26869062174232e-08	cluster_0_1_mixed	154	G	0.0
112_I	0.0	5.260907918339619e-08	cluster_0_1_mixed	112	I	0.0
765_V	0.0	5.25528810740264e-08	cluster_0_1_mixed	765	V	413.0
491_M	0.0	5.1745368219508015e-08	cluster_0_1_mixed	491	M	221.0
257_L	0.0	5.145204042707945e-08	cluster_0_1_mixed	257	L	75.0
497_V	0.0	5.0920140146564785e-08	cluster_0_1_mixed	497	V	221.0
620_G	0.0	4.994120404577904e-08	cluster_0_1_mixed	620	G	303.0
388_F	0.0	4.768083574639661e-08	cluster_0_1_mixed	388	F	153.0
890_Q	0.0	4.691218467506393e-08	cluster_0_1_mixed	890	Q	496.0
945_P	0.0	4.68947153853054e-08	cluster_0_1_mixed	945	P	524.0
573_W	0.0	4.661469728213362e-08	cluster_0_1_mixed	573	W	257.0
250_M	0.0	4.576694275367348e-08	cluster_0_1_mixed	250	M	68.0
869_A	0.0	4.211574227419082e-08	cluster_0_1_mixed	869	A	478.0
262_T	0.0	4.1822043069665826e-08	cluster_0_1_mixed	262	T	80.0
512_R	0.0	4.177866342062788e-08	cluster_0_1_mixed	512	R	221.0
514_A	0.0	3.9034671373400277e-08	cluster_0_1_mixed	514	A	221.0
563_H	0.0	3.8049736075742065e-08	cluster_0_1_mixed	563	H	248.0
506_T	0.0	3.7479739669103825e-08	cluster_0_1_mixed	506	T	221.0
125_A	0.0	3.73513585572402e-08	cluster_0_1_mixed	125	A	0.0
339_W	0.0	3.6436139152507274e-08	cluster_0_1_mixed	339	W	128.0
261_X	0.0	3.6140603197581216e-08	cluster_0_1_mixed	261	X	79.0
32_G	0.0	3.44666118755976e-08	cluster_0_1_mixed	32	G	0.0
277_I	0.0	3.4072837685788335e-08	cluster_0_1_mixed	277	I	88.0
476_W	0.0	3.3077251832526214e-08	cluster_0_1_mixed	476	W	219.0
510_D	0.0	3.295241937061936e-08	cluster_0_1_mixed	510	D	221.0
317_I	0.0	3.2412293028365595e-08	cluster_0_1_mixed	317	I	107.0
518_Q	0.0	3.2069384605801244e-08	cluster_0_1_mixed	518	Q	223.0
788_T	0.0	3.1636129603208165e-08	cluster_0_1_mixed	788	T	427.0
513_T	0.0	3.15374125566559e-08	cluster_0_1_mixed	513	T	221.0
897_G	0.0	3.0731127308530914e-08	cluster_0_1_mixed	897	G	496.0
252_C	0.0	2.9855650446203755e-08	cluster_0_1_mixed	252	C	70.0
165_G	0.0	2.9409317559430547e-08	cluster_0_1_mixed	165	G	0.0
630_Q	0.0	2.9180583015171403e-08	cluster_0_1_mixed	630	Q	312.0
790_H	0.0	2.8902191508972447e-08	cluster_0_1_mixed	790	H	428.0
896_S	0.0	2.777850191973748e-08	cluster_0_1_mixed	896	S	496.0
236_F	0.0	2.7409022943983026e-08	cluster_0_1_mixed	236	F	55.0
739_F	0.0	2.66198548184865e-08	cluster_0_1_mixed	739	F	404.0
915_F	0.0	2.6161426770606903e-08	cluster_0_1_mixed	915	F	502.0
375_W	0.0	2.6089614503290632e-08	cluster_0_1_mixed	375	W	141.0
413_L	0.0	2.534070984662756e-08	cluster_0_1_mixed	413	L	172.0
513_N	0.0	2.4874459312794202e-08	cluster_0_1_mixed	513	N	221.0
914_Q	0.0	2.4503480157575735e-08	cluster_0_1_mixed	914	Q	501.0
220_E	0.0	2.4071317772963112e-08	cluster_0_1_mixed	220	E	46.0
844_Y	0.0	2.38953399874418e-08	cluster_0_1_mixed	844	Y	465.0
495_K	0.0	2.3420810420637545e-08	cluster_0_1_mixed	495	K	221.0
257_V	0.0	2.2259670591845713e-08	cluster_0_1_mixed	257	V	75.0
198_G	0.0	2.2175411214761793e-08	cluster_0_1_mixed	198	G	25.0
495_E	0.0	2.1999945395819106e-08	cluster_0_1_mixed	495	E	221.0
167_E	0.0	2.182052771689201e-08	cluster_0_1_mixed	167	E	0.0
169_Q	0.0	2.1590083660737163e-08	cluster_0_1_mixed	169	Q	0.0
912_K	0.0	2.0636450542970273e-08	cluster_0_1_mixed	912	K	499.0
109_A	0.0	2.0587870599259465e-08	cluster_0_1_mixed	109	A	0.0
919_K	0.0	2.0191153621781705e-08	cluster_0_1_mixed	919	K	502.0
406_S	0.0	1.9875735101593215e-08	cluster_0_1_mixed	406	S	165.0
268_X	0.0	1.931868908410195e-08	cluster_0_1_mixed	268	X	86.0
583_Q	0.0	1.8289244363053542e-08	cluster_0_1_mixed	583	Q	267.0
318_Q	0.0	1.716227648800397e-08	cluster_0_1_mixed	318	Q	108.0
368_H	0.0	1.5912511171022882e-08	cluster_0_1_mixed	368	H	139.0
867_I	0.0	1.5547373430957638e-08	cluster_0_1_mixed	867	I	476.0
681_S	0.0	1.5044021156047876e-08	cluster_0_1_mixed	681	S	350.0
424_H	0.0	1.4903948608182814e-08	cluster_0_1_mixed	424	H	180.0
830_G	0.0	1.4150469646767333e-08	cluster_0_1_mixed	830	G	454.0
518_M	0.0	1.1930575253183926e-08	cluster_0_1_mixed	518	M	223.0
703_L	0.0	1.1815428285173594e-08	cluster_0_1_mixed	703	L	368.0
257_K	0.0	1.032726518276301e-08	cluster_0_1_mixed	257	K	75.0
835_E	0.0	1.0017382392743082e-08	cluster_0_1_mixed	835	E	456.0
483_R	0.0	9.931849152191066e-09	cluster_0_1_mixed	483	R	221.0
940_X	0.0	9.720709657661698e-09	cluster_0_1_mixed	940	X	523.0
828_T	0.0	9.706082421602524e-09	cluster_0_1_mixed	828	T	454.0
189_M	0.0	9.608392382683374e-09	cluster_0_1_mixed	189	M	16.0
365_A	0.0	8.948312742772703e-09	cluster_0_1_mixed	365	A	139.0
336_C	0.0	8.795054012177976e-09	cluster_0_1_mixed	336	C	125.0
816_T	0.0	8.673644762746257e-09	cluster_0_1_mixed	816	T	443.0
908_L	0.0	8.595465651989274e-09	cluster_0_1_mixed	908	L	496.0
767_K	0.0	8.31752961942735e-09	cluster_0_1_mixed	767	K	414.0
205_D	0.0	8.220019534617899e-09	cluster_0_1_mixed	205	D	32.0
664_G	0.0	7.914891903405857e-09	cluster_0_1_mixed	664	G	339.0
168_M	0.0	7.841607605990626e-09	cluster_0_1_mixed	168	M	0.0
830_M	0.0	7.443899433713381e-09	cluster_0_1_mixed	830	M	454.0
833_M	0.0	7.3855327002027145e-09	cluster_0_1_mixed	833	M	454.0
642_A	0.0	7.2159347492116495e-09	cluster_0_1_mixed	642	A	324.0
558_H	0.0	6.948400629539732e-09	cluster_0_1_mixed	558	H	245.0
516_F	0.0	6.537035835184111e-09	cluster_0_1_mixed	516	F	222.0
342_W	0.0	5.80986399066558e-09	cluster_0_1_mixed	342	W	130.0
857_M	0.0	5.4633616133333765e-09	cluster_0_1_mixed	857	M	472.0
121_E	0.0	5.4154635353306365e-09	cluster_0_1_mixed	121	E	0.0
812_L	0.0	5.083986397082377e-09	cluster_0_1_mixed	812	L	439.0
913_A	0.0	4.9192833098796014e-09	cluster_0_1_mixed	913	A	500.0
202_N	0.0	4.880080363337374e-09	cluster_0_1_mixed	202	N	29.0
339_X	0.0	4.59328418373635e-09	cluster_0_1_mixed	339	X	128.0
570_H	0.0	4.581111074991262e-09	cluster_0_1_mixed	570	H	254.0
444_L	0.0	4.463836764362331e-09	cluster_0_1_mixed	444	L	190.0
634_C	0.0	4.4130872780708845e-09	cluster_0_1_mixed	634	C	316.0
917_A	0.0	3.6426222897186284e-09	cluster_0_1_mixed	917	A	502.0
426_K	0.0	3.294583897837057e-09	cluster_0_1_mixed	426	K	182.0
297_R	0.0	3.026096857925792e-09	cluster_0_1_mixed	297	R	97.0
303_C	0.0	2.7949342299660335e-09	cluster_0_1_mixed	303	C	102.0
207_G	0.0	2.7372899988275622e-09	cluster_0_1_mixed	207	G	34.0
277_G	0.0	2.724867893620338e-09	cluster_0_1_mixed	277	G	88.0
296_H	0.0	2.7101184915073893e-09	cluster_0_1_mixed	296	H	96.0
816_V	0.0	2.492025245488901e-09	cluster_0_1_mixed	816	V	443.0
361_Y	0.0	2.422294016987085e-09	cluster_0_1_mixed	361	Y	135.0
371_C	0.0	2.219371514318093e-09	cluster_0_1_mixed	371	C	141.0
355_X	0.0	1.9549548735821682e-09	cluster_0_1_mixed	355	X	134.0
441_F	0.0	1.895040613260694e-09	cluster_0_1_mixed	441	F	190.0
907_D	0.0	1.8529661123020646e-09	cluster_0_1_mixed	907	D	496.0
679_M	0.0	1.820378670369224e-09	cluster_0_1_mixed	679	M	348.0
162_M	0.0	1.7869121906375104e-09	cluster_0_1_mixed	162	M	0.0
174_T	0.0	1.400625201136102e-09	cluster_0_1_mixed	174	T	3.0
742_C	0.0	1.3308880621100184e-09	cluster_0_1_mixed	742	C	407.0
843_H	0.0	1.1204719671794676e-09	cluster_0_1_mixed	843	H	464.0
327_C	0.0	1.036241440329579e-09	cluster_0_1_mixed	327	C	117.0
377_R	0.0	9.85678222660277e-10	cluster_0_1_mixed	377	R	142.0
562_H	0.0	9.144381895717027e-10	cluster_0_1_mixed	562	H	247.0
169_E	0.0	8.91566607638622e-10	cluster_0_1_mixed	169	E	0.0
165_F	0.0	8.838821802007113e-10	cluster_0_1_mixed	165	F	0.0
364_C	0.0	8.398488658728762e-10	cluster_0_1_mixed	364	C	138.0
492_H	0.0	7.87970427467871e-10	cluster_0_1_mixed	492	H	221.0
646_C	0.0	4.468917444807299e-10	cluster_0_1_mixed	646	C	328.0
903_H	0.0	4.4466946638731245e-10	cluster_0_1_mixed	903	H	496.0
339_H	0.0	3.7102016880389633e-10	cluster_0_1_mixed	339	H	128.0
834_L	0.0	3.079720906310943e-10	cluster_0_1_mixed	834	L	455.0
172_G	0.0	2.3707822099112445e-10	cluster_0_1_mixed	172	G	1.0
810_L	0.0	1.4856930317859044e-10	cluster_0_1_mixed	810	L	438.0
905_I	0.0	1.3288856382296667e-10	cluster_0_1_mixed	905	I	496.0
798_X	0.0	1.16961865558009e-10	cluster_0_1_mixed	798	X	432.0
515_E	0.0	9.454277796435396e-11	cluster_0_1_mixed	515	E	221.0
768_N	0.0	3.7015735712390166e-11	cluster_0_1_mixed	768	N	415.0
795_W	0.0	0.0	cluster_0_1_mixed	795	W	429.0
796_D	0.0	0.0	cluster_0_1_mixed	796	D	430.0
916_S	0.0	0.0	cluster_0_1_mixed	916	S	502.0
155_K	0.0	0.0	cluster_0_1_mixed	155	K	0.0
210_E	0.0	0.0	cluster_0_1_mixed	210	E	37.0
210_V	0.0	0.0	cluster_0_1_mixed	210	V	37.0
212_P	0.0	0.0	cluster_0_1_mixed	212	P	39.0
585_A	0.0	0.0	cluster_0_1_mixed	585	A	269.0
341_K	0.0	0.0	cluster_0_1_mixed	341	K	130.0
347_N	0.0	0.0	cluster_0_1_mixed	347	N	130.0
829_S	0.0	0.0	cluster_0_1_mixed	829	S	454.0
279_L	0.0	0.0	cluster_0_1_mixed	279	L	90.0
279_Q	0.0	0.0	cluster_0_1_mixed	279	Q	90.0
204_E	0.0	0.0	cluster_0_1_mixed	204	E	31.0
164_T	0.0	0.0	cluster_0_1_mixed	164	T	0.0
383_W	0.0	0.0	cluster_0_1_mixed	383	W	148.0
383_F	0.0	0.0	cluster_0_1_mixed	383	F	148.0
794_P	0.0	0.0	cluster_0_1_mixed	794	P	429.0
198_D	0.0	0.0	cluster_0_1_mixed	198	D	25.0
201_R	0.0	0.0	cluster_0_1_mixed	201	R	28.0
898_E	0.0	0.0	cluster_0_1_mixed	898	E	496.0
191_Q	0.0	0.0	cluster_0_1_mixed	191	Q	18.0
171_Q	0.0	0.0	cluster_0_1_mixed	171	Q	0.0
171_N	0.0	0.0	cluster_0_1_mixed	171	N	0.0
394_F	0.0	0.0	cluster_0_1_mixed	394	F	155.0
868_R	0.0	0.0	cluster_0_1_mixed	868	R	477.0
349_H	0.0	0.0	cluster_0_1_mixed	349	H	131.0
260_L	0.0	0.0	cluster_0_1_mixed	260	L	78.0
144_M	0.0	0.0	cluster_0_1_mixed	144	M	0.0
143_G	0.0	0.0	cluster_0_1_mixed	143	G	0.0
381_K	0.0	0.0	cluster_0_1_mixed	381	K	146.0
446_M	0.0	0.0	cluster_0_1_mixed	446	M	192.0
656_I	0.0	0.0	cluster_0_1_mixed	656	I	338.0
478_N	0.0	0.0	cluster_0_1_mixed	478	N	221.0
702_T	0.0	0.0	cluster_0_1_mixed	702	T	367.0
322_Q	0.0	0.0	cluster_0_1_mixed	322	Q	112.0
319_P	0.0	0.0	cluster_0_1_mixed	319	P	109.0
480_E	0.0	0.0	cluster_0_1_mixed	480	E	221.0
327_N	0.0	0.0	cluster_0_1_mixed	327	N	117.0
120_S	0.0	0.0	cluster_0_1_mixed	120	S	0.0
906_L	0.0	0.0	cluster_0_1_mixed	906	L	496.0
179_Y	0.0	0.0	cluster_0_1_mixed	179	Y	8.0
906_F	0.0	0.0	cluster_0_1_mixed	906	F	496.0
104_V	0.0	0.0	cluster_0_1_mixed	104	V	0.0
102_I	0.0	0.0	cluster_0_1_mixed	102	I	0.0
470_D	0.0	0.0	cluster_0_1_mixed	470	D	213.0
391_E	0.0	0.0	cluster_0_1_mixed	391	E	155.0
458_P	0.0	0.0	cluster_0_1_mixed	458	P	204.0
669_K	0.0	0.0	cluster_0_1_mixed	669	K	340.0
116_I	0.0	0.0	cluster_0_1_mixed	116	I	0.0
866_V	0.0	0.0	cluster_0_1_mixed	866	V	475.0
871_H	0.0	0.0	cluster_0_1_mixed	871	H	480.0
555_K	0.0	0.0	cluster_0_1_mixed	555	K	243.0
253_S	0.0	0.0	cluster_0_1_mixed	253	S	71.0
399_A	0.0	0.0	cluster_0_1_mixed	399	A	158.0
398_X	0.0	0.0	cluster_0_1_mixed	398	X	157.0
893_I	0.0	0.0	cluster_0_1_mixed	893	I	496.0
770_V	0.0	0.0	cluster_0_1_mixed	770	V	417.0
770_M	0.0	0.0	cluster_0_1_mixed	770	M	417.0
580_F	0.0	0.0	cluster_0_1_mixed	580	F	264.0
791_I	0.0	0.0	cluster_0_1_mixed	791	I	428.0
410_X	0.0	0.0	cluster_0_1_mixed	410	X	169.0
450_K	0.0	0.0	cluster_0_1_mixed	450	K	196.0
208_E	0.0	0.0	cluster_0_1_mixed	208	E	35.0
879_S	0.0	0.0	cluster_0_1_mixed	879	S	488.0
878_S	0.0	0.0	cluster_0_1_mixed	878	S	487.0
221_S	0.0	0.0	cluster_0_1_mixed	221	S	47.0
409_N	0.0	0.0	cluster_0_1_mixed	409	N	168.0
903_E	0.0	0.0	cluster_0_1_mixed	903	E	496.0
902_C	0.0	0.0	cluster_0_1_mixed	902	C	496.0
611_Y	0.0	0.0	cluster_0_1_mixed	611	Y	294.0
901_Q	0.0	0.0	cluster_0_1_mixed	901	Q	496.0
403_G	0.0	0.0	cluster_0_1_mixed	403	G	162.0
407_E	0.0	0.0	cluster_0_1_mixed	407	E	166.0
474_K	0.0	0.0	cluster_0_1_mixed	474	K	217.0
478_A	0.0	0.0	cluster_0_1_mixed	478	A	221.0
682_N	0.0	0.0	cluster_0_1_mixed	682	N	351.0
470_T	0.0	0.0	cluster_0_1_mixed	470	T	213.0
495_M	0.0	0.0	cluster_0_1_mixed	495	M	221.0
514_V	0.0	0.0	cluster_0_1_mixed	514	V	221.0
518_H	0.0	0.0	cluster_0_1_mixed	518	H	223.0
529_H	0.0	0.0	cluster_0_1_mixed	529	H	228.0
266_R	0.0	0.0	cluster_0_1_mixed	266	R	84.0
120_G	0.0	0.0	cluster_0_1_mixed	120	G	0.0
838_E	0.0	0.0	cluster_0_1_mixed	838	E	459.0
50_Q	0.0	0.0	cluster_0_1_mixed	50	Q	0.0
22_R	0.0	0.0	cluster_0_1_mixed	22	R	0.0
617_H	0.0	0.0	cluster_0_1_mixed	617	H	300.0
414_R	0.0	0.0	cluster_0_1_mixed	414	R	173.0
417_C	0.0	0.0	cluster_0_1_mixed	417	C	176.0
467_R	0.0	0.0	cluster_0_1_mixed	467	R	210.0
467_L	0.0	0.0	cluster_0_1_mixed	467	L	210.0
315_V	0.0	0.0	cluster_0_1_mixed	315	V	105.0
932_I	0.0	0.0	cluster_0_1_mixed	932	I	515.0
470_P	0.0	0.0	cluster_0_1_mixed	470	P	213.0
240_G	0.0	0.0	cluster_0_1_mixed	240	G	59.0
238_X	0.0	0.0	cluster_0_1_mixed	238	X	57.0
872_I	0.0	0.0	cluster_0_1_mixed	872	I	481.0
242_N	0.0	0.0	cluster_0_1_mixed	242	N	61.0
225_A	0.0	0.0	cluster_0_1_mixed	225	A	51.0
236_S	0.0	0.0	cluster_0_1_mixed	236	S	55.0
221_F	0.0	0.0	cluster_0_1_mixed	221	F	47.0
214_V	0.0	0.0	cluster_0_1_mixed	214	V	40.0
222_W	0.0	0.0	cluster_0_1_mixed	222	W	48.0
163_L	0.0	0.0	cluster_0_1_mixed	163	L	0.0
803_A	0.0	0.0	cluster_0_1_mixed	803	A	437.0
809_K	0.0	0.0	cluster_0_1_mixed	809	K	438.0
368_R	0.0	0.0	cluster_0_1_mixed	368	R	139.0
808_Y	0.0	0.0	cluster_0_1_mixed	808	Y	438.0
385_I	0.0	0.0	cluster_0_1_mixed	385	I	150.0
208_P	0.0	0.0	cluster_0_1_mixed	208	P	35.0
217_M	0.0	0.0	cluster_0_1_mixed	217	M	43.0
218_X	0.0	0.0	cluster_0_1_mixed	218	X	44.0
216_L	0.0	0.0	cluster_0_1_mixed	216	L	42.0
721_V	0.0	0.0	cluster_0_1_mixed	721	V	386.0
463_G	0.0	0.0	cluster_0_1_mixed	463	G	206.0
153_D	0.0	0.0	cluster_0_1_mixed	153	D	0.0
355_D	0.0	0.0	cluster_0_1_mixed	355	D	134.0
389_E	0.0	0.0	cluster_0_1_mixed	389	E	154.0
151_A	0.0	0.0	cluster_0_1_mixed	151	A	0.0
438_A	0.0	0.0	cluster_0_1_mixed	438	A	190.0
498_W	0.0	0.0	cluster_0_1_mixed	498	W	221.0
228_T	0.0	0.0	cluster_0_1_mixed	228	T	54.0
167_T	0.0	0.0	cluster_0_1_mixed	167	T	0.0
168_V	0.0	0.0	cluster_0_1_mixed	168	V	0.0
205_F	0.0	0.0	cluster_0_1_mixed	205	F	32.0
792_R	0.0	0.0	cluster_0_1_mixed	792	R	428.0
363_G	0.0	0.0	cluster_0_1_mixed	363	G	137.0
