index	shap_value	gini_imp	cluster_num
715_R	0	0.0037630734924981118	cluster_0_1_mixed
605_K	0	0.0036057615954651133	cluster_0_1_mixed
599_Q	0	0.003571181067351407	cluster_0_1_mixed
728_W	0	0.0033671531575445008	cluster_0_1_mixed
199_Q	0	0.0032213243133518412	cluster_0_1_mixed
700_K	0	0.003115831329114224	cluster_0_1_mixed
622_R	0	0.003108019818862684	cluster_0_1_mixed
199_P	0	0.003078787931301435	cluster_0_1_mixed
184_T	0	0.00297195569104727	cluster_0_1_mixed
618_T	0	0.0027567710715783195	cluster_0_1_mixed
681_M	0	0.002684477781697548	cluster_0_1_mixed
386_G	0	0.002658944013645753	cluster_0_1_mixed
741_F	0	0.0025982770181544983	cluster_0_1_mixed
728_F	0	0.002485788853150507	cluster_0_1_mixed
738_W	0	0.0024427747140931123	cluster_0_1_mixed
738_F	0	0.002384197879868226	cluster_0_1_mixed
883_G	0	0.0023538439011703675	cluster_0_1_mixed
323_S	0	0.00229560553991445	cluster_0_1_mixed
883_V	0	0.002253090118401702	cluster_0_1_mixed
207_H	0	0.002227701122614521	cluster_0_1_mixed
299_E	0	0.002178938042410639	cluster_0_1_mixed
741_L	0	0.0021655474324195714	cluster_0_1_mixed
256_N	0	0.002159195973360336	cluster_0_1_mixed
383_N	0	0.0021330174669007412	cluster_0_1_mixed
600_S	0	0.002116970448821469	cluster_0_1_mixed
645_K	0	0.0020367857665534177	cluster_0_1_mixed
264_L	0	0.0020255812744850504	cluster_0_1_mixed
179_G	0	0.0020176029362769785	cluster_0_1_mixed
894_P	0	0.0020017368468936533	cluster_0_1_mixed
208_G	0	0.0019923555405673425	cluster_0_1_mixed
381_F	0	0.0019844199657130094	cluster_0_1_mixed
615_T	0	0.001975833870043619	cluster_0_1_mixed
697_G	0	0.0019458853058511704	cluster_0_1_mixed
730_R	0	0.0019222508188647574	cluster_0_1_mixed
673_D	0	0.001919762166069294	cluster_0_1_mixed
803_W	0	0.0018903229459755631	cluster_0_1_mixed
732_D	0	0.001887791591855558	cluster_0_1_mixed
646_T	0	0.001869316775497525	cluster_0_1_mixed
706_G	0	0.0018633031714512728	cluster_0_1_mixed
610_D	0	0.0018538915138310511	cluster_0_1_mixed
192_M	0	0.0018284204210682077	cluster_0_1_mixed
206_Q	0	0.0018247715983355	cluster_0_1_mixed
599_E	0	0.0018201891310652113	cluster_0_1_mixed
768_L	0	0.0018062693952436977	cluster_0_1_mixed
882_A	0	0.0017990780248215313	cluster_0_1_mixed
833_T	0	0.0017969220875845495	cluster_0_1_mixed
188_K	0	0.0017742558769807972	cluster_0_1_mixed
693_A	0	0.001726348005340311	cluster_0_1_mixed
766_A	0	0.0017246959683712621	cluster_0_1_mixed
444_K	0	0.0016768075690154595	cluster_0_1_mixed
848_D	0	0.0016658034931752613	cluster_0_1_mixed
247_G	0	0.0016517511473815429	cluster_0_1_mixed
600_A	0	0.0016475733625910304	cluster_0_1_mixed
347_V	0	0.0016434175746208098	cluster_0_1_mixed
833_N	0	0.0016378907909242546	cluster_0_1_mixed
893_E	0	0.0016213708207081343	cluster_0_1_mixed
381_H	0	0.001614372470049644	cluster_0_1_mixed
746_E	0	0.0016083740091328558	cluster_0_1_mixed
605_R	0	0.0015796861700070896	cluster_0_1_mixed
383_A	0	0.0015772345237666928	cluster_0_1_mixed
353_Q	0	0.0015764664161158604	cluster_0_1_mixed
683_G	0	0.001555010138049504	cluster_0_1_mixed
191_S	0	0.0015541740049862353	cluster_0_1_mixed
205_R	0	0.0015424805785826286	cluster_0_1_mixed
754_E	0	0.001527875186808149	cluster_0_1_mixed
351_T	0	0.0015239832969792821	cluster_0_1_mixed
930_T	0	0.0015109574675596588	cluster_0_1_mixed
182_P	0	0.0015106834716492503	cluster_0_1_mixed
280_N	0	0.0014998150196142933	cluster_0_1_mixed
281_R	0	0.0014981762334139181	cluster_0_1_mixed
684_M	0	0.0014971087760371736	cluster_0_1_mixed
700_Q	0	0.0014930865383673644	cluster_0_1_mixed
241_Q	0	0.0014912911448094293	cluster_0_1_mixed
780_D	0	0.0014882697009029916	cluster_0_1_mixed
265_D	0	0.0014866509826342948	cluster_0_1_mixed
744_L	0	0.0014816954961535526	cluster_0_1_mixed
189_D	0	0.0014812130836643234	cluster_0_1_mixed
412_L	0	0.0014783752056862966	cluster_0_1_mixed
266_S	0	0.0014752260050377123	cluster_0_1_mixed
732_T	0	0.0014736059942912886	cluster_0_1_mixed
823_L	0	0.001473304128138586	cluster_0_1_mixed
681_L	0	0.001472877496387302	cluster_0_1_mixed
182_N	0	0.001465549541650881	cluster_0_1_mixed
678_Q	0	0.001460745481991527	cluster_0_1_mixed
724_L	0	0.0014557298930091573	cluster_0_1_mixed
731_S	0	0.0014340519419783766	cluster_0_1_mixed
895_D	0	0.0014129117676483826	cluster_0_1_mixed
444_R	0	0.0014056925608035209	cluster_0_1_mixed
627_V	0	0.0014012542654586269	cluster_0_1_mixed
192_R	0	0.00140062805932714	cluster_0_1_mixed
810_Y	0	0.0013972777064112658	cluster_0_1_mixed
176_G	0	0.0013842326675607703	cluster_0_1_mixed
179_M	0	0.0013779723740725974	cluster_0_1_mixed
645_S	0	0.0013763581442778805	cluster_0_1_mixed
206_D	0	0.0013724334470478297	cluster_0_1_mixed
692_G	0	0.0013721673440130317	cluster_0_1_mixed
325_L	0	0.0013710927493113798	cluster_0_1_mixed
315_Q	0	0.001370762454313527	cluster_0_1_mixed
730_K	0	0.0013677885000151458	cluster_0_1_mixed
618_I	0	0.0013617725014081026	cluster_0_1_mixed
602_Q	0	0.0013604943212988992	cluster_0_1_mixed
185_L	0	0.0013301878767092796	cluster_0_1_mixed
733_R	0	0.001323226453447634	cluster_0_1_mixed
622_Q	0	0.0013202439801939755	cluster_0_1_mixed
302_M	0	0.0013177603898109026	cluster_0_1_mixed
706_S	0	0.0013156478534865205	cluster_0_1_mixed
620_V	0	0.0013058850171577875	cluster_0_1_mixed
609_K	0	0.001305265538270254	cluster_0_1_mixed
753_G	0	0.0012953973124594264	cluster_0_1_mixed
881_A	0	0.0012810171567771075	cluster_0_1_mixed
924_C	0	0.0012807725480449548	cluster_0_1_mixed
387_R	0	0.0012775492961254287	cluster_0_1_mixed
755_Q	0	0.001273980726223425	cluster_0_1_mixed
838_I	0	0.0012692550208203662	cluster_0_1_mixed
184_S	0	0.0012641986764955267	cluster_0_1_mixed
745_G	0	0.0012607779509345017	cluster_0_1_mixed
640_Y	0	0.0012572006367673545	cluster_0_1_mixed
886_A	0	0.0012385829146099425	cluster_0_1_mixed
185_V	0	0.0012266654595351637	cluster_0_1_mixed
318_P	0	0.0012233503313521343	cluster_0_1_mixed
734_Y	0	0.001219748964439613	cluster_0_1_mixed
636_Q	0	0.0012096251293582491	cluster_0_1_mixed
715_F	0	0.0012063930790646622	cluster_0_1_mixed
615_S	0	0.0012026322339325753	cluster_0_1_mixed
255_L	0	0.0011964111188593949	cluster_0_1_mixed
349_E	0	0.001194551913061261	cluster_0_1_mixed
838_L	0	0.001188300503824734	cluster_0_1_mixed
693_F	0	0.0011803103286840233	cluster_0_1_mixed
699_T	0	0.0011754348921202556	cluster_0_1_mixed
727_M	0	0.0011746417150144506	cluster_0_1_mixed
871_E	0	0.0011744157076587823	cluster_0_1_mixed
837_S	0	0.0011687295752122494	cluster_0_1_mixed
377_T	0	0.0011670502557683234	cluster_0_1_mixed
640_F	0	0.00116091826415449	cluster_0_1_mixed
758_L	0	0.001141208130886157	cluster_0_1_mixed
227_A	0	0.001137297429456812	cluster_0_1_mixed
767_V	0	0.0011364376535190044	cluster_0_1_mixed
857_A	0	0.0011338332330591996	cluster_0_1_mixed
757_I	0	0.0011240956797462572	cluster_0_1_mixed
629_T	0	0.0011215260650639907	cluster_0_1_mixed
241_N	0	0.0011212104963225476	cluster_0_1_mixed
410_D	0	0.0011209449349617654	cluster_0_1_mixed
209_H	0	0.001116350427763693	cluster_0_1_mixed
209_L	0	0.0011100445601310942	cluster_0_1_mixed
212_T	0	0.0011050915449208742	cluster_0_1_mixed
249_A	0	0.0010928385545072804	cluster_0_1_mixed
202_V	0	0.0010916493369597879	cluster_0_1_mixed
382_N	0	0.0010913388998851784	cluster_0_1_mixed
603_I	0	0.0010869334454838805	cluster_0_1_mixed
858_S	0	0.0010864304258467465	cluster_0_1_mixed
823_K	0	0.0010862215719513498	cluster_0_1_mixed
644_G	0	0.0010853946010227573	cluster_0_1_mixed
467_S	0	0.001083246478115672	cluster_0_1_mixed
266_T	0	0.001079988926470699	cluster_0_1_mixed
322_I	0	0.001069634022539605	cluster_0_1_mixed
208_T	0	0.0010689982998038235	cluster_0_1_mixed
368_P	0	0.0010655964136602062	cluster_0_1_mixed
329_Q	0	0.0010654669307220773	cluster_0_1_mixed
673_G	0	0.0010653138047344885	cluster_0_1_mixed
398_I	0	0.0010390063430407077	cluster_0_1_mixed
744_I	0	0.00103820582273045	cluster_0_1_mixed
262_S	0	0.0010343047859749238	cluster_0_1_mixed
922_L	0	0.0010335336083938532	cluster_0_1_mixed
175_F	0	0.001032890396726476	cluster_0_1_mixed
606_L	0	0.0010284293627379132	cluster_0_1_mixed
264_V	0	0.0010270324917570261	cluster_0_1_mixed
263_H	0	0.001020142340191115	cluster_0_1_mixed
191_A	0	0.0010184349833484163	cluster_0_1_mixed
930_M	0	0.001017618724089409	cluster_0_1_mixed
880_F	0	0.0010160208075360659	cluster_0_1_mixed
743_H	0	0.0010009704970471503	cluster_0_1_mixed
777_T	0	0.0010005183553486862	cluster_0_1_mixed
849_F	0	0.0009957541918736968	cluster_0_1_mixed
323_D	0	0.000992326553195579	cluster_0_1_mixed
363_L	0	0.0009815264656614345	cluster_0_1_mixed
302_I	0	0.000978453349073082	cluster_0_1_mixed
214_D	0	0.0009772058454620342	cluster_0_1_mixed
346_T	0	0.000970068279101894	cluster_0_1_mixed
671_S	0	0.0009691116437382789	cluster_0_1_mixed
204_N	0	0.0009643455090698621	cluster_0_1_mixed
264_I	0	0.0009639514761471597	cluster_0_1_mixed
277_F	0	0.0009533041393930337	cluster_0_1_mixed
379_L	0	0.0009513833017298683	cluster_0_1_mixed
302_C	0	0.0009505131859102175	cluster_0_1_mixed
854_A	0	0.0009498754920175182	cluster_0_1_mixed
831_S	0	0.0009467668223340638	cluster_0_1_mixed
682_S	0	0.0009463936328912894	cluster_0_1_mixed
379_V	0	0.0009448676953306704	cluster_0_1_mixed
796_V	0	0.0009442770222063162	cluster_0_1_mixed
183_T	0	0.0009391472347908673	cluster_0_1_mixed
793_D	0	0.0009363636412578451	cluster_0_1_mixed
443_Q	0	0.0009269462707047779	cluster_0_1_mixed
919_F	0	0.0009222861457660217	cluster_0_1_mixed
919_H	0	0.0009212087227246302	cluster_0_1_mixed
366_V	0	0.0009172469468278155	cluster_0_1_mixed
652_P	0	0.000912416798889987	cluster_0_1_mixed
580_G	0	0.0009105658403845683	cluster_0_1_mixed
682_A	0	0.000907819572959585	cluster_0_1_mixed
776_G	0	0.0008989426220212695	cluster_0_1_mixed
756_S	0	0.0008988017344601438	cluster_0_1_mixed
364_P	0	0.0008961556778452906	cluster_0_1_mixed
882_V	0	0.0008951123310498721	cluster_0_1_mixed
177_P	0	0.0008944660205889619	cluster_0_1_mixed
824_M	0	0.0008896448340130416	cluster_0_1_mixed
222_I	0	0.0008887530992116961	cluster_0_1_mixed
856_N	0	0.0008825758668847493	cluster_0_1_mixed
277_A	0	0.0008825234210007926	cluster_0_1_mixed
698_F	0	0.0008817643502812363	cluster_0_1_mixed
222_V	0	0.0008800051194346756	cluster_0_1_mixed
775_Q	0	0.000879658558624411	cluster_0_1_mixed
447_K	0	0.0008780475270604535	cluster_0_1_mixed
407_N	0	0.0008745436424033141	cluster_0_1_mixed
736_F	0	0.0008662049971949872	cluster_0_1_mixed
712_A	0	0.0008646389538128947	cluster_0_1_mixed
263_Y	0	0.0008641379057232323	cluster_0_1_mixed
916_V	0	0.0008634434130419354	cluster_0_1_mixed
740_S	0	0.0008565611971962158	cluster_0_1_mixed
609_R	0	0.0008548179115260982	cluster_0_1_mixed
885_A	0	0.0008543746363991886	cluster_0_1_mixed
386_P	0	0.000850169795106444	cluster_0_1_mixed
367_G	0	0.0008488568674649853	cluster_0_1_mixed
401_D	0	0.0008481218111652425	cluster_0_1_mixed
716_A	0	0.0008467853846055695	cluster_0_1_mixed
715_Y	0	0.0008378553957879533	cluster_0_1_mixed
683_A	0	0.0008316066996214705	cluster_0_1_mixed
461_T	0	0.0008304462522355918	cluster_0_1_mixed
402_W	0	0.000827912554173249	cluster_0_1_mixed
935_T	0	0.0008274934583213637	cluster_0_1_mixed
402_Y	0	0.0008263696029359814	cluster_0_1_mixed
224_Y	0	0.0008225332746364692	cluster_0_1_mixed
877_D	0	0.000821420353027793	cluster_0_1_mixed
228_V	0	0.0008205735861337816	cluster_0_1_mixed
206_S	0	0.0008200659009863937	cluster_0_1_mixed
420_P	0	0.000817185623727788	cluster_0_1_mixed
602_R	0	0.0008166836122083502	cluster_0_1_mixed
796_T	0	0.000815309356123798	cluster_0_1_mixed
596_E	0	0.000815112288650517	cluster_0_1_mixed
328_N	0	0.0008138333317080932	cluster_0_1_mixed
716_P	0	0.0008136352880925719	cluster_0_1_mixed
197_D	0	0.000812594611576358	cluster_0_1_mixed
687_T	0	0.0008092402685058888	cluster_0_1_mixed
267_H	0	0.0008050442486286498	cluster_0_1_mixed
385_A	0	0.0008032187547723113	cluster_0_1_mixed
613_G	0	0.0007994422843359966	cluster_0_1_mixed
581_L	0	0.0007985301812430226	cluster_0_1_mixed
227_V	0	0.0007967670095115893	cluster_0_1_mixed
349_V	0	0.0007962443030149581	cluster_0_1_mixed
223_F	0	0.0007946190474438876	cluster_0_1_mixed
321_S	0	0.0007932300972992337	cluster_0_1_mixed
330_T	0	0.0007919331252086173	cluster_0_1_mixed
251_F	0	0.000790549894352974	cluster_0_1_mixed
937_I	0	0.0007878977017951304	cluster_0_1_mixed
717_D	0	0.0007827236168917289	cluster_0_1_mixed
223_Y	0	0.0007820249249712912	cluster_0_1_mixed
215_I	0	0.0007798370345562485	cluster_0_1_mixed
245_A	0	0.0007782067890924496	cluster_0_1_mixed
258_F	0	0.0007691774931720017	cluster_0_1_mixed
280_Y	0	0.0007678380861820417	cluster_0_1_mixed
800_T	0	0.0007626308901946089	cluster_0_1_mixed
382_C	0	0.0007596636697502905	cluster_0_1_mixed
242_I	0	0.0007572817898866516	cluster_0_1_mixed
800_Q	0	0.00075664232828983	cluster_0_1_mixed
733_K	0	0.0007554633321564481	cluster_0_1_mixed
636_D	0	0.0007487993336857052	cluster_0_1_mixed
596_Q	0	0.0007483021704628171	cluster_0_1_mixed
919_Y	0	0.0007457612042889364	cluster_0_1_mixed
337_Y	0	0.0007441178353268334	cluster_0_1_mixed
365_T	0	0.000743472985887243	cluster_0_1_mixed
646_D	0	0.0007425021600298779	cluster_0_1_mixed
293_I	0	0.0007400740266210881	cluster_0_1_mixed
351_S	0	0.0007397840004923067	cluster_0_1_mixed
938_D	0	0.0007393439074950039	cluster_0_1_mixed
605_E	0	0.000735593789350531	cluster_0_1_mixed
255_I	0	0.000734280082697125	cluster_0_1_mixed
368_Q	0	0.0007327034835919379	cluster_0_1_mixed
854_T	0	0.0007325134902463116	cluster_0_1_mixed
816_K	0	0.0007281721823431063	cluster_0_1_mixed
362_G	0	0.0007255667961403467	cluster_0_1_mixed
623_G	0	0.000725214244525753	cluster_0_1_mixed
692_L	0	0.0007230279640796743	cluster_0_1_mixed
651_N	0	0.0007196969665394122	cluster_0_1_mixed
736_Y	0	0.000719553090375482	cluster_0_1_mixed
669_T	0	0.0007190194705582579	cluster_0_1_mixed
333_P	0	0.0007161912107458564	cluster_0_1_mixed
249_G	0	0.0007150355728524015	cluster_0_1_mixed
267_F	0	0.000713977058874424	cluster_0_1_mixed
213_T	0	0.0007120559345551484	cluster_0_1_mixed
742_A	0	0.000707753845662477	cluster_0_1_mixed
725_N	0	0.0007055968565632837	cluster_0_1_mixed
384_F	0	0.0007021549584135669	cluster_0_1_mixed
467_E	0	0.000700108326956813	cluster_0_1_mixed
334_T	0	0.0006971150384733827	cluster_0_1_mixed
618_K	0	0.0006966341706777147	cluster_0_1_mixed
715_M	0	0.0006960165091334136	cluster_0_1_mixed
938_S	0	0.0006939244651973579	cluster_0_1_mixed
803_Y	0	0.0006903998165218744	cluster_0_1_mixed
329_A	0	0.0006891999907046923	cluster_0_1_mixed
844_G	0	0.0006861561283800769	cluster_0_1_mixed
599_R	0	0.0006859098515473008	cluster_0_1_mixed
610_N	0	0.0006838724621734074	cluster_0_1_mixed
678_L	0	0.0006835193766069793	cluster_0_1_mixed
734_W	0	0.0006796631987440828	cluster_0_1_mixed
881_Q	0	0.0006789858351722542	cluster_0_1_mixed
644_S	0	0.0006749511774137756	cluster_0_1_mixed
701_K	0	0.0006734300724148983	cluster_0_1_mixed
820_V	0	0.0006705733752428233	cluster_0_1_mixed
837_T	0	0.0006691326102371272	cluster_0_1_mixed
918_M	0	0.0006684548786648925	cluster_0_1_mixed
468_V	0	0.0006674294617199593	cluster_0_1_mixed
282_I	0	0.0006666957194008664	cluster_0_1_mixed
180_T	0	0.0006660730904942909	cluster_0_1_mixed
884_A	0	0.0006659694259270722	cluster_0_1_mixed
908_Q	0	0.0006657511996298536	cluster_0_1_mixed
213_F	0	0.0006651492858322494	cluster_0_1_mixed
588_D	0	0.0006624681957626671	cluster_0_1_mixed
694_H	0	0.0006611691764533697	cluster_0_1_mixed
907_G	0	0.0006598765271646351	cluster_0_1_mixed
654_L	0	0.000654322193741762	cluster_0_1_mixed
265_Q	0	0.0006539675338687519	cluster_0_1_mixed
355_Y	0	0.0006513516812746722	cluster_0_1_mixed
892_S	0	0.0006513072111600637	cluster_0_1_mixed
873_N	0	0.0006506056190478444	cluster_0_1_mixed
653_I	0	0.0006486279175441497	cluster_0_1_mixed
854_E	0	0.0006483684605500814	cluster_0_1_mixed
836_G	0	0.0006457033455071139	cluster_0_1_mixed
292_R	0	0.0006450298747563949	cluster_0_1_mixed
260_H	0	0.0006409797101802083	cluster_0_1_mixed
712_V	0	0.0006396764839053193	cluster_0_1_mixed
333_A	0	0.0006386225281803225	cluster_0_1_mixed
697_K	0	0.0006375095178195005	cluster_0_1_mixed
239_S	0	0.0006367026055882105	cluster_0_1_mixed
325_V	0	0.0006348247333578955	cluster_0_1_mixed
349_N	0	0.0006347763507080482	cluster_0_1_mixed
331_V	0	0.0006342450650915704	cluster_0_1_mixed
188_H	0	0.0006292779750245287	cluster_0_1_mixed
216_G	0	0.0006279831666938692	cluster_0_1_mixed
403_F	0	0.0006272925957347519	cluster_0_1_mixed
719_A	0	0.0006232796375784006	cluster_0_1_mixed
930_Y	0	0.0006224737223810939	cluster_0_1_mixed
220_Y	0	0.0006221375570072983	cluster_0_1_mixed
873_T	0	0.0006215316669473705	cluster_0_1_mixed
202_K	0	0.0006211657036651016	cluster_0_1_mixed
721_Q	0	0.0006201410965181131	cluster_0_1_mixed
871_Q	0	0.0006191383082676278	cluster_0_1_mixed
341_G	0	0.0006190620715473318	cluster_0_1_mixed
276_F	0	0.0006161183647404916	cluster_0_1_mixed
667_S	0	0.0006154062161493158	cluster_0_1_mixed
878_C	0	0.0006149549819068298	cluster_0_1_mixed
713_S	0	0.0006149131924774123	cluster_0_1_mixed
218_E	0	0.0006148808555908588	cluster_0_1_mixed
239_T	0	0.0006143221943200052	cluster_0_1_mixed
814_K	0	0.000614252373298751	cluster_0_1_mixed
448_Q	0	0.0006105953787696014	cluster_0_1_mixed
256_F	0	0.0006099568530129952	cluster_0_1_mixed
845_R	0	0.0006083459144884623	cluster_0_1_mixed
626_N	0	0.0006078174455942472	cluster_0_1_mixed
449_K	0	0.0006061930904482447	cluster_0_1_mixed
228_L	0	0.0006051017808361681	cluster_0_1_mixed
338_P	0	0.0006033064579826119	cluster_0_1_mixed
172_M	0	0.0006020746983393096	cluster_0_1_mixed
920_N	0	0.0006015045607406223	cluster_0_1_mixed
628_V	0	0.0006012125459216896	cluster_0_1_mixed
353_S	0	0.0005999990108995293	cluster_0_1_mixed
415_D	0	0.0005991121719027199	cluster_0_1_mixed
360_Y	0	0.0005977706980622981	cluster_0_1_mixed
921_K	0	0.0005963200498933867	cluster_0_1_mixed
479_A	0	0.0005954564762487521	cluster_0_1_mixed
236_P	0	0.0005949004900016015	cluster_0_1_mixed
932_G	0	0.0005918511408921373	cluster_0_1_mixed
868_T	0	0.000590565090743316	cluster_0_1_mixed
263_S	0	0.0005888245251260498	cluster_0_1_mixed
253_P	0	0.0005857704192466827	cluster_0_1_mixed
801_P	0	0.0005848743978549821	cluster_0_1_mixed
852_I	0	0.0005836558944850072	cluster_0_1_mixed
880_C	0	0.0005831865958386803	cluster_0_1_mixed
737_Y	0	0.0005809359773378848	cluster_0_1_mixed
894_Q	0	0.0005734870650391714	cluster_0_1_mixed
882_Q	0	0.0005703501955828833	cluster_0_1_mixed
882_S	0	0.000569976316107816	cluster_0_1_mixed
717_K	0	0.0005693097559290476	cluster_0_1_mixed
422_D	0	0.0005689561175156577	cluster_0_1_mixed
820_I	0	0.0005674159297798661	cluster_0_1_mixed
322_T	0	0.0005666203972302916	cluster_0_1_mixed
851_F	0	0.0005652080080187073	cluster_0_1_mixed
742_S	0	0.0005639613829492141	cluster_0_1_mixed
380_S	0	0.0005626733981317218	cluster_0_1_mixed
662_S	0	0.0005617338057013439	cluster_0_1_mixed
193_I	0	0.0005616730305270215	cluster_0_1_mixed
652_E	0	0.0005603754023133509	cluster_0_1_mixed
846_I	0	0.0005600364051519459	cluster_0_1_mixed
868_S	0	0.0005595514407856168	cluster_0_1_mixed
198_P	0	0.0005579504923871101	cluster_0_1_mixed
881_F	0	0.0005573892162337785	cluster_0_1_mixed
747_Q	0	0.0005563246518584746	cluster_0_1_mixed
261_N	0	0.0005560012236141732	cluster_0_1_mixed
939_H	0	0.0005544498651496706	cluster_0_1_mixed
466_D	0	0.0005544390482269417	cluster_0_1_mixed
589_D	0	0.0005538427952075331	cluster_0_1_mixed
419_G	0	0.0005506824487971684	cluster_0_1_mixed
725_R	0	0.0005505327128956692	cluster_0_1_mixed
883_S	0	0.0005492357463895202	cluster_0_1_mixed
894_V	0	0.0005484170009578958	cluster_0_1_mixed
448_R	0	0.0005481273114826492	cluster_0_1_mixed
935_G	0	0.0005462119233216302	cluster_0_1_mixed
923_K	0	0.0005461708108995717	cluster_0_1_mixed
654_A	0	0.0005458402062174604	cluster_0_1_mixed
651_Q	0	0.0005430896084955038	cluster_0_1_mixed
317_N	0	0.0005427451295364651	cluster_0_1_mixed
734_F	0	0.0005426098581249437	cluster_0_1_mixed
698_V	0	0.0005420584194816428	cluster_0_1_mixed
265_Y	0	0.0005410405662800291	cluster_0_1_mixed
917_Y	0	0.0005361884661048325	cluster_0_1_mixed
467_A	0	0.0005344028827677396	cluster_0_1_mixed
410_N	0	0.0005340732331082083	cluster_0_1_mixed
607_L	0	0.000533047790429738	cluster_0_1_mixed
468_A	0	0.0005304096205448666	cluster_0_1_mixed
385_P	0	0.0005287455528980822	cluster_0_1_mixed
835_T	0	0.0005279601174780807	cluster_0_1_mixed
731_Q	0	0.0005276300873420681	cluster_0_1_mixed
770_K	0	0.00052497848008659	cluster_0_1_mixed
260_D	0	0.0005237089416806176	cluster_0_1_mixed
703_V	0	0.0005230672319115708	cluster_0_1_mixed
707_I	0	0.00052256062321805	cluster_0_1_mixed
258_V	0	0.0005224664397927588	cluster_0_1_mixed
646_S	0	0.0005201499645950873	cluster_0_1_mixed
850_G	0	0.0005192370040212586	cluster_0_1_mixed
332_N	0	0.0005162994697161722	cluster_0_1_mixed
242_M	0	0.0005149583997800751	cluster_0_1_mixed
181_L	0	0.0005145750095341097	cluster_0_1_mixed
218_K	0	0.0005140049456373696	cluster_0_1_mixed
480_A	0	0.0005115149520870051	cluster_0_1_mixed
312_Q	0	0.0005082311063951586	cluster_0_1_mixed
229_P	0	0.0005077837637190394	cluster_0_1_mixed
470_L	0	0.0005067743099619554	cluster_0_1_mixed
265_E	0	0.0005037507911099443	cluster_0_1_mixed
702_C	0	0.0005030565261376196	cluster_0_1_mixed
329_T	0	0.000502566100559021	cluster_0_1_mixed
915_Y	0	0.000502131979534043	cluster_0_1_mixed
243_D	0	0.0005016477631416112	cluster_0_1_mixed
801_E	0	0.0005012367633997445	cluster_0_1_mixed
596_D	0	0.0005005323947766762	cluster_0_1_mixed
887_N	0	0.0004994486398328969	cluster_0_1_mixed
824_F	0	0.0004968647409815537	cluster_0_1_mixed
936_L	0	0.0004959323606280695	cluster_0_1_mixed
684_G	0	0.000493324988249976	cluster_0_1_mixed
892_T	0	0.0004928070692589673	cluster_0_1_mixed
840_F	0	0.0004907981666503852	cluster_0_1_mixed
852_E	0	0.0004907692535367558	cluster_0_1_mixed
334_A	0	0.0004894008798400001	cluster_0_1_mixed
385_W	0	0.00048735346536792523	cluster_0_1_mixed
686_T	0	0.00048685207220077544	cluster_0_1_mixed
216_A	0	0.0004867870049388801	cluster_0_1_mixed
719_T	0	0.00048548339071828817	cluster_0_1_mixed
590_T	0	0.00048434318496853857	cluster_0_1_mixed
731_R	0	0.0004832521440804119	cluster_0_1_mixed
336_G	0	0.0004810545747729068	cluster_0_1_mixed
590_D	0	0.00048014087125346016	cluster_0_1_mixed
188_S	0	0.0004794916368345611	cluster_0_1_mixed
743_T	0	0.00047920728054926985	cluster_0_1_mixed
703_E	0	0.0004776528164911413	cluster_0_1_mixed
356_F	0	0.0004765357108716052	cluster_0_1_mixed
937_L	0	0.0004763001027173496	cluster_0_1_mixed
593_T	0	0.0004759055891621811	cluster_0_1_mixed
376_V	0	0.0004738293881358806	cluster_0_1_mixed
340_G	0	0.0004732992194091896	cluster_0_1_mixed
858_T	0	0.00047253712794882166	cluster_0_1_mixed
361_M	0	0.00047214045846372994	cluster_0_1_mixed
297_N	0	0.00047211666535828465	cluster_0_1_mixed
470_I	0	0.00047131434029534287	cluster_0_1_mixed
670_G	0	0.00047123930215394074	cluster_0_1_mixed
217_G	0	0.00047067707992804787	cluster_0_1_mixed
447_W	0	0.0004703109949449258	cluster_0_1_mixed
196_A	0	0.00046935823626767623	cluster_0_1_mixed
461_P	0	0.00046912345148627415	cluster_0_1_mixed
406_Q	0	0.0004686224641216602	cluster_0_1_mixed
696_G	0	0.00046788914049857537	cluster_0_1_mixed
305_G	0	0.00046566158946869106	cluster_0_1_mixed
313_G	0	0.0004654837160970928	cluster_0_1_mixed
932_S	0	0.00046444124888769583	cluster_0_1_mixed
850_I	0	0.00046376523725227744	cluster_0_1_mixed
282_L	0	0.00046343938582462947	cluster_0_1_mixed
851_Q	0	0.00046334793278538785	cluster_0_1_mixed
853_Q	0	0.00046291974040511586	cluster_0_1_mixed
731_F	0	0.0004625011210638826	cluster_0_1_mixed
269_F	0	0.0004623503441095509	cluster_0_1_mixed
350_S	0	0.00046194495612452915	cluster_0_1_mixed
296_D	0	0.00046176533039835055	cluster_0_1_mixed
268_F	0	0.00046124242737112606	cluster_0_1_mixed
173_M	0	0.000460583351314351	cluster_0_1_mixed
647_R	0	0.0004603625068352826	cluster_0_1_mixed
606_F	0	0.0004589062703536489	cluster_0_1_mixed
933_T	0	0.0004587381718250816	cluster_0_1_mixed
367_I	0	0.00045830556848264035	cluster_0_1_mixed
386_H	0	0.0004579659627343665	cluster_0_1_mixed
696_H	0	0.00045518308297310355	cluster_0_1_mixed
300_K	0	0.00045499771594777503	cluster_0_1_mixed
475_S	0	0.00045473575370941324	cluster_0_1_mixed
207_K	0	0.00045389953516006016	cluster_0_1_mixed
459_P	0	0.00045387436507568425	cluster_0_1_mixed
337_S	0	0.00045327934818034004	cluster_0_1_mixed
389_Y	0	0.0004531937357473341	cluster_0_1_mixed
713_C	0	0.00045307994146273487	cluster_0_1_mixed
697_S	0	0.0004527898644870658	cluster_0_1_mixed
202_T	0	0.0004518527738926724	cluster_0_1_mixed
832_S	0	0.00045174996280762425	cluster_0_1_mixed
823_A	0	0.00045075510813482743	cluster_0_1_mixed
666_S	0	0.0004488206655242322	cluster_0_1_mixed
658_S	0	0.00044867042037816676	cluster_0_1_mixed
916_L	0	0.00044820267785217985	cluster_0_1_mixed
718_L	0	0.0004477137090886772	cluster_0_1_mixed
826_S	0	0.00044681918157360326	cluster_0_1_mixed
417_D	0	0.00044655480086857436	cluster_0_1_mixed
605_G	0	0.00044537925094242025	cluster_0_1_mixed
774_A	0	0.00044340829503290935	cluster_0_1_mixed
435_I	0	0.00044300233180791313	cluster_0_1_mixed
918_L	0	0.0004412051967480681	cluster_0_1_mixed
262_P	0	0.000441164143049659	cluster_0_1_mixed
215_D	0	0.00044111443038531803	cluster_0_1_mixed
299_Q	0	0.00044023192630529583	cluster_0_1_mixed
335_G	0	0.0004399279247173046	cluster_0_1_mixed
819_T	0	0.0004395807547008987	cluster_0_1_mixed
195_H	0	0.00043935159961601384	cluster_0_1_mixed
515_V	0	0.00043782833661772065	cluster_0_1_mixed
656_Q	0	0.00043775342204604436	cluster_0_1_mixed
382_S	0	0.0004376111744172733	cluster_0_1_mixed
247_A	0	0.000436212042916098	cluster_0_1_mixed
859_F	0	0.0004361607682533441	cluster_0_1_mixed
180_H	0	0.0004358988121807169	cluster_0_1_mixed
583_A	0	0.00043461642454752347	cluster_0_1_mixed
631_P	0	0.00043424294248666737	cluster_0_1_mixed
840_S	0	0.0004337102479986119	cluster_0_1_mixed
227_C	0	0.00043073941534698583	cluster_0_1_mixed
622_K	0	0.0004304723738330073	cluster_0_1_mixed
603_L	0	0.0004304022848841896	cluster_0_1_mixed
840_A	0	0.0004303401661123212	cluster_0_1_mixed
446_G	0	0.00043014606793913057	cluster_0_1_mixed
196_V	0	0.00042896102258026855	cluster_0_1_mixed
835_R	0	0.00042859345436658527	cluster_0_1_mixed
183_S	0	0.0004276356540346613	cluster_0_1_mixed
602_A	0	0.00042628428899040347	cluster_0_1_mixed
181_R	0	0.0004262516832258879	cluster_0_1_mixed
925_A	0	0.0004259707344714193	cluster_0_1_mixed
854_S	0	0.000425475816202138	cluster_0_1_mixed
620_I	0	0.00042499581524918533	cluster_0_1_mixed
906_N	0	0.0004247937875102941	cluster_0_1_mixed
413_T	0	0.0004247254553922331	cluster_0_1_mixed
327_V	0	0.00042461105326667805	cluster_0_1_mixed
668_G	0	0.00042409529946311515	cluster_0_1_mixed
254_L	0	0.00042405154194116956	cluster_0_1_mixed
398_V	0	0.0004235969226941772	cluster_0_1_mixed
835_A	0	0.00042349853713938214	cluster_0_1_mixed
794_N	0	0.0004229832765246251	cluster_0_1_mixed
367_V	0	0.00042281064835622	cluster_0_1_mixed
816_I	0	0.00042146380096751894	cluster_0_1_mixed
254_P	0	0.0004214526960318804	cluster_0_1_mixed
897_Q	0	0.0004209857410399821	cluster_0_1_mixed
884_P	0	0.00042098523862933767	cluster_0_1_mixed
378_G	0	0.0004204700211689723	cluster_0_1_mixed
931_F	0	0.00041986949619168124	cluster_0_1_mixed
645_A	0	0.000418461136381039	cluster_0_1_mixed
211_T	0	0.0004179260352197189	cluster_0_1_mixed
369_T	0	0.00041761842829319835	cluster_0_1_mixed
774_T	0	0.00041695721790877964	cluster_0_1_mixed
329_I	0	0.00041677590916542435	cluster_0_1_mixed
707_V	0	0.0004162191086997449	cluster_0_1_mixed
875_E	0	0.00041584812789857446	cluster_0_1_mixed
846_D	0	0.00041533799969792524	cluster_0_1_mixed
174_I	0	0.0004130224409604838	cluster_0_1_mixed
756_A	0	0.0004120638330042599	cluster_0_1_mixed
212_A	0	0.000411116548484248	cluster_0_1_mixed
693_L	0	0.00041095790965933824	cluster_0_1_mixed
699_S	0	0.0004099793817081778	cluster_0_1_mixed
590_A	0	0.0004096357377266237	cluster_0_1_mixed
181_Q	0	0.00040758775546453105	cluster_0_1_mixed
859_L	0	0.00040662402303152234	cluster_0_1_mixed
586_S	0	0.0004064496465228455	cluster_0_1_mixed
695_S	0	0.00040385591187596536	cluster_0_1_mixed
347_I	0	0.00040349980902986354	cluster_0_1_mixed
936_I	0	0.0004029924381439087	cluster_0_1_mixed
397_K	0	0.0004026647953336372	cluster_0_1_mixed
189_I	0	0.00040221933295814385	cluster_0_1_mixed
582_Y	0	0.00040094961079259857	cluster_0_1_mixed
706_C	0	0.00040089195380919727	cluster_0_1_mixed
205_L	0	0.00040080292663686236	cluster_0_1_mixed
607_Y	0	0.0004000791109849433	cluster_0_1_mixed
712_M	0	0.0003990246259746551	cluster_0_1_mixed
914_L	0	0.0003988835638556327	cluster_0_1_mixed
370_V	0	0.0003987242237915067	cluster_0_1_mixed
419_S	0	0.00039807070829231677	cluster_0_1_mixed
591_A	0	0.00039801553962280146	cluster_0_1_mixed
912_E	0	0.000397997921661791	cluster_0_1_mixed
606_W	0	0.0003979818626440454	cluster_0_1_mixed
323_A	0	0.00039662713992604084	cluster_0_1_mixed
466_P	0	0.00039462228410302265	cluster_0_1_mixed
324_Y	0	0.00039287625869673917	cluster_0_1_mixed
278_V	0	0.000392513645154505	cluster_0_1_mixed
192_Q	0	0.00039247182973037943	cluster_0_1_mixed
357_G	0	0.0003920454987237248	cluster_0_1_mixed
328_T	0	0.00039190120328272036	cluster_0_1_mixed
280_F	0	0.00039180356759148475	cluster_0_1_mixed
843_M	0	0.00039053600956692535	cluster_0_1_mixed
304_G	0	0.00038922970957231437	cluster_0_1_mixed
743_M	0	0.0003888802048762341	cluster_0_1_mixed
446_A	0	0.00038852764493300154	cluster_0_1_mixed
458_W	0	0.00038743048950713575	cluster_0_1_mixed
198_I	0	0.0003865323731800773	cluster_0_1_mixed
462_Q	0	0.0003858309922525856	cluster_0_1_mixed
675_T	0	0.00038426791216278084	cluster_0_1_mixed
276_V	0	0.00038297292707586	cluster_0_1_mixed
880_L	0	0.00038204424349666706	cluster_0_1_mixed
363_I	0	0.0003817936034415952	cluster_0_1_mixed
192_E	0	0.00038168158516294277	cluster_0_1_mixed
353_F	0	0.0003816012549301963	cluster_0_1_mixed
724_M	0	0.00038148954088053697	cluster_0_1_mixed
314_E	0	0.0003809699254049032	cluster_0_1_mixed
248_F	0	0.0003800259400207134	cluster_0_1_mixed
197_N	0	0.00037872748272810796	cluster_0_1_mixed
844_A	0	0.00037816466453037886	cluster_0_1_mixed
778_S	0	0.0003780462385041934	cluster_0_1_mixed
401_Q	0	0.000377439311679275	cluster_0_1_mixed
650_I	0	0.00037718852597126804	cluster_0_1_mixed
931_Y	0	0.0003753987898362782	cluster_0_1_mixed
740_T	0	0.0003751451682673712	cluster_0_1_mixed
386_L	0	0.000375069775804606	cluster_0_1_mixed
840_T	0	0.0003747360345680758	cluster_0_1_mixed
320_D	0	0.0003741863606607645	cluster_0_1_mixed
920_M	0	0.00037343364273689404	cluster_0_1_mixed
836_A	0	0.0003732921453804121	cluster_0_1_mixed
669_D	0	0.000371277764972174	cluster_0_1_mixed
876_L	0	0.00037083490230563484	cluster_0_1_mixed
610_Q	0	0.000370463417492566	cluster_0_1_mixed
772_I	0	0.00037022948941201484	cluster_0_1_mixed
195_M	0	0.0003684430648994704	cluster_0_1_mixed
403_Y	0	0.0003683809839612299	cluster_0_1_mixed
416_K	0	0.0003677250180314289	cluster_0_1_mixed
694_D	0	0.00036746246645506206	cluster_0_1_mixed
676_T	0	0.00036721166232071665	cluster_0_1_mixed
256_Y	0	0.00036688992072852474	cluster_0_1_mixed
350_G	0	0.00036656757918586977	cluster_0_1_mixed
326_T	0	0.0003661992071136736	cluster_0_1_mixed
187_M	0	0.0003661724575500755	cluster_0_1_mixed
821_S	0	0.00036479731993079885	cluster_0_1_mixed
659_T	0	0.0003646660201323455	cluster_0_1_mixed
884_N	0	0.000363283128719719	cluster_0_1_mixed
692_S	0	0.000363273769839055	cluster_0_1_mixed
707_Y	0	0.00036311785955509224	cluster_0_1_mixed
294_V	0	0.00036274474436776726	cluster_0_1_mixed
684_H	0	0.00036211790239815063	cluster_0_1_mixed
220_V	0	0.0003617805330204034	cluster_0_1_mixed
635_L	0	0.000361234840181351	cluster_0_1_mixed
851_S	0	0.00036098033014340367	cluster_0_1_mixed
428_D	0	0.0003607762575322546	cluster_0_1_mixed
244_M	0	0.00035967896769071895	cluster_0_1_mixed
855_L	0	0.0003593092237245446	cluster_0_1_mixed
480_F	0	0.0003591566653155519	cluster_0_1_mixed
821_H	0	0.00035674976021070456	cluster_0_1_mixed
877_S	0	0.0003564188211428682	cluster_0_1_mixed
759_N	0	0.00035570629144758483	cluster_0_1_mixed
690_L	0	0.0003556741127142895	cluster_0_1_mixed
726_R	0	0.0003555792867907244	cluster_0_1_mixed
319_A	0	0.0003550500907118261	cluster_0_1_mixed
463_Q	0	0.00035428649873164684	cluster_0_1_mixed
207_S	0	0.00035406535116102537	cluster_0_1_mixed
183_K	0	0.00035347473070755154	cluster_0_1_mixed
395_Y	0	0.0003533585377696766	cluster_0_1_mixed
390_N	0	0.00035312791327848366	cluster_0_1_mixed
909_Q	0	0.00035302382033770694	cluster_0_1_mixed
435_L	0	0.00035223186923068943	cluster_0_1_mixed
649_N	0	0.00035135947837949713	cluster_0_1_mixed
740_A	0	0.00035134635977168276	cluster_0_1_mixed
242_L	0	0.0003503102981045964	cluster_0_1_mixed
194_P	0	0.0003500274378080641	cluster_0_1_mixed
417_G	0	0.00034981336807671606	cluster_0_1_mixed
823_Q	0	0.0003492711667459546	cluster_0_1_mixed
452_F	0	0.00034905072222933325	cluster_0_1_mixed
488_D	0	0.00034792984880158297	cluster_0_1_mixed
638_P	0	0.0003470618199436985	cluster_0_1_mixed
317_D	0	0.00034601461193969955	cluster_0_1_mixed
821_T	0	0.0003459775854524934	cluster_0_1_mixed
853_P	0	0.00034538976130541225	cluster_0_1_mixed
406_E	0	0.00034461997267545716	cluster_0_1_mixed
387_A	0	0.0003443558382243949	cluster_0_1_mixed
189_Q	0	0.00034402239136489685	cluster_0_1_mixed
893_G	0	0.00034290297820221613	cluster_0_1_mixed
850_A	0	0.0003426830458243332	cluster_0_1_mixed
921_D	0	0.00034142513116985776	cluster_0_1_mixed
302_N	0	0.0003414120372404622	cluster_0_1_mixed
341_T	0	0.0003412836093852596	cluster_0_1_mixed
827_N	0	0.00034124208817551513	cluster_0_1_mixed
294_L	0	0.00034044076883091653	cluster_0_1_mixed
653_V	0	0.0003402398022840456	cluster_0_1_mixed
458_T	0	0.0003390796248808441	cluster_0_1_mixed
352_L	0	0.0003387411282487651	cluster_0_1_mixed
707_A	0	0.0003378678395564696	cluster_0_1_mixed
241_T	0	0.0003377198891332235	cluster_0_1_mixed
596_S	0	0.00033659095084128505	cluster_0_1_mixed
666_T	0	0.0003359648862210984	cluster_0_1_mixed
844_S	0	0.000335760651381402	cluster_0_1_mixed
608_E	0	0.00033562917921614794	cluster_0_1_mixed
584_D	0	0.0003352520232944946	cluster_0_1_mixed
185_M	0	0.00033515913072066326	cluster_0_1_mixed
623_A	0	0.0003346921384588853	cluster_0_1_mixed
469_T	0	0.00033462793995169264	cluster_0_1_mixed
726_K	0	0.0003340041495639809	cluster_0_1_mixed
262_A	0	0.00033368062424499217	cluster_0_1_mixed
697_Y	0	0.00033336826448743804	cluster_0_1_mixed
312_D	0	0.00033303075245937546	cluster_0_1_mixed
430_N	0	0.00033298638440072616	cluster_0_1_mixed
930_V	0	0.0003327258543946283	cluster_0_1_mixed
415_S	0	0.0003323910289822825	cluster_0_1_mixed
469_D	0	0.0003320665704728506	cluster_0_1_mixed
220_T	0	0.0003317656146552068	cluster_0_1_mixed
249_L	0	0.0003311939042490659	cluster_0_1_mixed
325_P	0	0.00033108592370898664	cluster_0_1_mixed
650_V	0	0.0003306086143013708	cluster_0_1_mixed
603_V	0	0.000329676661578261	cluster_0_1_mixed
178_S	0	0.0003290950444948244	cluster_0_1_mixed
743_N	0	0.00032844523771669086	cluster_0_1_mixed
242_C	0	0.00032839503579765064	cluster_0_1_mixed
246_N	0	0.00032780799116900565	cluster_0_1_mixed
201_N	0	0.0003275112822753452	cluster_0_1_mixed
940_F	0	0.0003273173196513006	cluster_0_1_mixed
404_R	0	0.00032591526403434373	cluster_0_1_mixed
350_Q	0	0.00032544610714316843	cluster_0_1_mixed
426_D	0	0.0003249093718584349	cluster_0_1_mixed
354_D	0	0.00032471669337714244	cluster_0_1_mixed
599_L	0	0.00032451751980886666	cluster_0_1_mixed
455_C	0	0.0003243575894022951	cluster_0_1_mixed
327_P	0	0.00032398381173046607	cluster_0_1_mixed
474_D	0	0.0003239474613112772	cluster_0_1_mixed
797_F	0	0.0003235637782631714	cluster_0_1_mixed
253_T	0	0.00032321721510941416	cluster_0_1_mixed
369_V	0	0.0003227681832392787	cluster_0_1_mixed
624_H	0	0.00032262608953182776	cluster_0_1_mixed
424_S	0	0.00032161327435196893	cluster_0_1_mixed
305_T	0	0.0003211049833803869	cluster_0_1_mixed
757_V	0	0.00032092849566534964	cluster_0_1_mixed
295_W	0	0.0003205639403936609	cluster_0_1_mixed
689_S	0	0.0003195609963569896	cluster_0_1_mixed
684_F	0	0.0003192750647254116	cluster_0_1_mixed
193_V	0	0.00031897751181970355	cluster_0_1_mixed
913_N	0	0.0003189411389922475	cluster_0_1_mixed
411_F	0	0.00031850299145600174	cluster_0_1_mixed
819_S	0	0.0003181771949136429	cluster_0_1_mixed
685_A	0	0.0003174427452841941	cluster_0_1_mixed
634_R	0	0.0003168209617708714	cluster_0_1_mixed
766_P	0	0.00031633085127518405	cluster_0_1_mixed
456_L	0	0.0003159023463073692	cluster_0_1_mixed
263_F	0	0.0003143833483539018	cluster_0_1_mixed
455_A	0	0.0003141991381799715	cluster_0_1_mixed
675_S	0	0.0003140300480442363	cluster_0_1_mixed
299_V	0	0.00031359722989164444	cluster_0_1_mixed
833_D	0	0.00031254146259938745	cluster_0_1_mixed
223_S	0	0.00031232902778558646	cluster_0_1_mixed
647_P	0	0.00031181890873663884	cluster_0_1_mixed
427_G	0	0.0003116835171580242	cluster_0_1_mixed
213_G	0	0.0003115614818932378	cluster_0_1_mixed
880_I	0	0.0003110164311331668	cluster_0_1_mixed
727_H	0	0.00031092380665192674	cluster_0_1_mixed
432_D	0	0.00031047905926154923	cluster_0_1_mixed
814_R	0	0.00030991572747336276	cluster_0_1_mixed
630_T	0	0.00030973160617765624	cluster_0_1_mixed
872_E	0	0.00030963631030355636	cluster_0_1_mixed
193_S	0	0.0003087177708246966	cluster_0_1_mixed
329_M	0	0.0003086362294482551	cluster_0_1_mixed
418_S	0	0.0003072512464567299	cluster_0_1_mixed
409_Q	0	0.00030642922634668623	cluster_0_1_mixed
451_Y	0	0.0003060881594264577	cluster_0_1_mixed
330_S	0	0.0003055444817128955	cluster_0_1_mixed
436_L	0	0.0003052165291097767	cluster_0_1_mixed
920_F	0	0.00030511767938501183	cluster_0_1_mixed
733_I	0	0.00030458145774113254	cluster_0_1_mixed
256_H	0	0.0003042403035024999	cluster_0_1_mixed
876_V	0	0.00030397024099639453	cluster_0_1_mixed
361_I	0	0.000303779812691803	cluster_0_1_mixed
671_G	0	0.0003035732501258082	cluster_0_1_mixed
304_E	0	0.0003033343913456038	cluster_0_1_mixed
875_P	0	0.000303327973344694	cluster_0_1_mixed
264_M	0	0.0003018087334489865	cluster_0_1_mixed
693_G	0	0.0003011405047848317	cluster_0_1_mixed
224_V	0	0.00030076304559103594	cluster_0_1_mixed
670_D	0	0.0003006658360106954	cluster_0_1_mixed
315_D	0	0.0003003648601191689	cluster_0_1_mixed
348_T	0	0.0002995374984502561	cluster_0_1_mixed
778_A	0	0.0002995250694021196	cluster_0_1_mixed
691_A	0	0.00029950686507599695	cluster_0_1_mixed
418_N	0	0.0002984621349846271	cluster_0_1_mixed
215_S	0	0.0002980527822200866	cluster_0_1_mixed
204_D	0	0.0002970067994683301	cluster_0_1_mixed
319_G	0	0.0002959924686419653	cluster_0_1_mixed
695_N	0	0.00029594706992608203	cluster_0_1_mixed
707_C	0	0.0002958745042021481	cluster_0_1_mixed
703_T	0	0.0002955816796944194	cluster_0_1_mixed
724_I	0	0.0002939567274537334	cluster_0_1_mixed
725_P	0	0.00029348700851476457	cluster_0_1_mixed
306_Q	0	0.00029244311879190186	cluster_0_1_mixed
651_S	0	0.000292223652092048	cluster_0_1_mixed
307_E	0	0.0002914858747479336	cluster_0_1_mixed
381_I	0	0.0002910874008006704	cluster_0_1_mixed
611_A	0	0.00029074603576899214	cluster_0_1_mixed
869_F	0	0.00029017337637820623	cluster_0_1_mixed
436_H	0	0.0002897799436383491	cluster_0_1_mixed
183_P	0	0.0002897270211588999	cluster_0_1_mixed
224_C	0	0.00028956857940271903	cluster_0_1_mixed
701_S	0	0.00028953030907663503	cluster_0_1_mixed
390_T	0	0.00028923652942403923	cluster_0_1_mixed
189_E	0	0.0002891945708548915	cluster_0_1_mixed
621_I	0	0.0002891938523928632	cluster_0_1_mixed
789_G	0	0.0002886921205301341	cluster_0_1_mixed
737_F	0	0.00028838722341496543	cluster_0_1_mixed
293_L	0	0.00028818274485890757	cluster_0_1_mixed
665_Q	0	0.00028707700597727006	cluster_0_1_mixed
680_N	0	0.00028659462648876363	cluster_0_1_mixed
339_A	0	0.0002864607823845078	cluster_0_1_mixed
722_Q	0	0.00028498311242158196	cluster_0_1_mixed
935_A	0	0.0002837563029136781	cluster_0_1_mixed
214_S	0	0.00028372069850231887	cluster_0_1_mixed
412_K	0	0.0002831859826229275	cluster_0_1_mixed
848_K	0	0.00028240099996941807	cluster_0_1_mixed
386_F	0	0.000282305544472242	cluster_0_1_mixed
378_N	0	0.000282123685820439	cluster_0_1_mixed
777_G	0	0.00028184724508685234	cluster_0_1_mixed
571_E	0	0.0002810373527234033	cluster_0_1_mixed
414_V	0	0.00028088633819929414	cluster_0_1_mixed
840_N	0	0.0002795556782294727	cluster_0_1_mixed
195_K	0	0.00027947693645018884	cluster_0_1_mixed
423_T	0	0.0002788637346029243	cluster_0_1_mixed
656_T	0	0.00027884438055449475	cluster_0_1_mixed
852_L	0	0.0002779426968660029	cluster_0_1_mixed
422_V	0	0.00027765930262666123	cluster_0_1_mixed
879_V	0	0.0002775985701886011	cluster_0_1_mixed
933_V	0	0.00027735083462714755	cluster_0_1_mixed
209_Y	0	0.0002773233918847756	cluster_0_1_mixed
866_D	0	0.0002769608714005671	cluster_0_1_mixed
199_E	0	0.0002767822489537375	cluster_0_1_mixed
223_L	0	0.0002765603685557724	cluster_0_1_mixed
189_S	0	0.00027653645357187263	cluster_0_1_mixed
196_P	0	0.0002761935609395112	cluster_0_1_mixed
262_L	0	0.00027612427589228974	cluster_0_1_mixed
628_K	0	0.0002759877616830428	cluster_0_1_mixed
819_R	0	0.0002759705094931983	cluster_0_1_mixed
328_Q	0	0.00027557896832089624	cluster_0_1_mixed
359_D	0	0.00027513068789361984	cluster_0_1_mixed
917_D	0	0.0002748208181895505	cluster_0_1_mixed
881_T	0	0.00027481045701841314	cluster_0_1_mixed
262_M	0	0.00027464846452525876	cluster_0_1_mixed
377_A	0	0.0002737326721300688	cluster_0_1_mixed
209_V	0	0.0002737154673382229	cluster_0_1_mixed
612_R	0	0.00027325177601944864	cluster_0_1_mixed
194_A	0	0.00027306002178939683	cluster_0_1_mixed
303_G	0	0.0002725022999155259	cluster_0_1_mixed
752_L	0	0.00027172628621353537	cluster_0_1_mixed
850_T	0	0.00027119035573515096	cluster_0_1_mixed
673_Y	0	0.0002706677815530935	cluster_0_1_mixed
581_M	0	0.00026950784498871457	cluster_0_1_mixed
794_D	0	0.0002689400659624521	cluster_0_1_mixed
378_S	0	0.00026893484303630924	cluster_0_1_mixed
834_A	0	0.00026876884306550506	cluster_0_1_mixed
857_T	0	0.0002682634879413756	cluster_0_1_mixed
631_S	0	0.0002681816563299948	cluster_0_1_mixed
316_A	0	0.00026795538822717215	cluster_0_1_mixed
466_A	0	0.0002678447810123822	cluster_0_1_mixed
675_D	0	0.0002675353539202403	cluster_0_1_mixed
440_Y	0	0.0002674031221517268	cluster_0_1_mixed
837_P	0	0.00026687920282822967	cluster_0_1_mixed
187_V	0	0.0002666081094237991	cluster_0_1_mixed
654_P	0	0.00026643423785327946	cluster_0_1_mixed
839_D	0	0.0002663099713046348	cluster_0_1_mixed
648_I	0	0.0002657844660417002	cluster_0_1_mixed
356_L	0	0.0002649471136320593	cluster_0_1_mixed
408_L	0	0.00026491941603323246	cluster_0_1_mixed
266_C	0	0.00026481915117937106	cluster_0_1_mixed
332_S	0	0.00026463910408709967	cluster_0_1_mixed
326_G	0	0.0002644858504838412	cluster_0_1_mixed
690_V	0	0.0002635336528847638	cluster_0_1_mixed
641_I	0	0.00026351803597391885	cluster_0_1_mixed
924_K	0	0.0002634811394877233	cluster_0_1_mixed
243_N	0	0.0002634632075445538	cluster_0_1_mixed
874_D	0	0.00026339803589877644	cluster_0_1_mixed
874_P	0	0.0002632321920630139	cluster_0_1_mixed
303_T	0	0.0002629072973928378	cluster_0_1_mixed
202_S	0	0.00026232372374809354	cluster_0_1_mixed
700_Y	0	0.00026197720484713864	cluster_0_1_mixed
603_T	0	0.00026193658063309883	cluster_0_1_mixed
399_Y	0	0.00026180186480447503	cluster_0_1_mixed
226_E	0	0.0002617711648528623	cluster_0_1_mixed
667_T	0	0.00026069162601959344	cluster_0_1_mixed
676_Q	0	0.0002605421302173026	cluster_0_1_mixed
819_Y	0	0.0002605119173113827	cluster_0_1_mixed
342_Y	0	0.0002604174487029955	cluster_0_1_mixed
336_V	0	0.00026023183616328914	cluster_0_1_mixed
186_M	0	0.000260052707571627	cluster_0_1_mixed
200_R	0	0.00026003529959877606	cluster_0_1_mixed
591_S	0	0.0002599482282997851	cluster_0_1_mixed
399_W	0	0.0002592599589570772	cluster_0_1_mixed
655_Q	0	0.0002588993463986642	cluster_0_1_mixed
918_S	0	0.00025871069193599076	cluster_0_1_mixed
720_Y	0	0.00025852251956291923	cluster_0_1_mixed
922_F	0	0.00025840796463769605	cluster_0_1_mixed
885_E	0	0.00025823134291155325	cluster_0_1_mixed
397_L	0	0.0002580416057742373	cluster_0_1_mixed
928_M	0	0.0002578613175778976	cluster_0_1_mixed
804_A	0	0.00025783414006135447	cluster_0_1_mixed
811_A	0	0.0002574749312193161	cluster_0_1_mixed
654_T	0	0.00025742463059850394	cluster_0_1_mixed
474_T	0	0.00025735224556502423	cluster_0_1_mixed
316_T	0	0.0002572560165795314	cluster_0_1_mixed
348_L	0	0.00025709999377568067	cluster_0_1_mixed
721_G	0	0.00025703781580465517	cluster_0_1_mixed
415_P	0	0.0002564312368217341	cluster_0_1_mixed
633_M	0	0.00025642439603868004	cluster_0_1_mixed
819_Q	0	0.0002560867651293105	cluster_0_1_mixed
463_K	0	0.00025599599822763626	cluster_0_1_mixed
854_G	0	0.00025572510983846086	cluster_0_1_mixed
330_Q	0	0.0002554619708763842	cluster_0_1_mixed
370_G	0	0.00025521826423220316	cluster_0_1_mixed
489_A	0	0.00025486647762678857	cluster_0_1_mixed
380_D	0	0.0002545377368048001	cluster_0_1_mixed
331_N	0	0.0002545089275062726	cluster_0_1_mixed
625_F	0	0.0002542441515077886	cluster_0_1_mixed
680_T	0	0.00025378435058641397	cluster_0_1_mixed
881_V	0	0.00025336816748787076	cluster_0_1_mixed
348_A	0	0.00025310403143045045	cluster_0_1_mixed
201_S	0	0.00025290395703156474	cluster_0_1_mixed
769_N	0	0.00025122222023801717	cluster_0_1_mixed
351_D	0	0.00025086562637615284	cluster_0_1_mixed
298_W	0	0.0002508560213340939	cluster_0_1_mixed
836_T	0	0.0002507268502832424	cluster_0_1_mixed
580_K	0	0.00024996650255417797	cluster_0_1_mixed
694_M	0	0.00024977234923586076	cluster_0_1_mixed
673_T	0	0.0002496500844268649	cluster_0_1_mixed
708_I	0	0.00024926196202680476	cluster_0_1_mixed
243_T	0	0.00024824238931308034	cluster_0_1_mixed
688_V	0	0.0002478353341992839	cluster_0_1_mixed
621_V	0	0.00024780907271302775	cluster_0_1_mixed
645_R	0	0.00024770027038469305	cluster_0_1_mixed
592_A	0	0.00024760677402405935	cluster_0_1_mixed
847_F	0	0.0002476061288403475	cluster_0_1_mixed
380_E	0	0.0002472351232130388	cluster_0_1_mixed
581_T	0	0.0002471927129895191	cluster_0_1_mixed
616_R	0	0.00024697865348332303	cluster_0_1_mixed
195_R	0	0.00024689230795251366	cluster_0_1_mixed
431_S	0	0.0002461100363716981	cluster_0_1_mixed
384_L	0	0.00024587091910306154	cluster_0_1_mixed
401_E	0	0.00024491277107791063	cluster_0_1_mixed
896_L	0	0.00024459050229841	cluster_0_1_mixed
622_L	0	0.0002444413496983635	cluster_0_1_mixed
639_E	0	0.0002443571288522262	cluster_0_1_mixed
852_R	0	0.00024413485517178995	cluster_0_1_mixed
767_I	0	0.00024404584905572078	cluster_0_1_mixed
925_T	0	0.00024355548441934628	cluster_0_1_mixed
592_S	0	0.0002435003971654256	cluster_0_1_mixed
306_E	0	0.00024346622149606234	cluster_0_1_mixed
385_F	0	0.00024333196247899402	cluster_0_1_mixed
449_H	0	0.00024311483955658742	cluster_0_1_mixed
431_T	0	0.00024269770639478736	cluster_0_1_mixed
708_L	0	0.00024232476247833308	cluster_0_1_mixed
240_F	0	0.00024208715924319249	cluster_0_1_mixed
589_A	0	0.00024184107261591254	cluster_0_1_mixed
816_N	0	0.00024160262641496498	cluster_0_1_mixed
414_T	0	0.0002415794333191775	cluster_0_1_mixed
321_G	0	0.00024154244071852404	cluster_0_1_mixed
432_A	0	0.00024153638160403918	cluster_0_1_mixed
910_F	0	0.00024134768669712803	cluster_0_1_mixed
586_T	0	0.000241239933386532	cluster_0_1_mixed
225_E	0	0.00024100308372180778	cluster_0_1_mixed
192_K	0	0.00024075808925251395	cluster_0_1_mixed
772_L	0	0.000240473406230824	cluster_0_1_mixed
484_G	0	0.0002395968353656774	cluster_0_1_mixed
795_L	0	0.00023906630171057177	cluster_0_1_mixed
711_L	0	0.00023904299087787573	cluster_0_1_mixed
578_N	0	0.0002385940481007973	cluster_0_1_mixed
613_S	0	0.00023809042884647837	cluster_0_1_mixed
857_P	0	0.0002379493649053573	cluster_0_1_mixed
251_L	0	0.00023785771573610828	cluster_0_1_mixed
848_S	0	0.00023774905266551398	cluster_0_1_mixed
174_L	0	0.00023759538968275287	cluster_0_1_mixed
695_G	0	0.0002371357794125442	cluster_0_1_mixed
259_M	0	0.00023707450474469853	cluster_0_1_mixed
428_P	0	0.000236950939572664	cluster_0_1_mixed
868_I	0	0.00023685415285482598	cluster_0_1_mixed
453_T	0	0.0002363381033166567	cluster_0_1_mixed
469_Q	0	0.00023627634002551217	cluster_0_1_mixed
326_I	0	0.00023597405630368948	cluster_0_1_mixed
325_T	0	0.00023597183939053358	cluster_0_1_mixed
527_D	0	0.00023485596962459385	cluster_0_1_mixed
650_M	0	0.000234545072094803	cluster_0_1_mixed
648_V	0	0.00023412216446478548	cluster_0_1_mixed
297_D	0	0.00023386243521335962	cluster_0_1_mixed
411_S	0	0.00023365489219514233	cluster_0_1_mixed
218_Y	0	0.0002331518364875578	cluster_0_1_mixed
433_Y	0	0.00023306927488448185	cluster_0_1_mixed
248_L	0	0.00023290343757528266	cluster_0_1_mixed
279_P	0	0.0002328906616563206	cluster_0_1_mixed
825_R	0	0.00023287195655746827	cluster_0_1_mixed
684_Y	0	0.00023229376172195	cluster_0_1_mixed
692_T	0	0.0002320637203249392	cluster_0_1_mixed
866_C	0	0.0002317889685804987	cluster_0_1_mixed
324_F	0	0.0002317108430489115	cluster_0_1_mixed
258_I	0	0.00023159527662249856	cluster_0_1_mixed
241_S	0	0.0002312231300605593	cluster_0_1_mixed
690_T	0	0.00023121678961259513	cluster_0_1_mixed
469_N	0	0.00023097849767138038	cluster_0_1_mixed
702_F	0	0.00023076118917661606	cluster_0_1_mixed
177_G	0	0.000230611143343194	cluster_0_1_mixed
845_I	0	0.00023039341033645485	cluster_0_1_mixed
398_C	0	0.0002302022288578746	cluster_0_1_mixed
698_W	0	0.0002296773130640887	cluster_0_1_mixed
332_P	0	0.0002291043315121125	cluster_0_1_mixed
629_S	0	0.00022889152378376826	cluster_0_1_mixed
384_M	0	0.00022847510836543981	cluster_0_1_mixed
626_G	0	0.0002282475828007733	cluster_0_1_mixed
731_K	0	0.00022812164827251368	cluster_0_1_mixed
711_M	0	0.00022790766964122397	cluster_0_1_mixed
464_G	0	0.00022782148678215347	cluster_0_1_mixed
937_T	0	0.0002274207044250646	cluster_0_1_mixed
473_G	0	0.0002269138177307132	cluster_0_1_mixed
923_R	0	0.00022673000471996985	cluster_0_1_mixed
388_A	0	0.00022663587156299806	cluster_0_1_mixed
795_D	0	0.0002265678159866452	cluster_0_1_mixed
877_A	0	0.00022655372108484477	cluster_0_1_mixed
334_I	0	0.00022629325013604536	cluster_0_1_mixed
694_S	0	0.00022617338165924848	cluster_0_1_mixed
437_R	0	0.00022602559433079707	cluster_0_1_mixed
674_A	0	0.0002259596873298761	cluster_0_1_mixed
880_V	0	0.00022554034197533915	cluster_0_1_mixed
428_N	0	0.00022552983878896887	cluster_0_1_mixed
381_V	0	0.00022531568110365177	cluster_0_1_mixed
865_E	0	0.0002252108400122971	cluster_0_1_mixed
836_Q	0	0.0002250766469239307	cluster_0_1_mixed
211_F	0	0.00022458000728697045	cluster_0_1_mixed
620_L	0	0.0002245113658563697	cluster_0_1_mixed
208_D	0	0.00022441935855694974	cluster_0_1_mixed
840_G	0	0.0002236168196893661	cluster_0_1_mixed
872_D	0	0.00022345497535069346	cluster_0_1_mixed
845_Q	0	0.0002234365344372232	cluster_0_1_mixed
173_S	0	0.0002233904506194551	cluster_0_1_mixed
823_E	0	0.00022260870630866627	cluster_0_1_mixed
412_V	0	0.00022259783584356195	cluster_0_1_mixed
434_V	0	0.0002224983807185696	cluster_0_1_mixed
491_S	0	0.00022179456108284814	cluster_0_1_mixed
623_S	0	0.00022172948119431778	cluster_0_1_mixed
246_T	0	0.00022170947136511727	cluster_0_1_mixed
867_T	0	0.00022156399074112456	cluster_0_1_mixed
220_I	0	0.00022120434461960766	cluster_0_1_mixed
613_A	0	0.0002209797748726695	cluster_0_1_mixed
702_V	0	0.00022055513336396003	cluster_0_1_mixed
371_V	0	0.00022013537065125187	cluster_0_1_mixed
197_E	0	0.0002198065058239645	cluster_0_1_mixed
313_E	0	0.00021941780013929243	cluster_0_1_mixed
181_M	0	0.00021930906275531892	cluster_0_1_mixed
797_W	0	0.00021892443414425045	cluster_0_1_mixed
479_T	0	0.00021887318504606462	cluster_0_1_mixed
405_D	0	0.0002188335302307416	cluster_0_1_mixed
249_T	0	0.00021879740827116878	cluster_0_1_mixed
722_K	0	0.0002185221668900597	cluster_0_1_mixed
915_L	0	0.00021844882302884537	cluster_0_1_mixed
418_D	0	0.00021759999572427616	cluster_0_1_mixed
631_G	0	0.0002175842655725445	cluster_0_1_mixed
300_E	0	0.00021687999486246184	cluster_0_1_mixed
714_A	0	0.00021684003599518585	cluster_0_1_mixed
193_A	0	0.00021661048250666356	cluster_0_1_mixed
858_D	0	0.00021654762262371486	cluster_0_1_mixed
333_T	0	0.0002162782313731323	cluster_0_1_mixed
593_S	0	0.0002162537072706464	cluster_0_1_mixed
430_V	0	0.0002160440169201651	cluster_0_1_mixed
714_V	0	0.0002158381031483512	cluster_0_1_mixed
222_F	0	0.00021582549049562814	cluster_0_1_mixed
606_I	0	0.0002157460873873963	cluster_0_1_mixed
411_N	0	0.0002155625902446342	cluster_0_1_mixed
381_W	0	0.00021548290337121417	cluster_0_1_mixed
386_T	0	0.0002154796539845702	cluster_0_1_mixed
657_S	0	0.00021547659284095402	cluster_0_1_mixed
256_V	0	0.00021466128501302988	cluster_0_1_mixed
621_L	0	0.00021446219048311646	cluster_0_1_mixed
277_S	0	0.0002143503037880155	cluster_0_1_mixed
294_I	0	0.00021334027484973413	cluster_0_1_mixed
466_T	0	0.00021306645346793896	cluster_0_1_mixed
604_Q	0	0.0002128978228809765	cluster_0_1_mixed
784_G	0	0.00021247437875291807	cluster_0_1_mixed
870_I	0	0.00021246711549752591	cluster_0_1_mixed
247_N	0	0.00021200314333289833	cluster_0_1_mixed
773_L	0	0.00021199680671888662	cluster_0_1_mixed
740_V	0	0.00021176766502159548	cluster_0_1_mixed
225_D	0	0.00021144012376179408	cluster_0_1_mixed
601_F	0	0.00021140043930922218	cluster_0_1_mixed
224_T	0	0.00021113119300511664	cluster_0_1_mixed
370_D	0	0.00021085412999074702	cluster_0_1_mixed
470_A	0	0.00021071569998336228	cluster_0_1_mixed
651_T	0	0.0002106226392853875	cluster_0_1_mixed
598_R	0	0.00021050620669082912	cluster_0_1_mixed
443_L	0	0.00021048904391808042	cluster_0_1_mixed
353_A	0	0.0002101972674543831	cluster_0_1_mixed
677_P	0	0.00021001333249063317	cluster_0_1_mixed
896_F	0	0.0002099502464497491	cluster_0_1_mixed
909_H	0	0.00020993587602885863	cluster_0_1_mixed
313_Y	0	0.00020987000456249559	cluster_0_1_mixed
690_G	0	0.00020943594801995226	cluster_0_1_mixed
781_D	0	0.0002090271170925662	cluster_0_1_mixed
853_F	0	0.00020902532167359263	cluster_0_1_mixed
277_P	0	0.0002088959198613533	cluster_0_1_mixed
936_S	0	0.0002087439278968462	cluster_0_1_mixed
464_K	0	0.00020856220342523946	cluster_0_1_mixed
415_L	0	0.00020855777690245088	cluster_0_1_mixed
325_Q	0	0.00020852223837272352	cluster_0_1_mixed
347_A	0	0.0002084676142147917	cluster_0_1_mixed
303_S	0	0.00020836384652339336	cluster_0_1_mixed
186_D	0	0.00020826129418328025	cluster_0_1_mixed
922_I	0	0.0002078340766194368	cluster_0_1_mixed
599_N	0	0.00020777316788107703	cluster_0_1_mixed
588_A	0	0.0002072719843208429	cluster_0_1_mixed
792_N	0	0.00020693104735348204	cluster_0_1_mixed
421_D	0	0.00020675138001246415	cluster_0_1_mixed
631_K	0	0.00020656015498510225	cluster_0_1_mixed
685_G	0	0.0002063382580889412	cluster_0_1_mixed
396_N	0	0.00020614838228848593	cluster_0_1_mixed
822_G	0	0.00020610781410060794	cluster_0_1_mixed
924_T	0	0.00020588585396737828	cluster_0_1_mixed
731_N	0	0.00020551042706275054	cluster_0_1_mixed
774_C	0	0.00020546937804938667	cluster_0_1_mixed
477_D	0	0.0002053084531091308	cluster_0_1_mixed
709_I	0	0.00020530327627836571	cluster_0_1_mixed
773_F	0	0.000205275600835961	cluster_0_1_mixed
822_S	0	0.00020497530129195133	cluster_0_1_mixed
331_A	0	0.00020420718029401347	cluster_0_1_mixed
694_G	0	0.00020407119004472137	cluster_0_1_mixed
380_T	0	0.00020366779956535602	cluster_0_1_mixed
256_A	0	0.00020331001515675785	cluster_0_1_mixed
242_V	0	0.00020324134243489248	cluster_0_1_mixed
174_S	0	0.00020294626102310191	cluster_0_1_mixed
694_N	0	0.00020264236534805712	cluster_0_1_mixed
866_N	0	0.00020258832493737547	cluster_0_1_mixed
532_V	0	0.00020245565778809996	cluster_0_1_mixed
933_I	0	0.0002019915433887164	cluster_0_1_mixed
245_S	0	0.00020187373613283862	cluster_0_1_mixed
708_V	0	0.00020181960431144114	cluster_0_1_mixed
819_M	0	0.00020172562843885769	cluster_0_1_mixed
819_N	0	0.00020160457097199682	cluster_0_1_mixed
565_G	0	0.00020141369048794235	cluster_0_1_mixed
672_S	0	0.0002013880997781672	cluster_0_1_mixed
326_V	0	0.00020137810864692714	cluster_0_1_mixed
725_H	0	0.00020131657625437955	cluster_0_1_mixed
337_V	0	0.00020100886707622915	cluster_0_1_mixed
819_K	0	0.00020071982135733203	cluster_0_1_mixed
773_Y	0	0.00020064800544450424	cluster_0_1_mixed
597_L	0	0.0002006122034141082	cluster_0_1_mixed
430_P	0	0.00020056910242089235	cluster_0_1_mixed
252_A	0	0.00020050749688122282	cluster_0_1_mixed
465_G	0	0.0002002053888155976	cluster_0_1_mixed
702_A	0	0.00020008892864030394	cluster_0_1_mixed
385_Y	0	0.00020001211478553672	cluster_0_1_mixed
212_S	0	0.00019994959725935958	cluster_0_1_mixed
665_S	0	0.00019991825188629363	cluster_0_1_mixed
857_S	0	0.00019950352831929068	cluster_0_1_mixed
205_C	0	0.00019937266165015647	cluster_0_1_mixed
911_L	0	0.00019937246650858506	cluster_0_1_mixed
895_H	0	0.0001993708645616812	cluster_0_1_mixed
214_I	0	0.0001993558032679132	cluster_0_1_mixed
383_S	0	0.0001991567099519825	cluster_0_1_mixed
883_A	0	0.00019871032360211974	cluster_0_1_mixed
649_T	0	0.00019817616989220092	cluster_0_1_mixed
810_F	0	0.00019789006428654868	cluster_0_1_mixed
925_R	0	0.00019773021326905651	cluster_0_1_mixed
537_E	0	0.00019763190619171998	cluster_0_1_mixed
184_V	0	0.00019760636111450794	cluster_0_1_mixed
245_M	0	0.00019755558782075626	cluster_0_1_mixed
579_P	0	0.00019746214494974475	cluster_0_1_mixed
214_F	0	0.0001974274954789014	cluster_0_1_mixed
876_I	0	0.00019731357200881224	cluster_0_1_mixed
795_G	0	0.00019731081898435754	cluster_0_1_mixed
460_Q	0	0.0001972881031296931	cluster_0_1_mixed
478_V	0	0.0001970562237510115	cluster_0_1_mixed
421_P	0	0.00019698317861225118	cluster_0_1_mixed
300_R	0	0.00019696504993387418	cluster_0_1_mixed
874_T	0	0.00019687126890746733	cluster_0_1_mixed
843_L	0	0.00019667743859956696	cluster_0_1_mixed
585_L	0	0.0001966443585190349	cluster_0_1_mixed
187_Q	0	0.00019650274990082732	cluster_0_1_mixed
768_Y	0	0.00019611790001194973	cluster_0_1_mixed
921_S	0	0.00019539012277049596	cluster_0_1_mixed
729_S	0	0.00019527676876123038	cluster_0_1_mixed
883_P	0	0.0001951304914289195	cluster_0_1_mixed
191_T	0	0.00019508899261546495	cluster_0_1_mixed
792_T	0	0.00019498228591551765	cluster_0_1_mixed
349_I	0	0.00019443795612939383	cluster_0_1_mixed
570_E	0	0.0001940786454851308	cluster_0_1_mixed
416_R	0	0.0001939959738372732	cluster_0_1_mixed
846_K	0	0.00019395992275255075	cluster_0_1_mixed
224_F	0	0.00019361512943045982	cluster_0_1_mixed
336_T	0	0.0001929884996921998	cluster_0_1_mixed
356_M	0	0.00019298151906097966	cluster_0_1_mixed
349_S	0	0.00019294563361721014	cluster_0_1_mixed
634_A	0	0.00019269358377605456	cluster_0_1_mixed
826_T	0	0.00019266952099153967	cluster_0_1_mixed
713_N	0	0.00019249548618968163	cluster_0_1_mixed
916_F	0	0.0001924216227493439	cluster_0_1_mixed
774_Y	0	0.00019242003759747426	cluster_0_1_mixed
314_T	0	0.00019219973484147236	cluster_0_1_mixed
247_M	0	0.00019208251560609297	cluster_0_1_mixed
884_T	0	0.00019190960589948367	cluster_0_1_mixed
672_T	0	0.00019122770242130686	cluster_0_1_mixed
203_F	0	0.00019122035752557715	cluster_0_1_mixed
684_V	0	0.00019046598210036852	cluster_0_1_mixed
898_L	0	0.00019043782068693866	cluster_0_1_mixed
246_H	0	0.00019025945067856345	cluster_0_1_mixed
434_T	0	0.00019016133452123685	cluster_0_1_mixed
467_D	0	0.00018992795091866523	cluster_0_1_mixed
245_T	0	0.00018963902377110124	cluster_0_1_mixed
803_G	0	0.00018958667245446394	cluster_0_1_mixed
924_A	0	0.00018926664920536368	cluster_0_1_mixed
922_M	0	0.0001891486241789241	cluster_0_1_mixed
186_T	0	0.00018904937859676854	cluster_0_1_mixed
675_V	0	0.00018899448468535834	cluster_0_1_mixed
425_G	0	0.00018883055858378588	cluster_0_1_mixed
347_Y	0	0.0001888107835338791	cluster_0_1_mixed
298_F	0	0.0001887225459369593	cluster_0_1_mixed
812_E	0	0.00018863229463819602	cluster_0_1_mixed
671_T	0	0.00018845429309074913	cluster_0_1_mixed
316_I	0	0.00018844056675708772	cluster_0_1_mixed
782_G	0	0.00018813660148662368	cluster_0_1_mixed
243_K	0	0.0001878331223679194	cluster_0_1_mixed
674_G	0	0.0001877530842980373	cluster_0_1_mixed
469_S	0	0.00018770572503212096	cluster_0_1_mixed
377_G	0	0.00018767466467694904	cluster_0_1_mixed
172_Q	0	0.00018763365877949055	cluster_0_1_mixed
770_Q	0	0.00018757426019242585	cluster_0_1_mixed
457_P	0	0.00018737534495493234	cluster_0_1_mixed
660_D	0	0.00018731763261889566	cluster_0_1_mixed
477_P	0	0.00018731080628965632	cluster_0_1_mixed
311_G	0	0.00018704799297947488	cluster_0_1_mixed
607_F	0	0.00018680011183515416	cluster_0_1_mixed
469_E	0	0.0001867970317470873	cluster_0_1_mixed
372_Q	0	0.00018569288453451955	cluster_0_1_mixed
820_L	0	0.00018560967853835586	cluster_0_1_mixed
699_N	0	0.00018510587285226526	cluster_0_1_mixed
558_S	0	0.00018468118673281401	cluster_0_1_mixed
444_N	0	0.0001846180693067747	cluster_0_1_mixed
627_G	0	0.00018440700140345817	cluster_0_1_mixed
380_N	0	0.0001844044534990247	cluster_0_1_mixed
929_P	0	0.00018435325521829585	cluster_0_1_mixed
922_V	0	0.0001841992807189812	cluster_0_1_mixed
225_T	0	0.00018392341075126336	cluster_0_1_mixed
413_V	0	0.00018384530230227279	cluster_0_1_mixed
376_A	0	0.00018359177098196787	cluster_0_1_mixed
301_F	0	0.00018352134169476194	cluster_0_1_mixed
895_Q	0	0.0001833832175981831	cluster_0_1_mixed
936_G	0	0.00018303516232521982	cluster_0_1_mixed
718_T	0	0.00018297910495672064	cluster_0_1_mixed
915_I	0	0.00018297521378997996	cluster_0_1_mixed
846_G	0	0.00018259314860328055	cluster_0_1_mixed
619_E	0	0.0001823511117971086	cluster_0_1_mixed
897_I	0	0.00018227275852555346	cluster_0_1_mixed
237_G	0	0.00018211600806407912	cluster_0_1_mixed
709_M	0	0.00018203641078871406	cluster_0_1_mixed
434_Q	0	0.00018190720671822848	cluster_0_1_mixed
575_T	0	0.00018178624311406235	cluster_0_1_mixed
783_A	0	0.0001816715004260571	cluster_0_1_mixed
455_S	0	0.00018150205757434896	cluster_0_1_mixed
524_Q	0	0.00018137368396638423	cluster_0_1_mixed
665_G	0	0.00018119622334086837	cluster_0_1_mixed
776_Q	0	0.00018055778666204426	cluster_0_1_mixed
628_I	0	0.00018024866949772637	cluster_0_1_mixed
328_P	0	0.0001797933539993991	cluster_0_1_mixed
630_S	0	0.00017946584224399443	cluster_0_1_mixed
180_A	0	0.00017890456055078997	cluster_0_1_mixed
195_Q	0	0.00017887467689481506	cluster_0_1_mixed
931_N	0	0.000178727015705539	cluster_0_1_mixed
520_G	0	0.00017844351489265266	cluster_0_1_mixed
396_Q	0	0.00017827317118711462	cluster_0_1_mixed
884_S	0	0.00017822391763684659	cluster_0_1_mixed
376_N	0	0.00017819979287687405	cluster_0_1_mixed
475_T	0	0.00017809213738938245	cluster_0_1_mixed
682_G	0	0.0001780730272504608	cluster_0_1_mixed
367_L	0	0.00017788232450302612	cluster_0_1_mixed
417_T	0	0.0001778367457707179	cluster_0_1_mixed
775_D	0	0.00017779285466347624	cluster_0_1_mixed
835_P	0	0.0001777273612156467	cluster_0_1_mixed
674_T	0	0.00017770302129421536	cluster_0_1_mixed
551_N	0	0.00017768495558213954	cluster_0_1_mixed
197_R	0	0.0001774475891506873	cluster_0_1_mixed
213_M	0	0.00017730852782640212	cluster_0_1_mixed
913_Q	0	0.00017718240904685597	cluster_0_1_mixed
246_S	0	0.00017713647212654507	cluster_0_1_mixed
774_V	0	0.00017704687858831819	cluster_0_1_mixed
642_G	0	0.00017696294132312404	cluster_0_1_mixed
481_D	0	0.00017660306749182477	cluster_0_1_mixed
645_T	0	0.00017648828287900346	cluster_0_1_mixed
925_V	0	0.0001755630356993887	cluster_0_1_mixed
280_V	0	0.00017544773901700413	cluster_0_1_mixed
771_E	0	0.00017538012224275196	cluster_0_1_mixed
314_A	0	0.00017537502269790247	cluster_0_1_mixed
671_A	0	0.00017526089351984598	cluster_0_1_mixed
420_G	0	0.00017507235703955094	cluster_0_1_mixed
779_D	0	0.00017499970748535297	cluster_0_1_mixed
537_G	0	0.00017491091450271817	cluster_0_1_mixed
348_G	0	0.00017490830246271076	cluster_0_1_mixed
674_D	0	0.0001748999197229428	cluster_0_1_mixed
583_V	0	0.0001748181317633929	cluster_0_1_mixed
467_G	0	0.0001747733376043901	cluster_0_1_mixed
316_D	0	0.0001746008067945357	cluster_0_1_mixed
329_V	0	0.00017449499163564304	cluster_0_1_mixed
668_A	0	0.0001743744042911114	cluster_0_1_mixed
587_N	0	0.0001743137194792662	cluster_0_1_mixed
680_D	0	0.00017388423459638785	cluster_0_1_mixed
924_M	0	0.00017373847241811504	cluster_0_1_mixed
850_S	0	0.00017364364897151256	cluster_0_1_mixed
268_Y	0	0.0001735562966486027	cluster_0_1_mixed
219_L	0	0.00017352977073481536	cluster_0_1_mixed
173_P	0	0.0001733995017575204	cluster_0_1_mixed
633_A	0	0.0001733678847918766	cluster_0_1_mixed
413_P	0	0.00017321217059835435	cluster_0_1_mixed
572_G	0	0.00017303154473392767	cluster_0_1_mixed
185_T	0	0.00017300720845887584	cluster_0_1_mixed
626_F	0	0.0001730058156348732	cluster_0_1_mixed
769_Q	0	0.00017276300216018253	cluster_0_1_mixed
845_E	0	0.0001721044299534264	cluster_0_1_mixed
934_P	0	0.00017141732602206052	cluster_0_1_mixed
566_A	0	0.00017136176435720476	cluster_0_1_mixed
388_S	0	0.00017119997277297355	cluster_0_1_mixed
856_P	0	0.00017115753785842207	cluster_0_1_mixed
802_R	0	0.00017108273720361657	cluster_0_1_mixed
174_M	0	0.00017100689518887344	cluster_0_1_mixed
352_I	0	0.00017095048050278687	cluster_0_1_mixed
478_L	0	0.0001706737594023264	cluster_0_1_mixed
869_E	0	0.00017064411119067168	cluster_0_1_mixed
239_K	0	0.0001706336159823842	cluster_0_1_mixed
848_T	0	0.0001706268170853205	cluster_0_1_mixed
558_D	0	0.00017061696929719864	cluster_0_1_mixed
676_S	0	0.00017052907492333988	cluster_0_1_mixed
487_Q	0	0.0001705247529442174	cluster_0_1_mixed
327_E	0	0.00017020941641480197	cluster_0_1_mixed
266_I	0	0.00016999192628665882	cluster_0_1_mixed
194_I	0	0.0001690393952030834	cluster_0_1_mixed
867_S	0	0.00016879198493344308	cluster_0_1_mixed
791_A	0	0.00016877092875060593	cluster_0_1_mixed
913_D	0	0.00016858733745966524	cluster_0_1_mixed
270_F	0	0.0001685850162721166	cluster_0_1_mixed
277_Y	0	0.00016853131466847552	cluster_0_1_mixed
725_D	0	0.00016826817443146063	cluster_0_1_mixed
346_G	0	0.00016756731855480873	cluster_0_1_mixed
555_T	0	0.00016754176498121385	cluster_0_1_mixed
670_S	0	0.0001674500416912719	cluster_0_1_mixed
366_G	0	0.0001674237546748196	cluster_0_1_mixed
618_V	0	0.00016735433304409204	cluster_0_1_mixed
218_D	0	0.00016733562756121215	cluster_0_1_mixed
646_A	0	0.00016682120420449418	cluster_0_1_mixed
868_P	0	0.00016681855742041915	cluster_0_1_mixed
833_S	0	0.00016679497361367075	cluster_0_1_mixed
571_D	0	0.00016677862588883668	cluster_0_1_mixed
687_A	0	0.00016662147092485336	cluster_0_1_mixed
579_R	0	0.00016631983443675323	cluster_0_1_mixed
485_G	0	0.00016629792320994638	cluster_0_1_mixed
391_L	0	0.00016627598537871375	cluster_0_1_mixed
280_I	0	0.00016610568417590112	cluster_0_1_mixed
243_R	0	0.0001658605824105146	cluster_0_1_mixed
852_T	0	0.0001656329796849258	cluster_0_1_mixed
416_T	0	0.00016558180500240654	cluster_0_1_mixed
870_E	0	0.00016507464581747778	cluster_0_1_mixed
649_Q	0	0.0001649715685700758	cluster_0_1_mixed
340_N	0	0.00016475072094549367	cluster_0_1_mixed
693_S	0	0.00016474616036450223	cluster_0_1_mixed
568_A	0	0.00016462107864765354	cluster_0_1_mixed
885_S	0	0.0001645921704096115	cluster_0_1_mixed
937_V	0	0.00016429364687970126	cluster_0_1_mixed
225_M	0	0.00016399842914145644	cluster_0_1_mixed
781_T	0	0.00016360404288468826	cluster_0_1_mixed
353_G	0	0.00016347340204678337	cluster_0_1_mixed
431_A	0	0.0001634051096914467	cluster_0_1_mixed
582_E	0	0.00016304678112783784	cluster_0_1_mixed
703_P	0	0.00016294213012003228	cluster_0_1_mixed
385_H	0	0.0001628841697512949	cluster_0_1_mixed
523_D	0	0.00016281680695655006	cluster_0_1_mixed
709_L	0	0.00016278402053038131	cluster_0_1_mixed
876_D	0	0.00016271168387628338	cluster_0_1_mixed
696_N	0	0.00016268488145691095	cluster_0_1_mixed
460_W	0	0.00016239433595418234	cluster_0_1_mixed
303_K	0	0.00016232009336766958	cluster_0_1_mixed
832_F	0	0.00016203386349348286	cluster_0_1_mixed
860_I	0	0.00016164791483886398	cluster_0_1_mixed
353_Y	0	0.00016143863890316442	cluster_0_1_mixed
544_Y	0	0.00016134977927788926	cluster_0_1_mixed
482_D	0	0.00016108441072919605	cluster_0_1_mixed
540_G	0	0.00016103604957438456	cluster_0_1_mixed
314_Q	0	0.00016091531578424093	cluster_0_1_mixed
587_A	0	0.00016083424197456256	cluster_0_1_mixed
581_I	0	0.00016045461594498773	cluster_0_1_mixed
461_K	0	0.0001603521815289046	cluster_0_1_mixed
445_R	0	0.00016033723718535925	cluster_0_1_mixed
893_V	0	0.00016008030302567256	cluster_0_1_mixed
579_T	0	0.00015997075050759493	cluster_0_1_mixed
834_Y	0	0.00015994397745877533	cluster_0_1_mixed
795_T	0	0.00015986884328716145	cluster_0_1_mixed
675_A	0	0.00015978007789065523	cluster_0_1_mixed
372_G	0	0.00015973964427661453	cluster_0_1_mixed
779_G	0	0.00015956866080260086	cluster_0_1_mixed
430_D	0	0.00015952999419196695	cluster_0_1_mixed
895_N	0	0.00015929338239396114	cluster_0_1_mixed
649_V	0	0.00015921039947676044	cluster_0_1_mixed
728_Y	0	0.00015909140427158288	cluster_0_1_mixed
183_Q	0	0.0001590675086244902	cluster_0_1_mixed
182_M	0	0.00015897199882123155	cluster_0_1_mixed
423_D	0	0.00015883201562354082	cluster_0_1_mixed
336_L	0	0.0001586444606540126	cluster_0_1_mixed
879_N	0	0.00015861224471797188	cluster_0_1_mixed
684_I	0	0.0001582433139774187	cluster_0_1_mixed
571_G	0	0.00015823436084182502	cluster_0_1_mixed
475_V	0	0.00015809011952848525	cluster_0_1_mixed
628_Q	0	0.00015785896225605002	cluster_0_1_mixed
319_D	0	0.00015722628323066847	cluster_0_1_mixed
839_P	0	0.0001568951682747927	cluster_0_1_mixed
729_T	0	0.00015679460905201683	cluster_0_1_mixed
385_C	0	0.00015667185074820942	cluster_0_1_mixed
687_S	0	0.00015664732536475984	cluster_0_1_mixed
812_W	0	0.00015636714123229355	cluster_0_1_mixed
817_P	0	0.0001561451111064848	cluster_0_1_mixed
280_M	0	0.00015602782684419241	cluster_0_1_mixed
928_L	0	0.00015582408055495004	cluster_0_1_mixed
615_A	0	0.00015581669706169547	cluster_0_1_mixed
684_L	0	0.00015579344526469582	cluster_0_1_mixed
854_V	0	0.0001557608794622388	cluster_0_1_mixed
846_H	0	0.00015569099685512492	cluster_0_1_mixed
727_Q	0	0.00015559786505743757	cluster_0_1_mixed
886_P	0	0.00015523486230951643	cluster_0_1_mixed
706_T	0	0.000154831196935316	cluster_0_1_mixed
927_A	0	0.00015478718069184745	cluster_0_1_mixed
668_S	0	0.0001546957883931564	cluster_0_1_mixed
921_N	0	0.0001546565948738699	cluster_0_1_mixed
567_A	0	0.0001543675184931195	cluster_0_1_mixed
426_G	0	0.0001542230006277394	cluster_0_1_mixed
790_S	0	0.0001541345877513775	cluster_0_1_mixed
872_P	0	0.0001541196770227656	cluster_0_1_mixed
867_A	0	0.00015344236118816572	cluster_0_1_mixed
900_S	0	0.00015342762344623678	cluster_0_1_mixed
559_A	0	0.0001533784114804718	cluster_0_1_mixed
927_P	0	0.0001533702893956138	cluster_0_1_mixed
423_G	0	0.00015332426540182978	cluster_0_1_mixed
633_D	0	0.0001532273453256981	cluster_0_1_mixed
262_I	0	0.0001531578813552776	cluster_0_1_mixed
853_L	0	0.00015315298771099656	cluster_0_1_mixed
707_L	0	0.00015310620305831058	cluster_0_1_mixed
622_Y	0	0.00015256554087892093	cluster_0_1_mixed
352_M	0	0.00015207650165929295	cluster_0_1_mixed
575_G	0	0.00015192297565650955	cluster_0_1_mixed
858_L	0	0.00015191460740926347	cluster_0_1_mixed
686_G	0	0.00015170900716951336	cluster_0_1_mixed
611_N	0	0.00015156449986394473	cluster_0_1_mixed
414_M	0	0.0001515522643689277	cluster_0_1_mixed
802_A	0	0.00015118122037890898	cluster_0_1_mixed
461_Q	0	0.00015116724453970135	cluster_0_1_mixed
848_E	0	0.0001509415541531497	cluster_0_1_mixed
205_M	0	0.00015090721009441402	cluster_0_1_mixed
579_S	0	0.00015086565527815384	cluster_0_1_mixed
296_S	0	0.00015085810083485186	cluster_0_1_mixed
796_I	0	0.00015079329635207282	cluster_0_1_mixed
877_Q	0	0.00015063160680813732	cluster_0_1_mixed
329_P	0	0.0001502807933555986	cluster_0_1_mixed
554_G	0	0.0001502023954256973	cluster_0_1_mixed
375_G	0	0.00015012637012809998	cluster_0_1_mixed
369_Q	0	0.0001499650896084733	cluster_0_1_mixed
868_A	0	0.0001495710793872159	cluster_0_1_mixed
242_S	0	0.0001495679187590119	cluster_0_1_mixed
664_S	0	0.00014953690251993238	cluster_0_1_mixed
818_S	0	0.00014945162952349975	cluster_0_1_mixed
930_I	0	0.0001493771959193929	cluster_0_1_mixed
545_G	0	0.00014922577203572879	cluster_0_1_mixed
526_F	0	0.0001492108077633116	cluster_0_1_mixed
567_G	0	0.0001491956826367528	cluster_0_1_mixed
175_G	0	0.00014899931065570415	cluster_0_1_mixed
595_N	0	0.00014893837957630798	cluster_0_1_mixed
881_I	0	0.0001487513045012972	cluster_0_1_mixed
465_D	0	0.00014846826477853307	cluster_0_1_mixed
371_G	0	0.00014833755127543113	cluster_0_1_mixed
539_T	0	0.00014832727553088843	cluster_0_1_mixed
798_G	0	0.00014831000799482008	cluster_0_1_mixed
558_G	0	0.0001482792692627082	cluster_0_1_mixed
841_W	0	0.0001482729773031769	cluster_0_1_mixed
774_F	0	0.0001482160254879087	cluster_0_1_mixed
719_N	0	0.00014798562197116527	cluster_0_1_mixed
209_R	0	0.0001478654280757341	cluster_0_1_mixed
795_K	0	0.00014786208121981675	cluster_0_1_mixed
432_N	0	0.00014768811379576772	cluster_0_1_mixed
691_G	0	0.00014732673130874612	cluster_0_1_mixed
198_A	0	0.0001473153950792579	cluster_0_1_mixed
795_E	0	0.00014729951269515243	cluster_0_1_mixed
835_G	0	0.0001472568090849016	cluster_0_1_mixed
923_Y	0	0.00014717998311319824	cluster_0_1_mixed
570_L	0	0.00014704430407909273	cluster_0_1_mixed
857_Q	0	0.00014680132056565205	cluster_0_1_mixed
575_N	0	0.0001467341032241572	cluster_0_1_mixed
339_N	0	0.00014665472052886305	cluster_0_1_mixed
420_V	0	0.0001466430870520919	cluster_0_1_mixed
794_E	0	0.0001465554172035492	cluster_0_1_mixed
442_L	0	0.0001465293743294197	cluster_0_1_mixed
384_W	0	0.00014652784587765194	cluster_0_1_mixed
264_A	0	0.0001464043583119282	cluster_0_1_mixed
202_Q	0	0.00014636830905745017	cluster_0_1_mixed
322_Y	0	0.0001463447171344136	cluster_0_1_mixed
831_R	0	0.00014629629006158846	cluster_0_1_mixed
580_Q	0	0.00014604193674306923	cluster_0_1_mixed
718_S	0	0.00014580417973728493	cluster_0_1_mixed
781_Q	0	0.00014561804584400196	cluster_0_1_mixed
518_G	0	0.00014557347051910938	cluster_0_1_mixed
801_A	0	0.0001455595108914739	cluster_0_1_mixed
538_S	0	0.0001455458501217371	cluster_0_1_mixed
834_S	0	0.00014518587577846222	cluster_0_1_mixed
746_G	0	0.0001451683195747419	cluster_0_1_mixed
261_K	0	0.00014483487203548553	cluster_0_1_mixed
218_L	0	0.00014468135332949968	cluster_0_1_mixed
779_A	0	0.00014467411713745023	cluster_0_1_mixed
175_S	0	0.0001446649385608775	cluster_0_1_mixed
835_S	0	0.00014465950848427096	cluster_0_1_mixed
643_G	0	0.00014462294679561732	cluster_0_1_mixed
632_D	0	0.00014452301085280143	cluster_0_1_mixed
515_I	0	0.000144473909915972	cluster_0_1_mixed
375_D	0	0.00014442428864883957	cluster_0_1_mixed
875_N	0	0.00014439855124670414	cluster_0_1_mixed
803_F	0	0.00014407178567248994	cluster_0_1_mixed
485_T	0	0.00014397896057503	cluster_0_1_mixed
316_R	0	0.00014388798703379754	cluster_0_1_mixed
629_V	0	0.00014382557895181754	cluster_0_1_mixed
415_N	0	0.00014378746712500576	cluster_0_1_mixed
729_K	0	0.0001436202549499968	cluster_0_1_mixed
647_E	0	0.00014352375725882908	cluster_0_1_mixed
454_G	0	0.00014344887361592161	cluster_0_1_mixed
350_E	0	0.00014330553034909847	cluster_0_1_mixed
813_Y	0	0.0001431849654131609	cluster_0_1_mixed
879_D	0	0.00014308826730030655	cluster_0_1_mixed
914_F	0	0.00014297380808596337	cluster_0_1_mixed
696_D	0	0.00014296666380107147	cluster_0_1_mixed
597_I	0	0.0001429519563174796	cluster_0_1_mixed
312_N	0	0.00014276849458600443	cluster_0_1_mixed
907_E	0	0.00014246874840295807	cluster_0_1_mixed
609_Y	0	0.00014243379168667566	cluster_0_1_mixed
345_A	0	0.00014223057392480904	cluster_0_1_mixed
839_N	0	0.0001419418277635771	cluster_0_1_mixed
190_F	0	0.00014186366285531303	cluster_0_1_mixed
689_G	0	0.00014182740661407005	cluster_0_1_mixed
377_L	0	0.0001417856772768363	cluster_0_1_mixed
384_I	0	0.000141625138175079	cluster_0_1_mixed
429_D	0	0.00014158682998536564	cluster_0_1_mixed
337_T	0	0.00014139972861504092	cluster_0_1_mixed
847_Y	0	0.00014136709315150508	cluster_0_1_mixed
472_L	0	0.00014136516615547226	cluster_0_1_mixed
721_S	0	0.00014122823879677646	cluster_0_1_mixed
379_I	0	0.00014114596927820752	cluster_0_1_mixed
424_D	0	0.0001411150055693483	cluster_0_1_mixed
727_F	0	0.00014101210722739372	cluster_0_1_mixed
424_T	0	0.00014099968858581865	cluster_0_1_mixed
918_A	0	0.00014098120743830304	cluster_0_1_mixed
637_R	0	0.0001408762668785863	cluster_0_1_mixed
176_R	0	0.00014062665894942178	cluster_0_1_mixed
472_P	0	0.0001405011082401501	cluster_0_1_mixed
782_Y	0	0.00014043979344635703	cluster_0_1_mixed
878_R	0	0.0001402334315571302	cluster_0_1_mixed
555_G	0	0.00014018037880053985	cluster_0_1_mixed
480_Y	0	0.00014013596009983893	cluster_0_1_mixed
587_Q	0	0.00013993999516651495	cluster_0_1_mixed
670_V	0	0.00013967279914903316	cluster_0_1_mixed
564_A	0	0.00013957332585931825	cluster_0_1_mixed
651_H	0	0.00013937216223332863	cluster_0_1_mixed
707_T	0	0.0001392052024490534	cluster_0_1_mixed
331_I	0	0.00013888126789374857	cluster_0_1_mixed
840_P	0	0.00013881840928642487	cluster_0_1_mixed
587_T	0	0.00013867654999596873	cluster_0_1_mixed
210_K	0	0.00013866848155724657	cluster_0_1_mixed
417_Q	0	0.00013855845636326914	cluster_0_1_mixed
374_T	0	0.0001382764169215003	cluster_0_1_mixed
632_Y	0	0.00013815902687456787	cluster_0_1_mixed
629_L	0	0.00013810916410164	cluster_0_1_mixed
561_D	0	0.00013805513888347145	cluster_0_1_mixed
674_Q	0	0.0001380207327235356	cluster_0_1_mixed
622_D	0	0.00013795681587093237	cluster_0_1_mixed
589_T	0	0.00013793806803046821	cluster_0_1_mixed
607_A	0	0.00013785674957939083	cluster_0_1_mixed
425_P	0	0.00013766185560410012	cluster_0_1_mixed
300_D	0	0.0001376449002376342	cluster_0_1_mixed
911_I	0	0.00013749944608118598	cluster_0_1_mixed
768_E	0	0.00013747207082874066	cluster_0_1_mixed
538_D	0	0.00013738332204195504	cluster_0_1_mixed
930_L	0	0.0001373050158084033	cluster_0_1_mixed
922_Y	0	0.00013723420897516426	cluster_0_1_mixed
554_A	0	0.00013721618424672588	cluster_0_1_mixed
784_V	0	0.00013713917986353107	cluster_0_1_mixed
876_G	0	0.00013709628709665552	cluster_0_1_mixed
339_V	0	0.00013688271279585073	cluster_0_1_mixed
866_G	0	0.00013677850948930136	cluster_0_1_mixed
462_P	0	0.00013674625636923873	cluster_0_1_mixed
207_F	0	0.00013667340591963801	cluster_0_1_mixed
535_Y	0	0.00013657301274096775	cluster_0_1_mixed
692_A	0	0.00013649654758024924	cluster_0_1_mixed
258_Y	0	0.00013639331065335355	cluster_0_1_mixed
595_D	0	0.00013628922073157226	cluster_0_1_mixed
560_S	0	0.0001362254753522123	cluster_0_1_mixed
409_I	0	0.00013619711862653935	cluster_0_1_mixed
570_G	0	0.0001358529345408362	cluster_0_1_mixed
641_L	0	0.00013561656067304694	cluster_0_1_mixed
432_G	0	0.0001355953865146328	cluster_0_1_mixed
247_Q	0	0.00013557892845796169	cluster_0_1_mixed
332_A	0	0.00013542162677817804	cluster_0_1_mixed
882_T	0	0.00013541384336957952	cluster_0_1_mixed
432_T	0	0.0001353544537580881	cluster_0_1_mixed
671_D	0	0.00013514076861084496	cluster_0_1_mixed
905_A	0	0.000135025208885504	cluster_0_1_mixed
535_E	0	0.00013498844777420452	cluster_0_1_mixed
583_T	0	0.0001346674065721037	cluster_0_1_mixed
182_I	0	0.00013386653369817895	cluster_0_1_mixed
840_V	0	0.00013385615323971919	cluster_0_1_mixed
366_L	0	0.00013383932331610137	cluster_0_1_mixed
790_D	0	0.0001337290731489122	cluster_0_1_mixed
330_P	0	0.0001336728454231877	cluster_0_1_mixed
588_T	0	0.00013360587039557136	cluster_0_1_mixed
542_K	0	0.000133534641968965	cluster_0_1_mixed
675_P	0	0.00013345117560396342	cluster_0_1_mixed
745_Y	0	0.0001332764260386402	cluster_0_1_mixed
912_P	0	0.00013321187401551103	cluster_0_1_mixed
185_S	0	0.00013296291955507424	cluster_0_1_mixed
259_I	0	0.0001328603850314305	cluster_0_1_mixed
628_E	0	0.00013284144842770846	cluster_0_1_mixed
329_L	0	0.0001328237785525156	cluster_0_1_mixed
542_S	0	0.00013249701943054225	cluster_0_1_mixed
825_K	0	0.00013248044905336953	cluster_0_1_mixed
215_A	0	0.00013236112041016762	cluster_0_1_mixed
735_D	0	0.00013234131418387112	cluster_0_1_mixed
573_G	0	0.000132320532529641	cluster_0_1_mixed
622_M	0	0.00013213382147697335	cluster_0_1_mixed
375_V	0	0.00013197397736026568	cluster_0_1_mixed
783_T	0	0.00013188530663385415	cluster_0_1_mixed
858_A	0	0.00013169462293885367	cluster_0_1_mixed
332_G	0	0.0001316280237752323	cluster_0_1_mixed
629_I	0	0.00013153127874554842	cluster_0_1_mixed
816_A	0	0.00013147893184583325	cluster_0_1_mixed
573_V	0	0.0001314493074172349	cluster_0_1_mixed
852_N	0	0.0001313084447310156	cluster_0_1_mixed
180_G	0	0.00013127864896185797	cluster_0_1_mixed
379_P	0	0.00013124972023896735	cluster_0_1_mixed
713_T	0	0.00013117918742053058	cluster_0_1_mixed
330_F	0	0.00013115722622746484	cluster_0_1_mixed
187_S	0	0.00013114281070945034	cluster_0_1_mixed
608_N	0	0.0001310427317681631	cluster_0_1_mixed
884_Q	0	0.00013092921124824658	cluster_0_1_mixed
792_D	0	0.0001308412882070811	cluster_0_1_mixed
347_T	0	0.00013082366602071372	cluster_0_1_mixed
773_I	0	0.00013061734516700593	cluster_0_1_mixed
871_V	0	0.00013038691383532528	cluster_0_1_mixed
543_T	0	0.00013038172611347438	cluster_0_1_mixed
897_L	0	0.00013028310158260477	cluster_0_1_mixed
438_N	0	0.00012979301916154744	cluster_0_1_mixed
176_H	0	0.00012978465287613348	cluster_0_1_mixed
479_S	0	0.00012956323712332455	cluster_0_1_mixed
195_S	0	0.00012953017655958237	cluster_0_1_mixed
266_V	0	0.00012935531629295778	cluster_0_1_mixed
557_T	0	0.00012921050441534518	cluster_0_1_mixed
381_A	0	0.00012912873771954602	cluster_0_1_mixed
549_A	0	0.00012900362284206347	cluster_0_1_mixed
545_A	0	0.0001288645586752856	cluster_0_1_mixed
423_L	0	0.00012882801541601508	cluster_0_1_mixed
721_T	0	0.00012881897334753479	cluster_0_1_mixed
712_I	0	0.00012880714629114634	cluster_0_1_mixed
625_Y	0	0.00012873345520792836	cluster_0_1_mixed
251_M	0	0.000128662949007345	cluster_0_1_mixed
693_I	0	0.0001286537295514956	cluster_0_1_mixed
727_D	0	0.00012857426857476587	cluster_0_1_mixed
350_I	0	0.00012848865904576992	cluster_0_1_mixed
338_A	0	0.00012843390540253307	cluster_0_1_mixed
742_P	0	0.0001283274045807852	cluster_0_1_mixed
832_A	0	0.00012830778076126348	cluster_0_1_mixed
784_D	0	0.00012825347318433887	cluster_0_1_mixed
805_E	0	0.00012813373720542632	cluster_0_1_mixed
358_L	0	0.0001279083628675412	cluster_0_1_mixed
175_A	0	0.00012785598122326273	cluster_0_1_mixed
335_P	0	0.00012776949026473464	cluster_0_1_mixed
437_K	0	0.00012776892874745988	cluster_0_1_mixed
366_K	0	0.0001277559817645682	cluster_0_1_mixed
925_N	0	0.00012745490399230562	cluster_0_1_mixed
899_D	0	0.00012734733665831007	cluster_0_1_mixed
582_T	0	0.00012733829771484692	cluster_0_1_mixed
672_A	0	0.00012728578492258945	cluster_0_1_mixed
186_N	0	0.00012728262015793528	cluster_0_1_mixed
331_G	0	0.00012716781659885974	cluster_0_1_mixed
260_I	0	0.00012711078291811957	cluster_0_1_mixed
296_N	0	0.00012706155451843826	cluster_0_1_mixed
243_S	0	0.00012700007540378654	cluster_0_1_mixed
476_A	0	0.00012687509631218743	cluster_0_1_mixed
898_F	0	0.00012679005141435422	cluster_0_1_mixed
851_A	0	0.0001267588054075758	cluster_0_1_mixed
177_T	0	0.0001266470643505019	cluster_0_1_mixed
912_F	0	0.00012664167122981325	cluster_0_1_mixed
546_A	0	0.0001265668031505454	cluster_0_1_mixed
694_K	0	0.00012655028817435971	cluster_0_1_mixed
183_R	0	0.00012654865726153907	cluster_0_1_mixed
223_M	0	0.0001263713137204	cluster_0_1_mixed
612_I	0	0.000126208220935162	cluster_0_1_mixed
686_V	0	0.00012617487058078813	cluster_0_1_mixed
368_G	0	0.00012598169847750267	cluster_0_1_mixed
856_L	0	0.00012597717075334028	cluster_0_1_mixed
536_L	0	0.0001258301960627905	cluster_0_1_mixed
766_S	0	0.00012567417512746894	cluster_0_1_mixed
528_S	0	0.00012559481278375475	cluster_0_1_mixed
540_T	0	0.0001255562150681928	cluster_0_1_mixed
316_P	0	0.00012544723616066095	cluster_0_1_mixed
617_Y	0	0.00012538789133664568	cluster_0_1_mixed
554_Y	0	0.00012530288065468745	cluster_0_1_mixed
480_G	0	0.0001251993398889967	cluster_0_1_mixed
711_I	0	0.00012510791233661994	cluster_0_1_mixed
707_M	0	0.00012502880672822877	cluster_0_1_mixed
556_S	0	0.00012486021663551028	cluster_0_1_mixed
345_T	0	0.0001248155086158313	cluster_0_1_mixed
735_E	0	0.0001247045584077475	cluster_0_1_mixed
677_S	0	0.00012457323528380283	cluster_0_1_mixed
834_F	0	0.0001244267319129726	cluster_0_1_mixed
687_V	0	0.00012439920103842953	cluster_0_1_mixed
578_A	0	0.00012435575100026207	cluster_0_1_mixed
588_G	0	0.00012429871032829703	cluster_0_1_mixed
330_V	0	0.00012429719473652806	cluster_0_1_mixed
516_K	0	0.00012407544075265694	cluster_0_1_mixed
796_K	0	0.00012401079199700357	cluster_0_1_mixed
793_N	0	0.00012399241401279281	cluster_0_1_mixed
604_Y	0	0.0001238025999990628	cluster_0_1_mixed
779_T	0	0.00012377640928797927	cluster_0_1_mixed
939_R	0	0.00012336983037892794	cluster_0_1_mixed
536_Q	0	0.00012336522029525413	cluster_0_1_mixed
377_N	0	0.00012336260732359906	cluster_0_1_mixed
209_G	0	0.0001233429572977997	cluster_0_1_mixed
819_E	0	0.00012324164196072306	cluster_0_1_mixed
563_G	0	0.00012314467641473916	cluster_0_1_mixed
810_W	0	0.00012310719086143992	cluster_0_1_mixed
566_G	0	0.0001229738608930063	cluster_0_1_mixed
187_K	0	0.00012297106665143666	cluster_0_1_mixed
918_W	0	0.00012285956774464444	cluster_0_1_mixed
425_D	0	0.00012285718566090476	cluster_0_1_mixed
596_A	0	0.00012277338429811456	cluster_0_1_mixed
611_M	0	0.00012266418328168156	cluster_0_1_mixed
331_T	0	0.00012257211549793242	cluster_0_1_mixed
214_M	0	0.0001225315523227446	cluster_0_1_mixed
766_D	0	0.00012245243651015547	cluster_0_1_mixed
605_H	0	0.00012242546537086373	cluster_0_1_mixed
842_H	0	0.0001223646022524594	cluster_0_1_mixed
800_I	0	0.0001223377434258383	cluster_0_1_mixed
856_G	0	0.0001223334735651872	cluster_0_1_mixed
547_A	0	0.00012231790539628986	cluster_0_1_mixed
474_G	0	0.00012228077084343208	cluster_0_1_mixed
544_L	0	0.00012226427660550084	cluster_0_1_mixed
539_S	0	0.00012207122148756374	cluster_0_1_mixed
570_A	0	0.00012202274971500409	cluster_0_1_mixed
689_A	0	0.00012196214551183164	cluster_0_1_mixed
592_M	0	0.00012193093678137776	cluster_0_1_mixed
780_V	0	0.00012190328824334586	cluster_0_1_mixed
580_S	0	0.00012171569634835742	cluster_0_1_mixed
534_Y	0	0.00012171542662312314	cluster_0_1_mixed
578_G	0	0.00012161960428921952	cluster_0_1_mixed
182_L	0	0.00012158851081430171	cluster_0_1_mixed
920_I	0	0.00012149156851831589	cluster_0_1_mixed
493_N	0	0.0001214454961335738	cluster_0_1_mixed
561_G	0	0.00012142291426266459	cluster_0_1_mixed
560_L	0	0.00012135404365876317	cluster_0_1_mixed
647_M	0	0.0001212656385289979	cluster_0_1_mixed
208_L	0	0.00012124892324021465	cluster_0_1_mixed
378_T	0	0.00012112537233999139	cluster_0_1_mixed
208_A	0	0.00012111813631841038	cluster_0_1_mixed
462_G	0	0.0001210672974652414	cluster_0_1_mixed
478_I	0	0.00012100324090583587	cluster_0_1_mixed
664_T	0	0.00012097898738603308	cluster_0_1_mixed
455_V	0	0.00012095433326826877	cluster_0_1_mixed
879_I	0	0.00012085681271276867	cluster_0_1_mixed
857_V	0	0.00012081222373883587	cluster_0_1_mixed
572_T	0	0.00012068946259626524	cluster_0_1_mixed
799_K	0	0.00012067709847126227	cluster_0_1_mixed
562_T	0	0.00012057419900865256	cluster_0_1_mixed
331_S	0	0.00012052504325242436	cluster_0_1_mixed
594_I	0	0.00012038224704605099	cluster_0_1_mixed
740_G	0	0.00012031785605555279	cluster_0_1_mixed
927_L	0	0.00012029393633215781	cluster_0_1_mixed
320_S	0	0.00012027273684075515	cluster_0_1_mixed
200_H	0	0.00012014136333178066	cluster_0_1_mixed
329_Y	0	0.00012013247641870603	cluster_0_1_mixed
171_K	0	0.00012004754735944999	cluster_0_1_mixed
170_M	0	0.00011994602435367142	cluster_0_1_mixed
434_N	0	0.00011981507363746364	cluster_0_1_mixed
665_A	0	0.0001197282431228917	cluster_0_1_mixed
373_D	0	0.00011965216450079202	cluster_0_1_mixed
697_R	0	0.00011949561840849118	cluster_0_1_mixed
593_G	0	0.00011946354275957111	cluster_0_1_mixed
332_T	0	0.00011918945687320383	cluster_0_1_mixed
582_Q	0	0.00011918726765831593	cluster_0_1_mixed
795_Q	0	0.00011917627036172143	cluster_0_1_mixed
738_I	0	0.00011908134813924201	cluster_0_1_mixed
176_P	0	0.00011892776199629975	cluster_0_1_mixed
536_A	0	0.00011877755685834979	cluster_0_1_mixed
843_Y	0	0.00011863964262337155	cluster_0_1_mixed
284_W	0	0.00011858351872586807	cluster_0_1_mixed
565_T	0	0.000118580336136059	cluster_0_1_mixed
538_G	0	0.00011854170835275361	cluster_0_1_mixed
791_S	0	0.0001184755501981883	cluster_0_1_mixed
765_Q	0	0.0001184748923853197	cluster_0_1_mixed
592_F	0	0.00011827754000648174	cluster_0_1_mixed
926_R	0	0.00011824165575569765	cluster_0_1_mixed
546_G	0	0.00011821681091666038	cluster_0_1_mixed
539_G	0	0.00011809624159770917	cluster_0_1_mixed
580_A	0	0.00011799726312892234	cluster_0_1_mixed
729_N	0	0.00011793275317581186	cluster_0_1_mixed
582_F	0	0.00011792488718708368	cluster_0_1_mixed
262_V	0	0.00011783783976036906	cluster_0_1_mixed
572_A	0	0.00011782230739980217	cluster_0_1_mixed
476_G	0	0.00011766326445995559	cluster_0_1_mixed
431_Y	0	0.00011763234952128113	cluster_0_1_mixed
282_V	0	0.00011761032190911214	cluster_0_1_mixed
189_N	0	0.0001175325879171151	cluster_0_1_mixed
484_T	0	0.00011752213393053171	cluster_0_1_mixed
578_P	0	0.00011736224722817236	cluster_0_1_mixed
245_V	0	0.00011735137090362537	cluster_0_1_mixed
725_E	0	0.00011733250999171059	cluster_0_1_mixed
752_I	0	0.00011730088806315979	cluster_0_1_mixed
852_A	0	0.00011720699803902557	cluster_0_1_mixed
565_S	0	0.00011712716698275483	cluster_0_1_mixed
558_A	0	0.00011707514673588612	cluster_0_1_mixed
873_D	0	0.00011703484624408524	cluster_0_1_mixed
738_Y	0	0.00011690302736009883	cluster_0_1_mixed
496_S	0	0.00011687220488323692	cluster_0_1_mixed
374_G	0	0.00011686321825622823	cluster_0_1_mixed
193_N	0	0.00011666506081130703	cluster_0_1_mixed
766_T	0	0.0001166544435961075	cluster_0_1_mixed
317_A	0	0.00011654335501883968	cluster_0_1_mixed
789_F	0	0.00011653064974608361	cluster_0_1_mixed
679_G	0	0.00011646788248750138	cluster_0_1_mixed
577_G	0	0.00011644102824622459	cluster_0_1_mixed
378_A	0	0.00011641376932100517	cluster_0_1_mixed
215_N	0	0.00011631626182202386	cluster_0_1_mixed
350_N	0	0.00011630225898094074	cluster_0_1_mixed
490_G	0	0.00011628099557586517	cluster_0_1_mixed
221_P	0	0.000116259936178073	cluster_0_1_mixed
526_Y	0	0.00011596594599711489	cluster_0_1_mixed
900_M	0	0.00011590134641285148	cluster_0_1_mixed
369_E	0	0.00011582561925699763	cluster_0_1_mixed
186_S	0	0.00011582024848770867	cluster_0_1_mixed
567_V	0	0.00011581400098430006	cluster_0_1_mixed
383_T	0	0.00011576107600425852	cluster_0_1_mixed
296_T	0	0.00011575160652026608	cluster_0_1_mixed
541_T	0	0.00011571619950960604	cluster_0_1_mixed
670_P	0	0.00011565887794581338	cluster_0_1_mixed
480_N	0	0.00011561795185066231	cluster_0_1_mixed
572_D	0	0.00011540111059002191	cluster_0_1_mixed
377_S	0	0.00011526019395634663	cluster_0_1_mixed
549_G	0	0.00011524349015308469	cluster_0_1_mixed
335_T	0	0.00011507743713620031	cluster_0_1_mixed
361_F	0	0.00011498855791709894	cluster_0_1_mixed
673_S	0	0.00011496906990002727	cluster_0_1_mixed
376_S	0	0.00011486495850078524	cluster_0_1_mixed
536_T	0	0.0001147534983087837	cluster_0_1_mixed
475_K	0	0.00011475056264332395	cluster_0_1_mixed
648_L	0	0.00011474242968850435	cluster_0_1_mixed
195_T	0	0.00011451539654921588	cluster_0_1_mixed
313_A	0	0.00011448259645973348	cluster_0_1_mixed
560_T	0	0.00011447874603599375	cluster_0_1_mixed
670_T	0	0.00011444634241656451	cluster_0_1_mixed
568_D	0	0.00011443265478377477	cluster_0_1_mixed
200_S	0	0.00011435744067504085	cluster_0_1_mixed
747_N	0	0.00011423215507535516	cluster_0_1_mixed
547_S	0	0.00011421419237381465	cluster_0_1_mixed
577_E	0	0.00011415030987550181	cluster_0_1_mixed
802_E	0	0.0001141429115671659	cluster_0_1_mixed
377_E	0	0.00011410475997707626	cluster_0_1_mixed
485_A	0	0.00011409546193387934	cluster_0_1_mixed
180_F	0	0.00011407488055147485	cluster_0_1_mixed
415_E	0	0.00011403016804111656	cluster_0_1_mixed
370_K	0	0.00011401977790596787	cluster_0_1_mixed
815_Y	0	0.00011372421602770946	cluster_0_1_mixed
537_S	0	0.00011366278128324632	cluster_0_1_mixed
368_T	0	0.00011363325527344821	cluster_0_1_mixed
795_N	0	0.00011342746942503627	cluster_0_1_mixed
427_P	0	0.0001132529082840591	cluster_0_1_mixed
913_H	0	0.00011323424715470362	cluster_0_1_mixed
486_T	0	0.00011315304746007837	cluster_0_1_mixed
554_W	0	0.00011311284286771968	cluster_0_1_mixed
574_S	0	0.0001129546970190754	cluster_0_1_mixed
347_S	0	0.00011288505916868734	cluster_0_1_mixed
580_N	0	0.0001128789325789602	cluster_0_1_mixed
258_L	0	0.00011287843418224413	cluster_0_1_mixed
458_F	0	0.00011283516916684064	cluster_0_1_mixed
770_G	0	0.00011278430611444192	cluster_0_1_mixed
649_E	0	0.00011277108001449748	cluster_0_1_mixed
674_S	0	0.00011272330030565207	cluster_0_1_mixed
283_L	0	0.00011261430029737791	cluster_0_1_mixed
388_L	0	0.00011259020824175636	cluster_0_1_mixed
614_G	0	0.00011257798531158722	cluster_0_1_mixed
531_Y	0	0.00011257619805947132	cluster_0_1_mixed
518_A	0	0.00011255524025470229	cluster_0_1_mixed
492_D	0	0.00011253239846416558	cluster_0_1_mixed
546_T	0	0.00011233889083911955	cluster_0_1_mixed
481_N	0	0.00011233194472076298	cluster_0_1_mixed
822_P	0	0.00011229379243398969	cluster_0_1_mixed
475_D	0	0.00011229206500244748	cluster_0_1_mixed
257_P	0	0.00011223919343106101	cluster_0_1_mixed
379_T	0	0.00011223526790853124	cluster_0_1_mixed
230_G	0	0.00011222862339770796	cluster_0_1_mixed
546_P	0	0.00011219793656464077	cluster_0_1_mixed
325_I	0	0.00011216553909126262	cluster_0_1_mixed
652_S	0	0.00011203496458607301	cluster_0_1_mixed
674_E	0	0.00011194215706432939	cluster_0_1_mixed
350_L	0	0.00011189787103750076	cluster_0_1_mixed
316_V	0	0.000111841162315708	cluster_0_1_mixed
533_V	0	0.00011181933987091718	cluster_0_1_mixed
391_Y	0	0.00011177865279430746	cluster_0_1_mixed
799_Y	0	0.00011171317609990417	cluster_0_1_mixed
366_A	0	0.00011168334234559716	cluster_0_1_mixed
543_Y	0	0.00011165970654316245	cluster_0_1_mixed
314_G	0	0.00011162749671925143	cluster_0_1_mixed
555_A	0	0.00011160378720658533	cluster_0_1_mixed
668_Y	0	0.00011140592963540833	cluster_0_1_mixed
792_A	0	0.0001113380343475911	cluster_0_1_mixed
689_T	0	0.00011132566078019306	cluster_0_1_mixed
768_K	0	0.000111284271529671	cluster_0_1_mixed
553_S	0	0.00011128277051622615	cluster_0_1_mixed
606_M	0	0.00011122903239131621	cluster_0_1_mixed
317_G	0	0.0001112180105545312	cluster_0_1_mixed
259_A	0	0.00011110976667598187	cluster_0_1_mixed
564_G	0	0.00011105701174103741	cluster_0_1_mixed
431_N	0	0.00011089855607664858	cluster_0_1_mixed
594_V	0	0.00011084773535317887	cluster_0_1_mixed
568_S	0	0.00011067056924189995	cluster_0_1_mixed
545_D	0	0.00011066127382626736	cluster_0_1_mixed
481_V	0	0.00011065633482857942	cluster_0_1_mixed
567_E	0	0.0001105939813612344	cluster_0_1_mixed
198_T	0	0.00011057623986867677	cluster_0_1_mixed
537_D	0	0.00011047940702964352	cluster_0_1_mixed
634_E	0	0.00011043774581401582	cluster_0_1_mixed
535_V	0	0.00011040420696921065	cluster_0_1_mixed
375_K	0	0.00011040206144214075	cluster_0_1_mixed
794_S	0	0.0001103590723602591	cluster_0_1_mixed
352_V	0	0.00011031376384192901	cluster_0_1_mixed
790_A	0	0.00011031091740402825	cluster_0_1_mixed
467_Y	0	0.00011026185283148278	cluster_0_1_mixed
216_S	0	0.00011026008017119713	cluster_0_1_mixed
469_K	0	0.00011021963006079325	cluster_0_1_mixed
536_G	0	0.00011020685464414943	cluster_0_1_mixed
373_V	0	0.00011013834171749517	cluster_0_1_mixed
377_P	0	0.00010974332512744411	cluster_0_1_mixed
407_D	0	0.00010967063374127186	cluster_0_1_mixed
724_V	0	0.00010964470685454643	cluster_0_1_mixed
479_G	0	0.00010962163742900526	cluster_0_1_mixed
553_T	0	0.00010962162607148564	cluster_0_1_mixed
381_Y	0	0.00010950834994968639	cluster_0_1_mixed
250_R	0	0.00010949698138598796	cluster_0_1_mixed
176_F	0	0.00010947323958310837	cluster_0_1_mixed
846_A	0	0.00010930088113230723	cluster_0_1_mixed
719_S	0	0.00010929575960672262	cluster_0_1_mixed
435_Q	0	0.00010926855154011066	cluster_0_1_mixed
563_A	0	0.00010918988750080738	cluster_0_1_mixed
743_Q	0	0.0001091618892480955	cluster_0_1_mixed
777_A	0	0.00010914583452491473	cluster_0_1_mixed
370_T	0	0.00010914085076791826	cluster_0_1_mixed
370_I	0	0.00010906279912117153	cluster_0_1_mixed
733_L	0	0.00010900267676716357	cluster_0_1_mixed
554_E	0	0.00010892926960726055	cluster_0_1_mixed
178_M	0	0.00010887942022215755	cluster_0_1_mixed
534_S	0	0.00010871155827230333	cluster_0_1_mixed
735_Y	0	0.00010865741472136421	cluster_0_1_mixed
936_M	0	0.00010853603387791319	cluster_0_1_mixed
791_D	0	0.00010848104109289935	cluster_0_1_mixed
720_A	0	0.00010842078856691777	cluster_0_1_mixed
817_Q	0	0.00010839220077304735	cluster_0_1_mixed
932_A	0	0.00010817830406022797	cluster_0_1_mixed
574_A	0	0.0001081770615722051	cluster_0_1_mixed
695_R	0	0.00010817266308382336	cluster_0_1_mixed
553_A	0	0.00010815648199417148	cluster_0_1_mixed
562_A	0	0.00010814843658057682	cluster_0_1_mixed
533_Y	0	0.00010810841767361672	cluster_0_1_mixed
187_T	0	0.00010809141372707512	cluster_0_1_mixed
381_T	0	0.00010807334509300623	cluster_0_1_mixed
775_A	0	0.0001080391092855733	cluster_0_1_mixed
559_P	0	0.00010802905509210265	cluster_0_1_mixed
552_V	0	0.00010800270507653767	cluster_0_1_mixed
819_L	0	0.00010797808651840402	cluster_0_1_mixed
463_F	0	0.0001079599955270222	cluster_0_1_mixed
602_H	0	0.0001079123686453385	cluster_0_1_mixed
723_G	0	0.00010786104127229899	cluster_0_1_mixed
578_F	0	0.00010786057042011075	cluster_0_1_mixed
557_P	0	0.00010775372214407874	cluster_0_1_mixed
559_G	0	0.00010762176069990608	cluster_0_1_mixed
587_S	0	0.00010743684820761685	cluster_0_1_mixed
730_Y	0	0.00010732127841367947	cluster_0_1_mixed
577_Y	0	0.00010728397118407885	cluster_0_1_mixed
686_I	0	0.0001071857471716145	cluster_0_1_mixed
486_G	0	0.00010713404796946941	cluster_0_1_mixed
672_P	0	0.00010708158571482515	cluster_0_1_mixed
560_E	0	0.00010706421460332844	cluster_0_1_mixed
713_L	0	0.0001070418967251632	cluster_0_1_mixed
395_F	0	0.00010673888098700058	cluster_0_1_mixed
424_I	0	0.00010656064408285062	cluster_0_1_mixed
552_S	0	0.00010654566118894737	cluster_0_1_mixed
369_I	0	0.000106531282628527	cluster_0_1_mixed
769_S	0	0.00010649912723412405	cluster_0_1_mixed
859_G	0	0.00010648298466630368	cluster_0_1_mixed
377_I	0	0.00010648136777346553	cluster_0_1_mixed
327_F	0	0.00010635407363654878	cluster_0_1_mixed
314_R	0	0.00010620181398912889	cluster_0_1_mixed
790_T	0	0.00010618824813602687	cluster_0_1_mixed
627_H	0	0.00010604919361227361	cluster_0_1_mixed
530_P	0	0.00010604576556653237	cluster_0_1_mixed
383_K	0	0.0001059543963352568	cluster_0_1_mixed
429_T	0	0.00010587537186014382	cluster_0_1_mixed
557_N	0	0.00010571177910129561	cluster_0_1_mixed
866_S	0	0.00010569546897858165	cluster_0_1_mixed
554_S	0	0.00010559220396636765	cluster_0_1_mixed
563_S	0	0.00010556184146646481	cluster_0_1_mixed
694_T	0	0.00010553754050802098	cluster_0_1_mixed
541_A	0	0.00010551299843419113	cluster_0_1_mixed
365_I	0	0.00010550781105385474	cluster_0_1_mixed
267_Y	0	0.00010546550619677506	cluster_0_1_mixed
741_D	0	0.00010544424422966055	cluster_0_1_mixed
551_T	0	0.00010539431238460404	cluster_0_1_mixed
554_T	0	0.00010537526027893949	cluster_0_1_mixed
557_G	0	0.00010536632148814564	cluster_0_1_mixed
252_S	0	0.0001053066541148713	cluster_0_1_mixed
858_V	0	0.00010518211622177576	cluster_0_1_mixed
454_S	0	0.00010515081744304775	cluster_0_1_mixed
383_C	0	0.00010514861080501547	cluster_0_1_mixed
678_T	0	0.00010509416523536033	cluster_0_1_mixed
550_L	0	0.00010500394010590793	cluster_0_1_mixed
938_N	0	0.00010492248925182306	cluster_0_1_mixed
554_D	0	0.00010488167831388133	cluster_0_1_mixed
214_K	0	0.00010477278235328232	cluster_0_1_mixed
734_T	0	0.00010465045048797927	cluster_0_1_mixed
568_N	0	0.00010464911155803307	cluster_0_1_mixed
568_G	0	0.00010455965914323926	cluster_0_1_mixed
671_V	0	0.00010450231993377042	cluster_0_1_mixed
535_L	0	0.0001043519200956007	cluster_0_1_mixed
647_T	0	0.00010429042308292913	cluster_0_1_mixed
294_Y	0	0.00010421647759054061	cluster_0_1_mixed
540_A	0	0.00010418851827445818	cluster_0_1_mixed
431_G	0	0.00010390063552143023	cluster_0_1_mixed
378_V	0	0.00010378560766864341	cluster_0_1_mixed
241_K	0	0.00010377310300182807	cluster_0_1_mixed
542_L	0	0.00010366436730803479	cluster_0_1_mixed
428_Y	0	0.0001036182775772055	cluster_0_1_mixed
552_A	0	0.0001035961655534092	cluster_0_1_mixed
869_L	0	0.0001035336815794911	cluster_0_1_mixed
645_Q	0	0.00010349284050306074	cluster_0_1_mixed
867_R	0	0.00010338773726274977	cluster_0_1_mixed
934_M	0	0.00010335620425247738	cluster_0_1_mixed
716_S	0	0.0001032662796151291	cluster_0_1_mixed
333_L	0	0.00010317640719276231	cluster_0_1_mixed
615_M	0	0.00010317564915071155	cluster_0_1_mixed
479_K	0	0.00010308778528789704	cluster_0_1_mixed
376_Y	0	0.0001030798410496165	cluster_0_1_mixed
353_P	0	0.00010304787097887522	cluster_0_1_mixed
930_R	0	0.00010300609612326677	cluster_0_1_mixed
939_F	0	0.00010288780343867891	cluster_0_1_mixed
574_T	0	0.00010284447398306484	cluster_0_1_mixed
535_A	0	0.00010282966529814744	cluster_0_1_mixed
441_L	0	0.00010281856841989946	cluster_0_1_mixed
535_T	0	0.00010276852304888809	cluster_0_1_mixed
867_D	0	0.00010270110288381492	cluster_0_1_mixed
729_A	0	0.0001026954536742587	cluster_0_1_mixed
547_G	0	0.00010268499590521	cluster_0_1_mixed
394_A	0	0.00010266631407952118	cluster_0_1_mixed
667_E	0	0.00010263414456230129	cluster_0_1_mixed
605_N	0	0.00010261644504190315	cluster_0_1_mixed
224_I	0	0.00010261208534767969	cluster_0_1_mixed
650_F	0	0.00010257403125360078	cluster_0_1_mixed
532_T	0	0.00010252300385685198	cluster_0_1_mixed
550_R	0	0.0001025041808156621	cluster_0_1_mixed
577_D	0	0.00010249574085685397	cluster_0_1_mixed
205_A	0	0.00010249504919893166	cluster_0_1_mixed
195_A	0	0.0001024140266811555	cluster_0_1_mixed
672_G	0	0.00010230401367915296	cluster_0_1_mixed
649_S	0	0.00010215155115474757	cluster_0_1_mixed
550_A	0	0.00010213231244318175	cluster_0_1_mixed
573_S	0	0.00010203750740374608	cluster_0_1_mixed
577_T	0	0.00010203443754899997	cluster_0_1_mixed
663_A	0	0.00010191089238874944	cluster_0_1_mixed
482_P	0	0.0001018431078962197	cluster_0_1_mixed
252_N	0	0.00010183241118149109	cluster_0_1_mixed
578_H	0	0.00010183067281520759	cluster_0_1_mixed
315_N	0	0.00010169939515469171	cluster_0_1_mixed
530_A	0	0.00010167471823195684	cluster_0_1_mixed
529_T	0	0.00010143829512285638	cluster_0_1_mixed
430_Y	0	0.00010136964919320421	cluster_0_1_mixed
375_A	0	0.00010132811506510658	cluster_0_1_mixed
883_Q	0	0.00010128129791008092	cluster_0_1_mixed
210_F	0	0.00010122897107845232	cluster_0_1_mixed
224_L	0	0.00010102666292905302	cluster_0_1_mixed
486_N	0	0.00010101875261683131	cluster_0_1_mixed
846_E	0	0.00010092845193754439	cluster_0_1_mixed
556_A	0	0.00010081173022376349	cluster_0_1_mixed
482_G	0	0.00010062033937807184	cluster_0_1_mixed
553_D	0	0.00010055435639235279	cluster_0_1_mixed
921_E	0	0.00010046721011667966	cluster_0_1_mixed
561_N	0	0.00010046322517622946	cluster_0_1_mixed
424_K	0	0.00010036014357386236	cluster_0_1_mixed
472_W	0	0.00010020224711802839	cluster_0_1_mixed
784_A	0	0.00010017058936409028	cluster_0_1_mixed
423_A	0	0.00010007724968251597	cluster_0_1_mixed
795_S	0	9.997981107602798e-05	cluster_0_1_mixed
387_M	0	9.997157882638154e-05	cluster_0_1_mixed
710_G	0	9.996783477719709e-05	cluster_0_1_mixed
372_A	0	9.996485983411589e-05	cluster_0_1_mixed
399_F	0	9.989091481288219e-05	cluster_0_1_mixed
865_Q	0	9.986228670864325e-05	cluster_0_1_mixed
521_T	0	9.985454850361691e-05	cluster_0_1_mixed
466_N	0	9.975487098228032e-05	cluster_0_1_mixed
543_N	0	9.975070715661438e-05	cluster_0_1_mixed
669_S	0	9.964611690459134e-05	cluster_0_1_mixed
465_P	0	9.95559737123587e-05	cluster_0_1_mixed
187_N	0	9.950720093382196e-05	cluster_0_1_mixed
555_S	0	9.946127963680736e-05	cluster_0_1_mixed
556_L	0	9.938461174044145e-05	cluster_0_1_mixed
590_S	0	9.936129494022175e-05	cluster_0_1_mixed
563_R	0	9.929468167275016e-05	cluster_0_1_mixed
377_D	0	9.9209943951592e-05	cluster_0_1_mixed
206_T	0	9.916745079728093e-05	cluster_0_1_mixed
766_E	0	9.908323211748063e-05	cluster_0_1_mixed
495_D	0	9.905914720435012e-05	cluster_0_1_mixed
226_N	0	9.901159644052642e-05	cluster_0_1_mixed
541_N	0	9.894664130022791e-05	cluster_0_1_mixed
315_E	0	9.890642560117854e-05	cluster_0_1_mixed
551_S	0	9.886823284568693e-05	cluster_0_1_mixed
240_H	0	9.883382201734684e-05	cluster_0_1_mixed
528_A	0	9.878804315560933e-05	cluster_0_1_mixed
868_V	0	9.876137652941993e-05	cluster_0_1_mixed
423_P	0	9.872903081797814e-05	cluster_0_1_mixed
540_S	0	9.862311830540658e-05	cluster_0_1_mixed
813_M	0	9.861261986657091e-05	cluster_0_1_mixed
470_V	0	9.851958392451997e-05	cluster_0_1_mixed
691_V	0	9.848780600985317e-05	cluster_0_1_mixed
732_A	0	9.84492802906913e-05	cluster_0_1_mixed
693_N	0	9.840837187136664e-05	cluster_0_1_mixed
373_A	0	9.828738878368124e-05	cluster_0_1_mixed
732_S	0	9.81421603532939e-05	cluster_0_1_mixed
781_G	0	9.807793061585548e-05	cluster_0_1_mixed
531_G	0	9.7791418165866e-05	cluster_0_1_mixed
873_A	0	9.772498290924556e-05	cluster_0_1_mixed
429_S	0	9.771728508289616e-05	cluster_0_1_mixed
534_L	0	9.766111533960886e-05	cluster_0_1_mixed
435_V	0	9.764818877072129e-05	cluster_0_1_mixed
610_I	0	9.760707192765577e-05	cluster_0_1_mixed
595_Q	0	9.754598065788586e-05	cluster_0_1_mixed
834_D	0	9.751705033192154e-05	cluster_0_1_mixed
525_T	0	9.749961806488369e-05	cluster_0_1_mixed
519_I	0	9.732975811339053e-05	cluster_0_1_mixed
335_I	0	9.720952567349646e-05	cluster_0_1_mixed
597_A	0	9.717799198897249e-05	cluster_0_1_mixed
633_F	0	9.707275625167028e-05	cluster_0_1_mixed
921_R	0	9.678590804826553e-05	cluster_0_1_mixed
633_Y	0	9.661673851604863e-05	cluster_0_1_mixed
211_L	0	9.660792370155161e-05	cluster_0_1_mixed
189_T	0	9.660110949316813e-05	cluster_0_1_mixed
516_V	0	9.65643255917976e-05	cluster_0_1_mixed
840_Y	0	9.650370029977129e-05	cluster_0_1_mixed
550_T	0	9.641027215007264e-05	cluster_0_1_mixed
523_G	0	9.63843851464863e-05	cluster_0_1_mixed
261_E	0	9.627197354584152e-05	cluster_0_1_mixed
651_R	0	9.626958550805982e-05	cluster_0_1_mixed
548_S	0	9.623570581453597e-05	cluster_0_1_mixed
281_H	0	9.61328943685442e-05	cluster_0_1_mixed
584_S	0	9.610139856945794e-05	cluster_0_1_mixed
880_T	0	9.606850242473168e-05	cluster_0_1_mixed
553_I	0	9.590930352786196e-05	cluster_0_1_mixed
795_A	0	9.585315449135462e-05	cluster_0_1_mixed
349_Q	0	9.581777406100962e-05	cluster_0_1_mixed
182_K	0	9.579127013576356e-05	cluster_0_1_mixed
555_I	0	9.575360857665355e-05	cluster_0_1_mixed
778_W	0	9.570273925670023e-05	cluster_0_1_mixed
673_A	0	9.569671271683519e-05	cluster_0_1_mixed
841_Y	0	9.553004964400027e-05	cluster_0_1_mixed
178_R	0	9.545543190272009e-05	cluster_0_1_mixed
336_S	0	9.535235985184936e-05	cluster_0_1_mixed
901_L	0	9.532667162373476e-05	cluster_0_1_mixed
920_T	0	9.529885976967208e-05	cluster_0_1_mixed
789_T	0	9.525686548187888e-05	cluster_0_1_mixed
847_Q	0	9.523523369492953e-05	cluster_0_1_mixed
784_N	0	9.52096854938476e-05	cluster_0_1_mixed
574_N	0	9.486472035456488e-05	cluster_0_1_mixed
181_K	0	9.472635017464517e-05	cluster_0_1_mixed
677_A	0	9.468522854222732e-05	cluster_0_1_mixed
628_T	0	9.459589114874208e-05	cluster_0_1_mixed
767_P	0	9.452633759067689e-05	cluster_0_1_mixed
563_I	0	9.447466480726748e-05	cluster_0_1_mixed
361_L	0	9.447383884996393e-05	cluster_0_1_mixed
337_F	0	9.432377633290828e-05	cluster_0_1_mixed
868_F	0	9.416588767134983e-05	cluster_0_1_mixed
496_V	0	9.412225574930807e-05	cluster_0_1_mixed
240_M	0	9.402932866548264e-05	cluster_0_1_mixed
573_P	0	9.402560312045936e-05	cluster_0_1_mixed
914_S	0	9.396417332572496e-05	cluster_0_1_mixed
872_H	0	9.384106918437169e-05	cluster_0_1_mixed
561_Q	0	9.378395191168195e-05	cluster_0_1_mixed
548_T	0	9.376121521646264e-05	cluster_0_1_mixed
723_E	0	9.373346715898561e-05	cluster_0_1_mixed
912_W	0	9.372161949920091e-05	cluster_0_1_mixed
920_V	0	9.370234520229706e-05	cluster_0_1_mixed
538_A	0	9.36904416503013e-05	cluster_0_1_mixed
556_G	0	9.367565317187825e-05	cluster_0_1_mixed
559_I	0	9.364495973514989e-05	cluster_0_1_mixed
928_I	0	9.360434691412666e-05	cluster_0_1_mixed
866_E	0	9.356601019600365e-05	cluster_0_1_mixed
334_G	0	9.351035964484463e-05	cluster_0_1_mixed
705_H	0	9.33449276853554e-05	cluster_0_1_mixed
206_V	0	9.320257787043783e-05	cluster_0_1_mixed
532_A	0	9.311421800402988e-05	cluster_0_1_mixed
552_G	0	9.309682512094502e-05	cluster_0_1_mixed
430_S	0	9.302228040963932e-05	cluster_0_1_mixed
576_A	0	9.300561466861018e-05	cluster_0_1_mixed
525_D	0	9.291298323113039e-05	cluster_0_1_mixed
334_V	0	9.290688167673379e-05	cluster_0_1_mixed
379_E	0	9.290667363283778e-05	cluster_0_1_mixed
187_A	0	9.283207593798807e-05	cluster_0_1_mixed
536_N	0	9.278602493124116e-05	cluster_0_1_mixed
324_P	0	9.276828431166731e-05	cluster_0_1_mixed
599_A	0	9.272956850696953e-05	cluster_0_1_mixed
610_T	0	9.269994627052459e-05	cluster_0_1_mixed
257_G	0	9.269821881990787e-05	cluster_0_1_mixed
579_Q	0	9.266736776014505e-05	cluster_0_1_mixed
617_R	0	9.26610328325913e-05	cluster_0_1_mixed
335_S	0	9.265518650424824e-05	cluster_0_1_mixed
238_D	0	9.261169152793879e-05	cluster_0_1_mixed
911_Q	0	9.260645162909217e-05	cluster_0_1_mixed
206_E	0	9.255829629402748e-05	cluster_0_1_mixed
791_T	0	9.255267531736578e-05	cluster_0_1_mixed
816_Y	0	9.253981352158471e-05	cluster_0_1_mixed
559_V	0	9.253130216383306e-05	cluster_0_1_mixed
576_G	0	9.229296321154185e-05	cluster_0_1_mixed
538_L	0	9.227273760675755e-05	cluster_0_1_mixed
666_E	0	9.221247253629693e-05	cluster_0_1_mixed
694_R	0	9.211183090850122e-05	cluster_0_1_mixed
374_A	0	9.210801929107875e-05	cluster_0_1_mixed
542_R	0	9.20383811538656e-05	cluster_0_1_mixed
345_G	0	9.195030666860765e-05	cluster_0_1_mixed
570_Q	0	9.190787386348945e-05	cluster_0_1_mixed
790_P	0	9.189131153379069e-05	cluster_0_1_mixed
768_P	0	9.188594241905988e-05	cluster_0_1_mixed
885_D	0	9.187780840032987e-05	cluster_0_1_mixed
424_L	0	9.176373309205392e-05	cluster_0_1_mixed
656_A	0	9.157210651300742e-05	cluster_0_1_mixed
530_T	0	9.151275374667488e-05	cluster_0_1_mixed
780_G	0	9.147145011495626e-05	cluster_0_1_mixed
532_G	0	9.145399875340044e-05	cluster_0_1_mixed
534_E	0	9.1425259258957e-05	cluster_0_1_mixed
338_S	0	9.131046977906922e-05	cluster_0_1_mixed
397_G	0	9.125762207407697e-05	cluster_0_1_mixed
191_M	0	9.125423627656487e-05	cluster_0_1_mixed
261_D	0	9.12472359366356e-05	cluster_0_1_mixed
174_A	0	9.12399110720647e-05	cluster_0_1_mixed
491_T	0	9.107955309842267e-05	cluster_0_1_mixed
879_T	0	9.097396273607021e-05	cluster_0_1_mixed
854_P	0	9.093496875775896e-05	cluster_0_1_mixed
487_A	0	9.088596618432986e-05	cluster_0_1_mixed
579_N	0	9.087807526869567e-05	cluster_0_1_mixed
466_S	0	9.081476005226908e-05	cluster_0_1_mixed
584_N	0	9.080273642458763e-05	cluster_0_1_mixed
543_G	0	9.078495226399086e-05	cluster_0_1_mixed
295_G	0	9.078360895555937e-05	cluster_0_1_mixed
903_K	0	9.068604228740988e-05	cluster_0_1_mixed
523_L	0	9.066908224369607e-05	cluster_0_1_mixed
299_I	0	9.06542889548787e-05	cluster_0_1_mixed
570_T	0	9.061391360393122e-05	cluster_0_1_mixed
892_D	0	9.058335044009659e-05	cluster_0_1_mixed
647_Y	0	9.058237391237801e-05	cluster_0_1_mixed
711_F	0	9.053349068530271e-05	cluster_0_1_mixed
248_A	0	9.05226114482538e-05	cluster_0_1_mixed
839_E	0	9.048195308577018e-05	cluster_0_1_mixed
488_L	0	9.04741942281723e-05	cluster_0_1_mixed
535_S	0	9.045838069625533e-05	cluster_0_1_mixed
487_T	0	9.043947416573611e-05	cluster_0_1_mixed
425_T	0	9.04316788383814e-05	cluster_0_1_mixed
299_K	0	9.037385488804575e-05	cluster_0_1_mixed
827_T	0	9.016426427245453e-05	cluster_0_1_mixed
905_N	0	9.014304118858906e-05	cluster_0_1_mixed
833_V	0	9.01293741488124e-05	cluster_0_1_mixed
542_G	0	9.006717832892875e-05	cluster_0_1_mixed
546_S	0	9.005619090432722e-05	cluster_0_1_mixed
527_A	0	8.998863657251214e-05	cluster_0_1_mixed
349_T	0	8.998369160281276e-05	cluster_0_1_mixed
558_F	0	8.99541852738924e-05	cluster_0_1_mixed
542_T	0	8.994423921845156e-05	cluster_0_1_mixed
519_L	0	8.991123680181318e-05	cluster_0_1_mixed
714_I	0	8.981105152755024e-05	cluster_0_1_mixed
560_D	0	8.96535520605863e-05	cluster_0_1_mixed
487_I	0	8.961441958285048e-05	cluster_0_1_mixed
256_R	0	8.947414626890407e-05	cluster_0_1_mixed
608_D	0	8.94575259751473e-05	cluster_0_1_mixed
541_G	0	8.936359436728474e-05	cluster_0_1_mixed
546_R	0	8.935390104340387e-05	cluster_0_1_mixed
527_G	0	8.9287534639206e-05	cluster_0_1_mixed
578_D	0	8.92400943061522e-05	cluster_0_1_mixed
474_S	0	8.923935064819168e-05	cluster_0_1_mixed
564_V	0	8.922477429937947e-05	cluster_0_1_mixed
573_A	0	8.920754446127441e-05	cluster_0_1_mixed
680_Q	0	8.9179723484083e-05	cluster_0_1_mixed
563_T	0	8.917081011114334e-05	cluster_0_1_mixed
528_Q	0	8.9136030746795e-05	cluster_0_1_mixed
938_G	0	8.903519471739731e-05	cluster_0_1_mixed
883_T	0	8.900355678338889e-05	cluster_0_1_mixed
536_D	0	8.890560487429466e-05	cluster_0_1_mixed
528_G	0	8.877981781736847e-05	cluster_0_1_mixed
328_V	0	8.873176088808592e-05	cluster_0_1_mixed
691_F	0	8.864994596434845e-05	cluster_0_1_mixed
438_D	0	8.855322574386894e-05	cluster_0_1_mixed
244_V	0	8.835466301801179e-05	cluster_0_1_mixed
373_T	0	8.833855345634176e-05	cluster_0_1_mixed
939_L	0	8.833053534163329e-05	cluster_0_1_mixed
552_D	0	8.832493641766732e-05	cluster_0_1_mixed
372_P	0	8.831565665479147e-05	cluster_0_1_mixed
856_D	0	8.829432902570931e-05	cluster_0_1_mixed
544_E	0	8.829408593406961e-05	cluster_0_1_mixed
781_A	0	8.82677864165684e-05	cluster_0_1_mixed
677_I	0	8.813800377888308e-05	cluster_0_1_mixed
533_G	0	8.812932959261733e-05	cluster_0_1_mixed
547_Q	0	8.806083849816362e-05	cluster_0_1_mixed
806_Y	0	8.803300305031264e-05	cluster_0_1_mixed
817_N	0	8.800348647654361e-05	cluster_0_1_mixed
535_G	0	8.795982764622276e-05	cluster_0_1_mixed
339_E	0	8.792082613364076e-05	cluster_0_1_mixed
923_D	0	8.786953324916269e-05	cluster_0_1_mixed
537_T	0	8.786454747755664e-05	cluster_0_1_mixed
923_A	0	8.784788603163993e-05	cluster_0_1_mixed
247_L	0	8.784278015951962e-05	cluster_0_1_mixed
544_S	0	8.784164847123434e-05	cluster_0_1_mixed
571_N	0	8.774565184426592e-05	cluster_0_1_mixed
576_T	0	8.760430904379866e-05	cluster_0_1_mixed
550_S	0	8.757539618500536e-05	cluster_0_1_mixed
911_E	0	8.7567637214125e-05	cluster_0_1_mixed
567_Y	0	8.74435053930991e-05	cluster_0_1_mixed
855_S	0	8.73464920672357e-05	cluster_0_1_mixed
401_I	0	8.730131104945816e-05	cluster_0_1_mixed
879_A	0	8.722087767165768e-05	cluster_0_1_mixed
641_S	0	8.721863369442005e-05	cluster_0_1_mixed
777_S	0	8.720699040299749e-05	cluster_0_1_mixed
559_E	0	8.714761229438869e-05	cluster_0_1_mixed
547_N	0	8.703923950249746e-05	cluster_0_1_mixed
312_M	0	8.69480719445193e-05	cluster_0_1_mixed
600_N	0	8.693722609295111e-05	cluster_0_1_mixed
267_Q	0	8.677093700490258e-05	cluster_0_1_mixed
348_D	0	8.672313737831459e-05	cluster_0_1_mixed
635_S	0	8.67186949626167e-05	cluster_0_1_mixed
221_T	0	8.667510865038932e-05	cluster_0_1_mixed
918_F	0	8.662391219413788e-05	cluster_0_1_mixed
552_N	0	8.638869280549325e-05	cluster_0_1_mixed
544_A	0	8.638343459998126e-05	cluster_0_1_mixed
518_S	0	8.637468575133241e-05	cluster_0_1_mixed
568_V	0	8.634947430373386e-05	cluster_0_1_mixed
483_A	0	8.618025265896666e-05	cluster_0_1_mixed
537_Q	0	8.617361036137344e-05	cluster_0_1_mixed
675_Q	0	8.617089519849442e-05	cluster_0_1_mixed
484_S	0	8.616235255755244e-05	cluster_0_1_mixed
566_L	0	8.616138628420055e-05	cluster_0_1_mixed
400_N	0	8.615668471547882e-05	cluster_0_1_mixed
574_G	0	8.614615827744448e-05	cluster_0_1_mixed
792_E	0	8.606475589794139e-05	cluster_0_1_mixed
869_I	0	8.604984764465377e-05	cluster_0_1_mixed
545_T	0	8.602321896619066e-05	cluster_0_1_mixed
541_Q	0	8.601028450616721e-05	cluster_0_1_mixed
516_T	0	8.599848831226679e-05	cluster_0_1_mixed
582_R	0	8.597883090036182e-05	cluster_0_1_mixed
535_N	0	8.596403868608058e-05	cluster_0_1_mixed
411_L	0	8.589668998697126e-05	cluster_0_1_mixed
924_H	0	8.586024446496695e-05	cluster_0_1_mixed
334_S	0	8.581282474065641e-05	cluster_0_1_mixed
392_I	0	8.577941480433729e-05	cluster_0_1_mixed
562_V	0	8.57786998423741e-05	cluster_0_1_mixed
588_S	0	8.567496367883296e-05	cluster_0_1_mixed
527_T	0	8.566663338469966e-05	cluster_0_1_mixed
443_N	0	8.56451881031885e-05	cluster_0_1_mixed
658_A	0	8.553634058478654e-05	cluster_0_1_mixed
695_H	0	8.552230512267082e-05	cluster_0_1_mixed
518_T	0	8.548991092244841e-05	cluster_0_1_mixed
568_T	0	8.534843506147369e-05	cluster_0_1_mixed
618_D	0	8.530370976588984e-05	cluster_0_1_mixed
577_A	0	8.529263152512981e-05	cluster_0_1_mixed
559_S	0	8.521406503419664e-05	cluster_0_1_mixed
699_K	0	8.518538742795996e-05	cluster_0_1_mixed
598_Y	0	8.515155332939834e-05	cluster_0_1_mixed
398_Y	0	8.509768949938921e-05	cluster_0_1_mixed
563_N	0	8.503505754957627e-05	cluster_0_1_mixed
255_V	0	8.502219153578277e-05	cluster_0_1_mixed
237_A	0	8.487264134536055e-05	cluster_0_1_mixed
369_L	0	8.481405331510647e-05	cluster_0_1_mixed
581_V	0	8.472836941983993e-05	cluster_0_1_mixed
371_T	0	8.472450674640493e-05	cluster_0_1_mixed
834_V	0	8.468306808491783e-05	cluster_0_1_mixed
209_F	0	8.464285055709777e-05	cluster_0_1_mixed
483_N	0	8.462257929531665e-05	cluster_0_1_mixed
353_E	0	8.457207928660349e-05	cluster_0_1_mixed
609_L	0	8.45072458410263e-05	cluster_0_1_mixed
347_G	0	8.439139282937589e-05	cluster_0_1_mixed
724_N	0	8.435660895597251e-05	cluster_0_1_mixed
525_S	0	8.427014279074744e-05	cluster_0_1_mixed
544_G	0	8.425920827367942e-05	cluster_0_1_mixed
544_N	0	8.422921548012326e-05	cluster_0_1_mixed
722_E	0	8.41915559548484e-05	cluster_0_1_mixed
644_R	0	8.415817788573117e-05	cluster_0_1_mixed
412_I	0	8.398848028421407e-05	cluster_0_1_mixed
713_A	0	8.398695212199619e-05	cluster_0_1_mixed
562_G	0	8.393374536108355e-05	cluster_0_1_mixed
375_I	0	8.39229525196342e-05	cluster_0_1_mixed
460_P	0	8.392156114931642e-05	cluster_0_1_mixed
586_G	0	8.39035084404695e-05	cluster_0_1_mixed
700_H	0	8.376378065670243e-05	cluster_0_1_mixed
432_S	0	8.375393621518873e-05	cluster_0_1_mixed
481_L	0	8.369531351828412e-05	cluster_0_1_mixed
489_T	0	8.36528552839483e-05	cluster_0_1_mixed
669_G	0	8.364683998314159e-05	cluster_0_1_mixed
453_E	0	8.363423820035886e-05	cluster_0_1_mixed
633_S	0	8.362926596793067e-05	cluster_0_1_mixed
701_F	0	8.36290685989863e-05	cluster_0_1_mixed
619_D	0	8.359407743933382e-05	cluster_0_1_mixed
929_T	0	8.354471725900894e-05	cluster_0_1_mixed
692_N	0	8.353273193064222e-05	cluster_0_1_mixed
348_S	0	8.343835667378646e-05	cluster_0_1_mixed
587_E	0	8.341777781291587e-05	cluster_0_1_mixed
440_N	0	8.341124640544794e-05	cluster_0_1_mixed
848_A	0	8.33879231385689e-05	cluster_0_1_mixed
439_L	0	8.338031151855831e-05	cluster_0_1_mixed
531_N	0	8.331986975517534e-05	cluster_0_1_mixed
733_M	0	8.328841925399386e-05	cluster_0_1_mixed
180_N	0	8.324840169043982e-05	cluster_0_1_mixed
488_G	0	8.322755427720177e-05	cluster_0_1_mixed
369_D	0	8.314892366382439e-05	cluster_0_1_mixed
560_G	0	8.314517430076732e-05	cluster_0_1_mixed
236_A	0	8.30956055109056e-05	cluster_0_1_mixed
740_E	0	8.309029708003682e-05	cluster_0_1_mixed
545_S	0	8.301578239057811e-05	cluster_0_1_mixed
919_N	0	8.297537909650858e-05	cluster_0_1_mixed
527_N	0	8.296394068211944e-05	cluster_0_1_mixed
692_V	0	8.295148663824131e-05	cluster_0_1_mixed
578_Y	0	8.294812159056881e-05	cluster_0_1_mixed
718_P	0	8.289218318483916e-05	cluster_0_1_mixed
227_I	0	8.287045449005915e-05	cluster_0_1_mixed
780_A	0	8.281800310577542e-05	cluster_0_1_mixed
179_K	0	8.280226015618988e-05	cluster_0_1_mixed
576_D	0	8.277956535190486e-05	cluster_0_1_mixed
543_S	0	8.276170271738702e-05	cluster_0_1_mixed
699_V	0	8.27268265960503e-05	cluster_0_1_mixed
678_V	0	8.272333854279063e-05	cluster_0_1_mixed
561_A	0	8.271806593213335e-05	cluster_0_1_mixed
633_Q	0	8.266937967386204e-05	cluster_0_1_mixed
321_N	0	8.262591278512194e-05	cluster_0_1_mixed
413_I	0	8.260287078090541e-05	cluster_0_1_mixed
369_P	0	8.257594354492699e-05	cluster_0_1_mixed
565_A	0	8.25453128834805e-05	cluster_0_1_mixed
695_K	0	8.247518764869286e-05	cluster_0_1_mixed
561_S	0	8.239115677919335e-05	cluster_0_1_mixed
718_Q	0	8.23796958692601e-05	cluster_0_1_mixed
556_N	0	8.231510543828748e-05	cluster_0_1_mixed
655_N	0	8.2217321986161e-05	cluster_0_1_mixed
371_P	0	8.221413949897908e-05	cluster_0_1_mixed
475_L	0	8.219122412876574e-05	cluster_0_1_mixed
244_A	0	8.21899464749151e-05	cluster_0_1_mixed
587_G	0	8.21854486534942e-05	cluster_0_1_mixed
836_D	0	8.217778632560021e-05	cluster_0_1_mixed
624_V	0	8.215254463076012e-05	cluster_0_1_mixed
883_I	0	8.206747098663165e-05	cluster_0_1_mixed
770_R	0	8.18776919274531e-05	cluster_0_1_mixed
197_S	0	8.187394615890966e-05	cluster_0_1_mixed
542_V	0	8.186306214592069e-05	cluster_0_1_mixed
539_D	0	8.176993303785139e-05	cluster_0_1_mixed
349_A	0	8.1732331988135e-05	cluster_0_1_mixed
560_N	0	8.167273117148882e-05	cluster_0_1_mixed
450_D	0	8.160944226169462e-05	cluster_0_1_mixed
443_R	0	8.160696587545913e-05	cluster_0_1_mixed
530_G	0	8.158130355117236e-05	cluster_0_1_mixed
376_T	0	8.1518872644543e-05	cluster_0_1_mixed
534_P	0	8.15180739656906e-05	cluster_0_1_mixed
937_D	0	8.150075197114993e-05	cluster_0_1_mixed
196_T	0	8.146714149243907e-05	cluster_0_1_mixed
772_S	0	8.143733163795989e-05	cluster_0_1_mixed
527_P	0	8.142697549908962e-05	cluster_0_1_mixed
699_R	0	8.138640410095789e-05	cluster_0_1_mixed
718_I	0	8.137356005750804e-05	cluster_0_1_mixed
666_D	0	8.134735844988046e-05	cluster_0_1_mixed
635_V	0	8.124566343198484e-05	cluster_0_1_mixed
877_E	0	8.122386903960415e-05	cluster_0_1_mixed
756_E	0	8.118205896826579e-05	cluster_0_1_mixed
559_D	0	8.114115155601209e-05	cluster_0_1_mixed
563_V	0	8.113264485550348e-05	cluster_0_1_mixed
554_R	0	8.103975591143195e-05	cluster_0_1_mixed
376_P	0	8.092328994259941e-05	cluster_0_1_mixed
519_D	0	8.092093466285955e-05	cluster_0_1_mixed
731_G	0	8.09115579690114e-05	cluster_0_1_mixed
766_L	0	8.086140652919148e-05	cluster_0_1_mixed
541_S	0	8.085109577443976e-05	cluster_0_1_mixed
846_R	0	8.080213679852161e-05	cluster_0_1_mixed
492_A	0	8.076640901063007e-05	cluster_0_1_mixed
675_G	0	8.075489114639312e-05	cluster_0_1_mixed
774_L	0	8.070759480368178e-05	cluster_0_1_mixed
857_K	0	8.070241251357416e-05	cluster_0_1_mixed
618_Y	0	8.069678916482567e-05	cluster_0_1_mixed
373_S	0	8.068120657184055e-05	cluster_0_1_mixed
688_Q	0	8.066599341571976e-05	cluster_0_1_mixed
573_T	0	8.058231943854922e-05	cluster_0_1_mixed
697_V	0	8.057892712838764e-05	cluster_0_1_mixed
716_F	0	8.053657230149339e-05	cluster_0_1_mixed
278_I	0	8.053291951493024e-05	cluster_0_1_mixed
573_L	0	8.05266055691664e-05	cluster_0_1_mixed
545_V	0	8.03753504434214e-05	cluster_0_1_mixed
579_G	0	8.027363069569323e-05	cluster_0_1_mixed
601_N	0	8.02559002925198e-05	cluster_0_1_mixed
875_Y	0	8.02354003323995e-05	cluster_0_1_mixed
187_H	0	8.021899928369821e-05	cluster_0_1_mixed
553_G	0	8.018920277053078e-05	cluster_0_1_mixed
541_L	0	8.00332873680393e-05	cluster_0_1_mixed
561_W	0	7.997983675397408e-05	cluster_0_1_mixed
485_L	0	7.995794840578715e-05	cluster_0_1_mixed
622_I	0	7.99384257783775e-05	cluster_0_1_mixed
567_S	0	7.993571515700427e-05	cluster_0_1_mixed
561_E	0	7.986063916656546e-05	cluster_0_1_mixed
823_I	0	7.985373838244641e-05	cluster_0_1_mixed
931_D	0	7.980781220385989e-05	cluster_0_1_mixed
852_S	0	7.976990515321672e-05	cluster_0_1_mixed
241_E	0	7.962579824542891e-05	cluster_0_1_mixed
301_Y	0	7.95823928462855e-05	cluster_0_1_mixed
563_L	0	7.951476035019802e-05	cluster_0_1_mixed
782_C	0	7.947706337944657e-05	cluster_0_1_mixed
908_P	0	7.946500290863518e-05	cluster_0_1_mixed
783_S	0	7.944159749721123e-05	cluster_0_1_mixed
636_F	0	7.94066405141741e-05	cluster_0_1_mixed
834_T	0	7.925484930044101e-05	cluster_0_1_mixed
582_I	0	7.923900018375815e-05	cluster_0_1_mixed
566_D	0	7.9222135995675e-05	cluster_0_1_mixed
495_S	0	7.91518558495098e-05	cluster_0_1_mixed
736_T	0	7.914739579763729e-05	cluster_0_1_mixed
429_A	0	7.912397714645793e-05	cluster_0_1_mixed
567_T	0	7.911607558501442e-05	cluster_0_1_mixed
546_V	0	7.907086029297991e-05	cluster_0_1_mixed
270_Y	0	7.906236775870467e-05	cluster_0_1_mixed
569_P	0	7.905485987366147e-05	cluster_0_1_mixed
448_T	0	7.898405705030221e-05	cluster_0_1_mixed
528_N	0	7.893774906400752e-05	cluster_0_1_mixed
352_D	0	7.891637936781272e-05	cluster_0_1_mixed
378_D	0	7.890699676804064e-05	cluster_0_1_mixed
531_A	0	7.890132093624571e-05	cluster_0_1_mixed
228_M	0	7.88114524527274e-05	cluster_0_1_mixed
263_K	0	7.87735286772685e-05	cluster_0_1_mixed
537_V	0	7.872497824929536e-05	cluster_0_1_mixed
217_N	0	7.871179233072809e-05	cluster_0_1_mixed
175_N	0	7.860377678456365e-05	cluster_0_1_mixed
579_D	0	7.85732886425149e-05	cluster_0_1_mixed
247_I	0	7.85317249677911e-05	cluster_0_1_mixed
580_D	0	7.851485242215259e-05	cluster_0_1_mixed
778_D	0	7.847723039610287e-05	cluster_0_1_mixed
297_Q	0	7.845002653772313e-05	cluster_0_1_mixed
301_M	0	7.842346053472111e-05	cluster_0_1_mixed
737_D	0	7.841787884902302e-05	cluster_0_1_mixed
534_I	0	7.82417867689629e-05	cluster_0_1_mixed
280_L	0	7.821536333616782e-05	cluster_0_1_mixed
268_W	0	7.816017043045836e-05	cluster_0_1_mixed
819_A	0	7.815910337465781e-05	cluster_0_1_mixed
606_E	0	7.813027270993903e-05	cluster_0_1_mixed
792_V	0	7.79732617753273e-05	cluster_0_1_mixed
316_E	0	7.78829857265301e-05	cluster_0_1_mixed
575_F	0	7.786438632917767e-05	cluster_0_1_mixed
575_V	0	7.780379144286905e-05	cluster_0_1_mixed
851_T	0	7.77460367288903e-05	cluster_0_1_mixed
769_R	0	7.771014402399131e-05	cluster_0_1_mixed
338_T	0	7.761536610889732e-05	cluster_0_1_mixed
316_K	0	7.76136990717e-05	cluster_0_1_mixed
786_T	0	7.760488768022613e-05	cluster_0_1_mixed
938_K	0	7.758004949833439e-05	cluster_0_1_mixed
655_W	0	7.756485691678135e-05	cluster_0_1_mixed
319_S	0	7.753514390277561e-05	cluster_0_1_mixed
471_P	0	7.750616790851393e-05	cluster_0_1_mixed
565_D	0	7.749035188672784e-05	cluster_0_1_mixed
467_P	0	7.747344589594637e-05	cluster_0_1_mixed
893_Y	0	7.745489071858367e-05	cluster_0_1_mixed
585_T	0	7.742545458136952e-05	cluster_0_1_mixed
523_N	0	7.73838856304502e-05	cluster_0_1_mixed
620_W	0	7.737920863006486e-05	cluster_0_1_mixed
377_V	0	7.724572074728181e-05	cluster_0_1_mixed
812_D	0	7.721603661568931e-05	cluster_0_1_mixed
779_N	0	7.721315658865615e-05	cluster_0_1_mixed
520_L	0	7.718797528178601e-05	cluster_0_1_mixed
546_N	0	7.714584201020244e-05	cluster_0_1_mixed
856_S	0	7.706358976694537e-05	cluster_0_1_mixed
486_K	0	7.705786607158182e-05	cluster_0_1_mixed
740_K	0	7.704865299517528e-05	cluster_0_1_mixed
654_G	0	7.694639048496392e-05	cluster_0_1_mixed
605_S	0	7.692083900811005e-05	cluster_0_1_mixed
522_D	0	7.692032111870625e-05	cluster_0_1_mixed
427_T	0	7.69160544768675e-05	cluster_0_1_mixed
204_S	0	7.687730649287989e-05	cluster_0_1_mixed
686_R	0	7.68225468992615e-05	cluster_0_1_mixed
488_P	0	7.679835882079287e-05	cluster_0_1_mixed
421_V	0	7.679579199418581e-05	cluster_0_1_mixed
436_R	0	7.677185000589759e-05	cluster_0_1_mixed
494_P	0	7.674592882388381e-05	cluster_0_1_mixed
481_T	0	7.672227764926968e-05	cluster_0_1_mixed
466_E	0	7.671551552489499e-05	cluster_0_1_mixed
346_S	0	7.666974828165835e-05	cluster_0_1_mixed
569_G	0	7.662397990979608e-05	cluster_0_1_mixed
524_T	0	7.654015927931503e-05	cluster_0_1_mixed
833_E	0	7.650971043841476e-05	cluster_0_1_mixed
647_H	0	7.644191245762777e-05	cluster_0_1_mixed
376_G	0	7.638907190764011e-05	cluster_0_1_mixed
615_G	0	7.633430601179837e-05	cluster_0_1_mixed
569_N	0	7.628334443369817e-05	cluster_0_1_mixed
213_I	0	7.627226251391968e-05	cluster_0_1_mixed
696_S	0	7.624234189263544e-05	cluster_0_1_mixed
338_L	0	7.6218820788364e-05	cluster_0_1_mixed
565_P	0	7.618984422638308e-05	cluster_0_1_mixed
549_K	0	7.610925039907829e-05	cluster_0_1_mixed
553_L	0	7.608405009951479e-05	cluster_0_1_mixed
491_A	0	7.608401695987122e-05	cluster_0_1_mixed
339_S	0	7.601068030972309e-05	cluster_0_1_mixed
564_S	0	7.592212336505065e-05	cluster_0_1_mixed
536_E	0	7.5772855552534e-05	cluster_0_1_mixed
669_A	0	7.577002032470875e-05	cluster_0_1_mixed
689_V	0	7.57437672976859e-05	cluster_0_1_mixed
214_L	0	7.57409626916895e-05	cluster_0_1_mixed
555_D	0	7.573645611754703e-05	cluster_0_1_mixed
576_E	0	7.573501641797059e-05	cluster_0_1_mixed
635_D	0	7.572681589777955e-05	cluster_0_1_mixed
539_L	0	7.57101127692165e-05	cluster_0_1_mixed
321_T	0	7.565502848542265e-05	cluster_0_1_mixed
328_I	0	7.557737849117898e-05	cluster_0_1_mixed
327_I	0	7.553094977495393e-05	cluster_0_1_mixed
798_F	0	7.55147782584532e-05	cluster_0_1_mixed
731_E	0	7.551050892546389e-05	cluster_0_1_mixed
580_P	0	7.550955513445567e-05	cluster_0_1_mixed
520_A	0	7.543198851621715e-05	cluster_0_1_mixed
403_N	0	7.542683395542743e-05	cluster_0_1_mixed
588_N	0	7.540851897491566e-05	cluster_0_1_mixed
792_L	0	7.537900043638592e-05	cluster_0_1_mixed
521_M	0	7.535066403629828e-05	cluster_0_1_mixed
687_G	0	7.532233732302038e-05	cluster_0_1_mixed
241_R	0	7.529752887775648e-05	cluster_0_1_mixed
521_D	0	7.526629381599758e-05	cluster_0_1_mixed
616_S	0	7.5247816560776e-05	cluster_0_1_mixed
424_Q	0	7.516481406684808e-05	cluster_0_1_mixed
664_N	0	7.514289327344406e-05	cluster_0_1_mixed
576_V	0	7.507073524201415e-05	cluster_0_1_mixed
571_T	0	7.506400217272795e-05	cluster_0_1_mixed
186_A	0	7.502718641447629e-05	cluster_0_1_mixed
489_D	0	7.501974745558262e-05	cluster_0_1_mixed
602_K	0	7.498195579718637e-05	cluster_0_1_mixed
441_E	0	7.498057308627211e-05	cluster_0_1_mixed
534_Q	0	7.489544264662459e-05	cluster_0_1_mixed
536_V	0	7.485219442469226e-05	cluster_0_1_mixed
573_N	0	7.484847340030116e-05	cluster_0_1_mixed
474_V	0	7.484354214106993e-05	cluster_0_1_mixed
494_S	0	7.482077167762923e-05	cluster_0_1_mixed
549_T	0	7.481901713626417e-05	cluster_0_1_mixed
855_P	0	7.478189046104559e-05	cluster_0_1_mixed
922_C	0	7.464820580294345e-05	cluster_0_1_mixed
651_D	0	7.461536817715191e-05	cluster_0_1_mixed
549_S	0	7.460550360660236e-05	cluster_0_1_mixed
848_G	0	7.457554715022088e-05	cluster_0_1_mixed
734_L	0	7.457285619299018e-05	cluster_0_1_mixed
333_N	0	7.455859065453173e-05	cluster_0_1_mixed
646_Q	0	7.455846914687268e-05	cluster_0_1_mixed
545_Y	0	7.453537845882461e-05	cluster_0_1_mixed
558_N	0	7.451188415410504e-05	cluster_0_1_mixed
485_S	0	7.448514464678109e-05	cluster_0_1_mixed
494_G	0	7.447115344176861e-05	cluster_0_1_mixed
340_D	0	7.446935744324862e-05	cluster_0_1_mixed
579_E	0	7.445687955230228e-05	cluster_0_1_mixed
556_D	0	7.44400629752985e-05	cluster_0_1_mixed
180_R	0	7.443585230630716e-05	cluster_0_1_mixed
326_D	0	7.443275369196941e-05	cluster_0_1_mixed
739_P	0	7.439589202483999e-05	cluster_0_1_mixed
544_T	0	7.432732647514626e-05	cluster_0_1_mixed
890_N	0	7.429314473963041e-05	cluster_0_1_mixed
557_S	0	7.426639631654979e-05	cluster_0_1_mixed
261_S	0	7.422796872736442e-05	cluster_0_1_mixed
265_N	0	7.42206383144532e-05	cluster_0_1_mixed
935_L	0	7.419851487504489e-05	cluster_0_1_mixed
316_N	0	7.415218806531774e-05	cluster_0_1_mixed
338_I	0	7.41052092488065e-05	cluster_0_1_mixed
348_K	0	7.409417923994691e-05	cluster_0_1_mixed
478_E	0	7.408033151790892e-05	cluster_0_1_mixed
552_L	0	7.402232172135624e-05	cluster_0_1_mixed
783_D	0	7.401671780542326e-05	cluster_0_1_mixed
631_Q	0	7.397102119502546e-05	cluster_0_1_mixed
727_S	0	7.395464724433283e-05	cluster_0_1_mixed
541_Y	0	7.391992579864472e-05	cluster_0_1_mixed
852_V	0	7.389788429970898e-05	cluster_0_1_mixed
649_I	0	7.38784479467178e-05	cluster_0_1_mixed
576_S	0	7.38680451695914e-05	cluster_0_1_mixed
564_T	0	7.378917298273574e-05	cluster_0_1_mixed
923_T	0	7.377586113418163e-05	cluster_0_1_mixed
929_S	0	7.374934845039967e-05	cluster_0_1_mixed
537_N	0	7.374333517938836e-05	cluster_0_1_mixed
205_I	0	7.371590079533152e-05	cluster_0_1_mixed
566_E	0	7.368513315404352e-05	cluster_0_1_mixed
551_D	0	7.367558850536526e-05	cluster_0_1_mixed
463_R	0	7.366334688875107e-05	cluster_0_1_mixed
243_Q	0	7.365999137167833e-05	cluster_0_1_mixed
688_G	0	7.359339827779338e-05	cluster_0_1_mixed
587_D	0	7.358202873951359e-05	cluster_0_1_mixed
560_P	0	7.351867240586971e-05	cluster_0_1_mixed
519_G	0	7.346345123634706e-05	cluster_0_1_mixed
779_F	0	7.340292617075887e-05	cluster_0_1_mixed
343_T	0	7.339718651892073e-05	cluster_0_1_mixed
479_V	0	7.334132793946104e-05	cluster_0_1_mixed
419_T	0	7.333598346157212e-05	cluster_0_1_mixed
728_N	0	7.333238810014886e-05	cluster_0_1_mixed
566_T	0	7.328398751460473e-05	cluster_0_1_mixed
779_K	0	7.327552046321218e-05	cluster_0_1_mixed
653_N	0	7.324623705767659e-05	cluster_0_1_mixed
620_D	0	7.323259565220396e-05	cluster_0_1_mixed
433_F	0	7.323220316529511e-05	cluster_0_1_mixed
373_G	0	7.321551261047918e-05	cluster_0_1_mixed
690_S	0	7.321279122948132e-05	cluster_0_1_mixed
353_H	0	7.321157754966863e-05	cluster_0_1_mixed
547_T	0	7.317703079610734e-05	cluster_0_1_mixed
432_L	0	7.313148396642736e-05	cluster_0_1_mixed
388_C	0	7.309744655513176e-05	cluster_0_1_mixed
780_T	0	7.308908711416712e-05	cluster_0_1_mixed
626_T	0	7.307426906067198e-05	cluster_0_1_mixed
529_I	0	7.294787003513917e-05	cluster_0_1_mixed
335_A	0	7.291775388159075e-05	cluster_0_1_mixed
894_A	0	7.288828157094521e-05	cluster_0_1_mixed
794_I	0	7.287360726450121e-05	cluster_0_1_mixed
334_Q	0	7.287286947691262e-05	cluster_0_1_mixed
572_I	0	7.285764671026176e-05	cluster_0_1_mixed
255_R	0	7.279968038765523e-05	cluster_0_1_mixed
533_N	0	7.279094255642772e-05	cluster_0_1_mixed
280_R	0	7.27864535627351e-05	cluster_0_1_mixed
553_V	0	7.278636508112533e-05	cluster_0_1_mixed
545_R	0	7.278035229198198e-05	cluster_0_1_mixed
799_F	0	7.277483661055151e-05	cluster_0_1_mixed
591_G	0	7.27266130510239e-05	cluster_0_1_mixed
371_K	0	7.266070907033348e-05	cluster_0_1_mixed
536_S	0	7.264602450302732e-05	cluster_0_1_mixed
421_Q	0	7.263358332085915e-05	cluster_0_1_mixed
351_A	0	7.26302434844646e-05	cluster_0_1_mixed
495_Q	0	7.262076265423728e-05	cluster_0_1_mixed
519_F	0	7.260975108638973e-05	cluster_0_1_mixed
496_G	0	7.260135731717287e-05	cluster_0_1_mixed
542_E	0	7.25947486875339e-05	cluster_0_1_mixed
337_A	0	7.256163046072318e-05	cluster_0_1_mixed
557_A	0	7.255168059255457e-05	cluster_0_1_mixed
915_Q	0	7.250542047287929e-05	cluster_0_1_mixed
474_Q	0	7.249528386671315e-05	cluster_0_1_mixed
434_D	0	7.248185056489499e-05	cluster_0_1_mixed
710_T	0	7.247605092012413e-05	cluster_0_1_mixed
218_Q	0	7.244375175091606e-05	cluster_0_1_mixed
722_N	0	7.243812295785504e-05	cluster_0_1_mixed
565_E	0	7.240345321791886e-05	cluster_0_1_mixed
520_S	0	7.238814625496276e-05	cluster_0_1_mixed
330_M	0	7.237517362135709e-05	cluster_0_1_mixed
550_D	0	7.234442458992113e-05	cluster_0_1_mixed
258_T	0	7.23421689318881e-05	cluster_0_1_mixed
779_Q	0	7.233806590847175e-05	cluster_0_1_mixed
225_L	0	7.221174296532462e-05	cluster_0_1_mixed
201_M	0	7.214049875996146e-05	cluster_0_1_mixed
380_K	0	7.211507987084145e-05	cluster_0_1_mixed
319_T	0	7.203816672411023e-05	cluster_0_1_mixed
436_Q	0	7.202594684014175e-05	cluster_0_1_mixed
416_L	0	7.199665676579189e-05	cluster_0_1_mixed
525_L	0	7.198050458499298e-05	cluster_0_1_mixed
330_L	0	7.19364520320928e-05	cluster_0_1_mixed
908_K	0	7.192977500400541e-05	cluster_0_1_mixed
516_I	0	7.186373095483616e-05	cluster_0_1_mixed
350_A	0	7.18530803881751e-05	cluster_0_1_mixed
417_S	0	7.17660748133467e-05	cluster_0_1_mixed
533_D	0	7.166637751211302e-05	cluster_0_1_mixed
247_F	0	7.159137105144972e-05	cluster_0_1_mixed
548_G	0	7.148313947773258e-05	cluster_0_1_mixed
601_V	0	7.142047259133091e-05	cluster_0_1_mixed
530_S	0	7.140735249826962e-05	cluster_0_1_mixed
528_T	0	7.140730647671559e-05	cluster_0_1_mixed
921_T	0	7.13833905184082e-05	cluster_0_1_mixed
548_N	0	7.133760248890458e-05	cluster_0_1_mixed
246_V	0	7.133237674458831e-05	cluster_0_1_mixed
592_V	0	7.12913250489425e-05	cluster_0_1_mixed
373_N	0	7.129005731032413e-05	cluster_0_1_mixed
496_I	0	7.127871070878993e-05	cluster_0_1_mixed
494_D	0	7.12097344889002e-05	cluster_0_1_mixed
189_K	0	7.118127907502201e-05	cluster_0_1_mixed
456_R	0	7.110605475704923e-05	cluster_0_1_mixed
208_S	0	7.098396867948686e-05	cluster_0_1_mixed
480_V	0	7.09781856575571e-05	cluster_0_1_mixed
435_T	0	7.09371463019564e-05	cluster_0_1_mixed
633_L	0	7.089460003533188e-05	cluster_0_1_mixed
555_C	0	7.084986212410197e-05	cluster_0_1_mixed
573_D	0	7.082558895102452e-05	cluster_0_1_mixed
245_H	0	7.080218996903336e-05	cluster_0_1_mixed
429_N	0	7.071152132109398e-05	cluster_0_1_mixed
566_I	0	7.068010239613292e-05	cluster_0_1_mixed
484_A	0	7.06714585021356e-05	cluster_0_1_mixed
927_K	0	7.064994387986489e-05	cluster_0_1_mixed
700_I	0	7.061979173708729e-05	cluster_0_1_mixed
556_C	0	7.059221986472056e-05	cluster_0_1_mixed
536_I	0	7.05862485568505e-05	cluster_0_1_mixed
522_R	0	7.056896975236273e-05	cluster_0_1_mixed
646_L	0	7.055080344774618e-05	cluster_0_1_mixed
689_Q	0	7.052342592308824e-05	cluster_0_1_mixed
792_Q	0	7.051353134882332e-05	cluster_0_1_mixed
539_Q	0	7.04605028431223e-05	cluster_0_1_mixed
574_V	0	7.046004255099508e-05	cluster_0_1_mixed
380_Q	0	7.04536694105516e-05	cluster_0_1_mixed
522_N	0	7.042116539259524e-05	cluster_0_1_mixed
495_L	0	7.041482971961792e-05	cluster_0_1_mixed
559_T	0	7.037087983009184e-05	cluster_0_1_mixed
730_L	0	7.030917252792612e-05	cluster_0_1_mixed
560_R	0	7.029622605918509e-05	cluster_0_1_mixed
371_A	0	7.028926337383812e-05	cluster_0_1_mixed
538_N	0	7.02714056780087e-05	cluster_0_1_mixed
434_K	0	7.025064802693515e-05	cluster_0_1_mixed
375_T	0	7.02455247807568e-05	cluster_0_1_mixed
493_T	0	7.02158485901653e-05	cluster_0_1_mixed
547_Y	0	7.018778353237988e-05	cluster_0_1_mixed
325_S	0	7.015238179081759e-05	cluster_0_1_mixed
529_V	0	7.008698390900143e-05	cluster_0_1_mixed
727_K	0	7.006915698838483e-05	cluster_0_1_mixed
521_A	0	7.006390137661915e-05	cluster_0_1_mixed
376_I	0	6.996462441264622e-05	cluster_0_1_mixed
811_S	0	6.990577342916878e-05	cluster_0_1_mixed
924_S	0	6.983522604962739e-05	cluster_0_1_mixed
495_F	0	6.980429775155612e-05	cluster_0_1_mixed
642_L	0	6.978579971420783e-05	cluster_0_1_mixed
921_Q	0	6.966381559320926e-05	cluster_0_1_mixed
176_I	0	6.964385222925902e-05	cluster_0_1_mixed
521_V	0	6.963430624674525e-05	cluster_0_1_mixed
739_A	0	6.961735691076079e-05	cluster_0_1_mixed
481_E	0	6.956757807027723e-05	cluster_0_1_mixed
355_F	0	6.955277195150035e-05	cluster_0_1_mixed
712_L	0	6.953968676152048e-05	cluster_0_1_mixed
516_A	0	6.950672943176592e-05	cluster_0_1_mixed
693_M	0	6.943718753437726e-05	cluster_0_1_mixed
598_N	0	6.939288412884993e-05	cluster_0_1_mixed
560_I	0	6.933345272127337e-05	cluster_0_1_mixed
571_A	0	6.931899896655752e-05	cluster_0_1_mixed
524_N	0	6.930690251735778e-05	cluster_0_1_mixed
557_V	0	6.926070115017848e-05	cluster_0_1_mixed
522_A	0	6.923019761158144e-05	cluster_0_1_mixed
629_R	0	6.920055123757963e-05	cluster_0_1_mixed
319_N	0	6.917370206327925e-05	cluster_0_1_mixed
624_M	0	6.906483982941366e-05	cluster_0_1_mixed
422_S	0	6.902498529844081e-05	cluster_0_1_mixed
648_F	0	6.901115447538651e-05	cluster_0_1_mixed
469_P	0	6.900955651606212e-05	cluster_0_1_mixed
695_M	0	6.900253307080398e-05	cluster_0_1_mixed
531_H	0	6.90018254352203e-05	cluster_0_1_mixed
830_F	0	6.898833463891796e-05	cluster_0_1_mixed
311_F	0	6.897957171157055e-05	cluster_0_1_mixed
781_Y	0	6.89680293068958e-05	cluster_0_1_mixed
468_F	0	6.891521974373948e-05	cluster_0_1_mixed
691_S	0	6.885807975286403e-05	cluster_0_1_mixed
521_S	0	6.882261147923698e-05	cluster_0_1_mixed
553_F	0	6.880841983149593e-05	cluster_0_1_mixed
526_P	0	6.880079549104723e-05	cluster_0_1_mixed
823_Y	0	6.875883705888323e-05	cluster_0_1_mixed
527_L	0	6.869622032313792e-05	cluster_0_1_mixed
696_I	0	6.867280768088743e-05	cluster_0_1_mixed
419_E	0	6.866074157731607e-05	cluster_0_1_mixed
529_G	0	6.864482467377568e-05	cluster_0_1_mixed
624_S	0	6.860913299160249e-05	cluster_0_1_mixed
636_P	0	6.860611361126279e-05	cluster_0_1_mixed
539_A	0	6.859888227432125e-05	cluster_0_1_mixed
568_L	0	6.85849381149532e-05	cluster_0_1_mixed
496_N	0	6.857507939148147e-05	cluster_0_1_mixed
538_V	0	6.854918352085158e-05	cluster_0_1_mixed
472_I	0	6.854193847048838e-05	cluster_0_1_mixed
449_M	0	6.853333771822977e-05	cluster_0_1_mixed
370_A	0	6.850390905617986e-05	cluster_0_1_mixed
543_M	0	6.849599096477163e-05	cluster_0_1_mixed
492_G	0	6.845922932318666e-05	cluster_0_1_mixed
667_A	0	6.842513246709216e-05	cluster_0_1_mixed
439_F	0	6.842310093893738e-05	cluster_0_1_mixed
653_S	0	6.841600605899996e-05	cluster_0_1_mixed
522_V	0	6.840818794969381e-05	cluster_0_1_mixed
340_A	0	6.83782279745811e-05	cluster_0_1_mixed
778_Q	0	6.830742155313465e-05	cluster_0_1_mixed
202_R	0	6.830282617946311e-05	cluster_0_1_mixed
475_N	0	6.829318996058661e-05	cluster_0_1_mixed
516_R	0	6.828541105968068e-05	cluster_0_1_mixed
670_N	0	6.827761444693574e-05	cluster_0_1_mixed
579_F	0	6.81690928576366e-05	cluster_0_1_mixed
533_T	0	6.81595255156395e-05	cluster_0_1_mixed
833_A	0	6.813485831208152e-05	cluster_0_1_mixed
412_A	0	6.808143491500534e-05	cluster_0_1_mixed
477_Y	0	6.806164103174244e-05	cluster_0_1_mixed
555_N	0	6.805918647885572e-05	cluster_0_1_mixed
540_V	0	6.801953563235196e-05	cluster_0_1_mixed
430_A	0	6.799256479387272e-05	cluster_0_1_mixed
531_L	0	6.791525040478027e-05	cluster_0_1_mixed
483_G	0	6.785549204037151e-05	cluster_0_1_mixed
426_L	0	6.785247900835284e-05	cluster_0_1_mixed
519_T	0	6.785171552064936e-05	cluster_0_1_mixed
204_K	0	6.782389466052961e-05	cluster_0_1_mixed
263_T	0	6.778833669711167e-05	cluster_0_1_mixed
717_R	0	6.777418385906715e-05	cluster_0_1_mixed
636_Y	0	6.770673739980531e-05	cluster_0_1_mixed
630_V	0	6.769125030492745e-05	cluster_0_1_mixed
643_I	0	6.764087569783446e-05	cluster_0_1_mixed
549_Y	0	6.76105791147271e-05	cluster_0_1_mixed
604_D	0	6.75327476065046e-05	cluster_0_1_mixed
620_M	0	6.751752726897978e-05	cluster_0_1_mixed
182_Q	0	6.748640943136603e-05	cluster_0_1_mixed
541_P	0	6.748302736506622e-05	cluster_0_1_mixed
558_T	0	6.746888760211272e-05	cluster_0_1_mixed
539_N	0	6.746787060737555e-05	cluster_0_1_mixed
577_P	0	6.740208284707794e-05	cluster_0_1_mixed
926_L	0	6.73671783279694e-05	cluster_0_1_mixed
524_S	0	6.73495700590778e-05	cluster_0_1_mixed
726_Y	0	6.730196693318932e-05	cluster_0_1_mixed
551_Y	0	6.730170647009401e-05	cluster_0_1_mixed
644_K	0	6.726524002859726e-05	cluster_0_1_mixed
789_N	0	6.722829021023638e-05	cluster_0_1_mixed
334_N	0	6.720397058279393e-05	cluster_0_1_mixed
586_E	0	6.708446729516049e-05	cluster_0_1_mixed
254_M	0	6.706646680345141e-05	cluster_0_1_mixed
555_F	0	6.704982070289086e-05	cluster_0_1_mixed
422_T	0	6.700962312893376e-05	cluster_0_1_mixed
562_W	0	6.693633021812323e-05	cluster_0_1_mixed
819_I	0	6.69218212910149e-05	cluster_0_1_mixed
577_N	0	6.691890490319586e-05	cluster_0_1_mixed
296_E	0	6.68445206343343e-05	cluster_0_1_mixed
481_I	0	6.683559810055268e-05	cluster_0_1_mixed
202_I	0	6.676144841703702e-05	cluster_0_1_mixed
605_Q	0	6.673994319288309e-05	cluster_0_1_mixed
646_P	0	6.672254658482943e-05	cluster_0_1_mixed
647_N	0	6.667684335418645e-05	cluster_0_1_mixed
791_G	0	6.658412652567894e-05	cluster_0_1_mixed
627_N	0	6.657005047171373e-05	cluster_0_1_mixed
529_N	0	6.6549647244613e-05	cluster_0_1_mixed
543_E	0	6.65443890267309e-05	cluster_0_1_mixed
705_P	0	6.653734145802747e-05	cluster_0_1_mixed
709_F	0	6.644078405767127e-05	cluster_0_1_mixed
857_D	0	6.643484689989702e-05	cluster_0_1_mixed
562_I	0	6.643484100221326e-05	cluster_0_1_mixed
923_Q	0	6.642770752768953e-05	cluster_0_1_mixed
577_S	0	6.63962810079501e-05	cluster_0_1_mixed
335_V	0	6.635038889624072e-05	cluster_0_1_mixed
655_A	0	6.630545172155245e-05	cluster_0_1_mixed
197_G	0	6.624998535371518e-05	cluster_0_1_mixed
582_V	0	6.617257190747757e-05	cluster_0_1_mixed
217_D	0	6.61556799480493e-05	cluster_0_1_mixed
340_S	0	6.613796520356408e-05	cluster_0_1_mixed
566_N	0	6.606121657433215e-05	cluster_0_1_mixed
473_S	0	6.604016439421697e-05	cluster_0_1_mixed
712_C	0	6.600242827289808e-05	cluster_0_1_mixed
742_Q	0	6.597647178424213e-05	cluster_0_1_mixed
477_L	0	6.595772798807803e-05	cluster_0_1_mixed
370_P	0	6.594126463504571e-05	cluster_0_1_mixed
747_E	0	6.590990059880134e-05	cluster_0_1_mixed
562_L	0	6.588722302383374e-05	cluster_0_1_mixed
443_K	0	6.586334320076435e-05	cluster_0_1_mixed
189_R	0	6.580170738785755e-05	cluster_0_1_mixed
874_S	0	6.57893899911467e-05	cluster_0_1_mixed
798_A	0	6.577102099031049e-05	cluster_0_1_mixed
388_G	0	6.571127438355563e-05	cluster_0_1_mixed
588_I	0	6.570329635939879e-05	cluster_0_1_mixed
487_P	0	6.570312065101288e-05	cluster_0_1_mixed
436_K	0	6.569358080965395e-05	cluster_0_1_mixed
517_G	0	6.564717132029079e-05	cluster_0_1_mixed
551_G	0	6.559352245006637e-05	cluster_0_1_mixed
918_V	0	6.559289603775553e-05	cluster_0_1_mixed
488_T	0	6.55833378510754e-05	cluster_0_1_mixed
480_T	0	6.556895499349092e-05	cluster_0_1_mixed
860_L	0	6.556840707587977e-05	cluster_0_1_mixed
527_S	0	6.552278947493493e-05	cluster_0_1_mixed
549_D	0	6.548663828010877e-05	cluster_0_1_mixed
776_M	0	6.546861719546882e-05	cluster_0_1_mixed
537_K	0	6.545045601057987e-05	cluster_0_1_mixed
818_C	0	6.541312891949166e-05	cluster_0_1_mixed
482_T	0	6.537927523544263e-05	cluster_0_1_mixed
569_V	0	6.53751574793633e-05	cluster_0_1_mixed
183_N	0	6.535579002669486e-05	cluster_0_1_mixed
928_T	0	6.523541161575002e-05	cluster_0_1_mixed
667_D	0	6.523428665454703e-05	cluster_0_1_mixed
546_I	0	6.520354940020166e-05	cluster_0_1_mixed
514_G	0	6.518940050137912e-05	cluster_0_1_mixed
340_E	0	6.495854133665097e-05	cluster_0_1_mixed
445_D	0	6.495476704936031e-05	cluster_0_1_mixed
564_Y	0	6.494077232176543e-05	cluster_0_1_mixed
544_V	0	6.493151721729466e-05	cluster_0_1_mixed
558_L	0	6.486298814844452e-05	cluster_0_1_mixed
738_L	0	6.485997536824985e-05	cluster_0_1_mixed
531_T	0	6.485609338473295e-05	cluster_0_1_mixed
483_I	0	6.483355372783155e-05	cluster_0_1_mixed
489_S	0	6.47672322135218e-05	cluster_0_1_mixed
872_S	0	6.475779149745852e-05	cluster_0_1_mixed
480_S	0	6.470336051335338e-05	cluster_0_1_mixed
580_L	0	6.467397199466609e-05	cluster_0_1_mixed
537_A	0	6.466777591108858e-05	cluster_0_1_mixed
558_P	0	6.4642345003514e-05	cluster_0_1_mixed
558_V	0	6.462464415214929e-05	cluster_0_1_mixed
868_Y	0	6.46222853335272e-05	cluster_0_1_mixed
423_S	0	6.457600339587648e-05	cluster_0_1_mixed
579_A	0	6.457024726135855e-05	cluster_0_1_mixed
434_G	0	6.456495763945253e-05	cluster_0_1_mixed
488_F	0	6.447766663118832e-05	cluster_0_1_mixed
650_E	0	6.440926126853839e-05	cluster_0_1_mixed
794_A	0	6.435181917045985e-05	cluster_0_1_mixed
808_W	0	6.433729385069233e-05	cluster_0_1_mixed
493_G	0	6.430402265216725e-05	cluster_0_1_mixed
557_E	0	6.427403508704829e-05	cluster_0_1_mixed
871_P	0	6.422570841007511e-05	cluster_0_1_mixed
696_V	0	6.419702926286762e-05	cluster_0_1_mixed
577_L	0	6.410519137119481e-05	cluster_0_1_mixed
528_F	0	6.405288732632832e-05	cluster_0_1_mixed
703_A	0	6.40411204761295e-05	cluster_0_1_mixed
899_E	0	6.397583953903738e-05	cluster_0_1_mixed
181_S	0	6.391056019368382e-05	cluster_0_1_mixed
338_K	0	6.390638157610826e-05	cluster_0_1_mixed
778_P	0	6.378047067434148e-05	cluster_0_1_mixed
279_H	0	6.373687766235919e-05	cluster_0_1_mixed
661_A	0	6.367514990036384e-05	cluster_0_1_mixed
533_A	0	6.362027025503632e-05	cluster_0_1_mixed
671_I	0	6.361855998674018e-05	cluster_0_1_mixed
548_A	0	6.359662101466415e-05	cluster_0_1_mixed
711_V	0	6.355478203391632e-05	cluster_0_1_mixed
859_D	0	6.354258403281385e-05	cluster_0_1_mixed
856_A	0	6.354008684469119e-05	cluster_0_1_mixed
701_A	0	6.349032341527407e-05	cluster_0_1_mixed
523_S	0	6.348100979183177e-05	cluster_0_1_mixed
562_D	0	6.347320161929349e-05	cluster_0_1_mixed
561_T	0	6.344087902893624e-05	cluster_0_1_mixed
543_A	0	6.343674839764998e-05	cluster_0_1_mixed
372_V	0	6.34029272690764e-05	cluster_0_1_mixed
774_H	0	6.336471506988422e-05	cluster_0_1_mixed
629_E	0	6.330964781670105e-05	cluster_0_1_mixed
324_S	0	6.328270932390783e-05	cluster_0_1_mixed
832_T	0	6.32062290091994e-05	cluster_0_1_mixed
485_P	0	6.316661920714568e-05	cluster_0_1_mixed
440_Q	0	6.316600133661455e-05	cluster_0_1_mixed
347_F	0	6.313943987698121e-05	cluster_0_1_mixed
186_Q	0	6.31359851937223e-05	cluster_0_1_mixed
556_T	0	6.30880699561022e-05	cluster_0_1_mixed
816_H	0	6.308711337228114e-05	cluster_0_1_mixed
413_A	0	6.306821034171663e-05	cluster_0_1_mixed
214_N	0	6.306755667062557e-05	cluster_0_1_mixed
249_V	0	6.302885525364839e-05	cluster_0_1_mixed
177_A	0	6.299926332678748e-05	cluster_0_1_mixed
428_S	0	6.294672323770847e-05	cluster_0_1_mixed
893_F	0	6.292893811963362e-05	cluster_0_1_mixed
562_S	0	6.292225488062398e-05	cluster_0_1_mixed
344_S	0	6.282062959092797e-05	cluster_0_1_mixed
654_V	0	6.281505549733557e-05	cluster_0_1_mixed
695_D	0	6.278202238613245e-05	cluster_0_1_mixed
371_Q	0	6.256027170347173e-05	cluster_0_1_mixed
247_S	0	6.25302462117683e-05	cluster_0_1_mixed
322_V	0	6.247218241001447e-05	cluster_0_1_mixed
652_V	0	6.241774780835775e-05	cluster_0_1_mixed
246_A	0	6.23121933465381e-05	cluster_0_1_mixed
199_A	0	6.228392066768307e-05	cluster_0_1_mixed
551_A	0	6.227325375397392e-05	cluster_0_1_mixed
832_P	0	6.218735676005064e-05	cluster_0_1_mixed
716_G	0	6.217945296043827e-05	cluster_0_1_mixed
790_K	0	6.214723299008136e-05	cluster_0_1_mixed
666_A	0	6.211069626943254e-05	cluster_0_1_mixed
179_S	0	6.208653823373342e-05	cluster_0_1_mixed
401_T	0	6.207811434012635e-05	cluster_0_1_mixed
545_L	0	6.207382625592731e-05	cluster_0_1_mixed
732_G	0	6.20658577782943e-05	cluster_0_1_mixed
424_Y	0	6.199532662207988e-05	cluster_0_1_mixed
360_F	0	6.199323147888156e-05	cluster_0_1_mixed
358_I	0	6.199201280538754e-05	cluster_0_1_mixed
690_Q	0	6.198194975153516e-05	cluster_0_1_mixed
417_A	0	6.18855153323878e-05	cluster_0_1_mixed
544_P	0	6.187109303150636e-05	cluster_0_1_mixed
898_G	0	6.1821923303102e-05	cluster_0_1_mixed
202_P	0	6.179244923159472e-05	cluster_0_1_mixed
330_E	0	6.179160428091657e-05	cluster_0_1_mixed
523_P	0	6.179092015657999e-05	cluster_0_1_mixed
476_R	0	6.170481873598065e-05	cluster_0_1_mixed
552_E	0	6.163021883455081e-05	cluster_0_1_mixed
553_N	0	6.160463366210151e-05	cluster_0_1_mixed
669_Q	0	6.158731471387464e-05	cluster_0_1_mixed
477_N	0	6.158467495347634e-05	cluster_0_1_mixed
769_T	0	6.150678124190594e-05	cluster_0_1_mixed
224_M	0	6.149088644793164e-05	cluster_0_1_mixed
810_N	0	6.147913808667805e-05	cluster_0_1_mixed
494_L	0	6.142063980708835e-05	cluster_0_1_mixed
526_T	0	6.139448308281499e-05	cluster_0_1_mixed
487_S	0	6.138405578392412e-05	cluster_0_1_mixed
780_S	0	6.138245113664494e-05	cluster_0_1_mixed
410_P	0	6.137474759010224e-05	cluster_0_1_mixed
408_I	0	6.137154081019247e-05	cluster_0_1_mixed
566_V	0	6.136353172105079e-05	cluster_0_1_mixed
676_L	0	6.13219808851557e-05	cluster_0_1_mixed
178_N	0	6.132049059585512e-05	cluster_0_1_mixed
655_S	0	6.131751679031183e-05	cluster_0_1_mixed
526_S	0	6.127683687527515e-05	cluster_0_1_mixed
571_S	0	6.12291271471599e-05	cluster_0_1_mixed
521_K	0	6.122544581420815e-05	cluster_0_1_mixed
333_G	0	6.122254298659849e-05	cluster_0_1_mixed
479_I	0	6.12137427646927e-05	cluster_0_1_mixed
524_L	0	6.117646763622361e-05	cluster_0_1_mixed
581_F	0	6.106704664139297e-05	cluster_0_1_mixed
529_A	0	6.103073305805663e-05	cluster_0_1_mixed
437_L	0	6.099003523470998e-05	cluster_0_1_mixed
263_V	0	6.0968386949652885e-05	cluster_0_1_mixed
437_T	0	6.0965884315354e-05	cluster_0_1_mixed
368_S	0	6.090582125865471e-05	cluster_0_1_mixed
689_L	0	6.0905262653044835e-05	cluster_0_1_mixed
549_P	0	6.0896636629737454e-05	cluster_0_1_mixed
338_N	0	6.088243674571056e-05	cluster_0_1_mixed
490_F	0	6.086677644613505e-05	cluster_0_1_mixed
548_K	0	6.078459189703519e-05	cluster_0_1_mixed
444_I	0	6.0739187827553345e-05	cluster_0_1_mixed
782_V	0	6.072383213371382e-05	cluster_0_1_mixed
475_Q	0	6.0720894138425174e-05	cluster_0_1_mixed
620_T	0	6.071467409624313e-05	cluster_0_1_mixed
188_Q	0	6.071174636460267e-05	cluster_0_1_mixed
435_G	0	6.066398959834185e-05	cluster_0_1_mixed
556_Q	0	6.0580354860202955e-05	cluster_0_1_mixed
522_Y	0	6.057807250132907e-05	cluster_0_1_mixed
430_T	0	6.055752315438651e-05	cluster_0_1_mixed
533_L	0	6.044686116906892e-05	cluster_0_1_mixed
574_D	0	6.0407489556148833e-05	cluster_0_1_mixed
219_I	0	6.034590558053818e-05	cluster_0_1_mixed
534_V	0	6.028583342343594e-05	cluster_0_1_mixed
893_Q	0	6.0246922613955034e-05	cluster_0_1_mixed
532_S	0	6.019699604859554e-05	cluster_0_1_mixed
728_T	0	6.0148821315482036e-05	cluster_0_1_mixed
807_A	0	6.010958095670043e-05	cluster_0_1_mixed
877_I	0	6.0003081750977035e-05	cluster_0_1_mixed
618_S	0	5.993434674562669e-05	cluster_0_1_mixed
533_P	0	5.9885159934055034e-05	cluster_0_1_mixed
547_D	0	5.9788582736299425e-05	cluster_0_1_mixed
523_T	0	5.978249268291856e-05	cluster_0_1_mixed
813_L	0	5.976035136854081e-05	cluster_0_1_mixed
867_N	0	5.975085394873592e-05	cluster_0_1_mixed
554_M	0	5.97265059166009e-05	cluster_0_1_mixed
549_N	0	5.9713808921536616e-05	cluster_0_1_mixed
193_G	0	5.971286111162175e-05	cluster_0_1_mixed
492_N	0	5.9689829662921254e-05	cluster_0_1_mixed
572_L	0	5.9669543489249896e-05	cluster_0_1_mixed
397_I	0	5.965988174778508e-05	cluster_0_1_mixed
773_W	0	5.963964173804277e-05	cluster_0_1_mixed
434_S	0	5.959067468084104e-05	cluster_0_1_mixed
522_G	0	5.9572542446599586e-05	cluster_0_1_mixed
387_H	0	5.9536294002276965e-05	cluster_0_1_mixed
540_Q	0	5.9494507738078615e-05	cluster_0_1_mixed
336_N	0	5.948892048519112e-05	cluster_0_1_mixed
576_L	0	5.943561902606542e-05	cluster_0_1_mixed
559_N	0	5.9402888513232056e-05	cluster_0_1_mixed
343_A	0	5.9385635891153035e-05	cluster_0_1_mixed
369_G	0	5.932757871001728e-05	cluster_0_1_mixed
518_V	0	5.92701978695359e-05	cluster_0_1_mixed
422_P	0	5.925892177082366e-05	cluster_0_1_mixed
380_L	0	5.9248206271905236e-05	cluster_0_1_mixed
373_P	0	5.923777688327093e-05	cluster_0_1_mixed
532_R	0	5.918587749573405e-05	cluster_0_1_mixed
265_S	0	5.916027764074423e-05	cluster_0_1_mixed
675_E	0	5.915997826526369e-05	cluster_0_1_mixed
578_E	0	5.912803741935277e-05	cluster_0_1_mixed
550_N	0	5.9115375978766816e-05	cluster_0_1_mixed
884_V	0	5.91134212855572e-05	cluster_0_1_mixed
792_G	0	5.908009204531682e-05	cluster_0_1_mixed
923_S	0	5.9065045778455385e-05	cluster_0_1_mixed
245_L	0	5.904308106993548e-05	cluster_0_1_mixed
542_A	0	5.896057269223693e-05	cluster_0_1_mixed
247_T	0	5.893622795493395e-05	cluster_0_1_mixed
804_K	0	5.892676626346158e-05	cluster_0_1_mixed
302_H	0	5.890335782037756e-05	cluster_0_1_mixed
324_N	0	5.8887555639719125e-05	cluster_0_1_mixed
404_K	0	5.8875560684621284e-05	cluster_0_1_mixed
824_L	0	5.886357989326141e-05	cluster_0_1_mixed
586_A	0	5.8826592413040555e-05	cluster_0_1_mixed
192_V	0	5.877018344144218e-05	cluster_0_1_mixed
667_P	0	5.869918709287694e-05	cluster_0_1_mixed
563_P	0	5.86731516830545e-05	cluster_0_1_mixed
372_T	0	5.8658101189786307e-05	cluster_0_1_mixed
683_S	0	5.864445640824486e-05	cluster_0_1_mixed
427_E	0	5.860808618842969e-05	cluster_0_1_mixed
631_D	0	5.85640285285698e-05	cluster_0_1_mixed
486_V	0	5.851854079752166e-05	cluster_0_1_mixed
516_S	0	5.851111657188036e-05	cluster_0_1_mixed
859_N	0	5.839113694080842e-05	cluster_0_1_mixed
381_P	0	5.838134287185505e-05	cluster_0_1_mixed
534_T	0	5.834944479144648e-05	cluster_0_1_mixed
324_K	0	5.833607515071799e-05	cluster_0_1_mixed
240_I	0	5.832923928676784e-05	cluster_0_1_mixed
569_L	0	5.830762139727297e-05	cluster_0_1_mixed
528_M	0	5.83057814166327e-05	cluster_0_1_mixed
530_L	0	5.830018207777574e-05	cluster_0_1_mixed
924_R	0	5.8292866984104e-05	cluster_0_1_mixed
738_K	0	5.8248800420931604e-05	cluster_0_1_mixed
473_M	0	5.814589698506839e-05	cluster_0_1_mixed
413_Y	0	5.813484575152332e-05	cluster_0_1_mixed
818_A	0	5.813055131252398e-05	cluster_0_1_mixed
625_W	0	5.8039128234325134e-05	cluster_0_1_mixed
261_Q	0	5.802891761989718e-05	cluster_0_1_mixed
884_D	0	5.802578534629661e-05	cluster_0_1_mixed
599_T	0	5.801350961355707e-05	cluster_0_1_mixed
557_L	0	5.799262701878002e-05	cluster_0_1_mixed
553_K	0	5.794798936757936e-05	cluster_0_1_mixed
534_R	0	5.790457737502347e-05	cluster_0_1_mixed
441_T	0	5.7890686563419536e-05	cluster_0_1_mixed
385_V	0	5.784159675891835e-05	cluster_0_1_mixed
880_R	0	5.778766009268575e-05	cluster_0_1_mixed
534_K	0	5.778753948976611e-05	cluster_0_1_mixed
624_Y	0	5.7782599215829343e-05	cluster_0_1_mixed
318_L	0	5.777962340601776e-05	cluster_0_1_mixed
188_N	0	5.768143232715649e-05	cluster_0_1_mixed
490_N	0	5.76734058445908e-05	cluster_0_1_mixed
618_N	0	5.758826681454797e-05	cluster_0_1_mixed
178_P	0	5.754296614512403e-05	cluster_0_1_mixed
339_T	0	5.7530743493000394e-05	cluster_0_1_mixed
837_V	0	5.7500182245168285e-05	cluster_0_1_mixed
547_L	0	5.747517675130277e-05	cluster_0_1_mixed
423_N	0	5.7432083913331844e-05	cluster_0_1_mixed
647_A	0	5.740155651375969e-05	cluster_0_1_mixed
474_I	0	5.739954233120813e-05	cluster_0_1_mixed
572_P	0	5.735836238751349e-05	cluster_0_1_mixed
243_E	0	5.7336767666516083e-05	cluster_0_1_mixed
719_D	0	5.730204259315772e-05	cluster_0_1_mixed
638_A	0	5.729709053933332e-05	cluster_0_1_mixed
560_Q	0	5.7253797004600306e-05	cluster_0_1_mixed
559_K	0	5.722766819788051e-05	cluster_0_1_mixed
834_H	0	5.720906993941285e-05	cluster_0_1_mixed
542_D	0	5.7206046654426735e-05	cluster_0_1_mixed
492_S	0	5.719048256245792e-05	cluster_0_1_mixed
904_L	0	5.718231267201153e-05	cluster_0_1_mixed
561_Y	0	5.717856496324446e-05	cluster_0_1_mixed
530_N	0	5.7169665665151846e-05	cluster_0_1_mixed
560_A	0	5.716484490017507e-05	cluster_0_1_mixed
890_L	0	5.715831268902802e-05	cluster_0_1_mixed
809_I	0	5.7149114907736854e-05	cluster_0_1_mixed
475_E	0	5.7140213029217366e-05	cluster_0_1_mixed
569_K	0	5.7098239446950326e-05	cluster_0_1_mixed
912_L	0	5.7094295101316985e-05	cluster_0_1_mixed
898_P	0	5.705997623598603e-05	cluster_0_1_mixed
386_K	0	5.705587303220592e-05	cluster_0_1_mixed
178_T	0	5.705059977437351e-05	cluster_0_1_mixed
526_G	0	5.703047755488675e-05	cluster_0_1_mixed
560_H	0	5.697344614060671e-05	cluster_0_1_mixed
882_I	0	5.696860139647348e-05	cluster_0_1_mixed
491_G	0	5.6960690374139255e-05	cluster_0_1_mixed
543_V	0	5.6944271324761665e-05	cluster_0_1_mixed
521_P	0	5.689769575657158e-05	cluster_0_1_mixed
564_L	0	5.6890370649045506e-05	cluster_0_1_mixed
409_T	0	5.68597733596817e-05	cluster_0_1_mixed
773_M	0	5.6847443634235386e-05	cluster_0_1_mixed
652_Q	0	5.684521158527018e-05	cluster_0_1_mixed
696_F	0	5.682931089741341e-05	cluster_0_1_mixed
645_E	0	5.682182976414708e-05	cluster_0_1_mixed
180_S	0	5.6796995554522565e-05	cluster_0_1_mixed
556_E	0	5.674575066503681e-05	cluster_0_1_mixed
717_P	0	5.671650904949157e-05	cluster_0_1_mixed
186_L	0	5.669713982403152e-05	cluster_0_1_mixed
646_V	0	5.668963659494657e-05	cluster_0_1_mixed
564_N	0	5.665507927050999e-05	cluster_0_1_mixed
551_L	0	5.663664715928192e-05	cluster_0_1_mixed
249_S	0	5.663537871067183e-05	cluster_0_1_mixed
858_G	0	5.6615015661921866e-05	cluster_0_1_mixed
781_E	0	5.658264009508941e-05	cluster_0_1_mixed
432_H	0	5.651293603090377e-05	cluster_0_1_mixed
545_N	0	5.648939058140725e-05	cluster_0_1_mixed
542_N	0	5.64454683160479e-05	cluster_0_1_mixed
556_P	0	5.6391922391514835e-05	cluster_0_1_mixed
543_L	0	5.6375193176933205e-05	cluster_0_1_mixed
545_M	0	5.625786401331255e-05	cluster_0_1_mixed
836_S	0	5.6252869384934326e-05	cluster_0_1_mixed
459_T	0	5.625210221454291e-05	cluster_0_1_mixed
855_A	0	5.622199337900126e-05	cluster_0_1_mixed
708_M	0	5.6199878002165325e-05	cluster_0_1_mixed
218_F	0	5.618835146086143e-05	cluster_0_1_mixed
185_A	0	5.615478947252609e-05	cluster_0_1_mixed
791_P	0	5.6152465016664566e-05	cluster_0_1_mixed
580_H	0	5.615189195162915e-05	cluster_0_1_mixed
532_Y	0	5.609163123232971e-05	cluster_0_1_mixed
473_Y	0	5.607628795244181e-05	cluster_0_1_mixed
672_D	0	5.607355876069926e-05	cluster_0_1_mixed
658_P	0	5.6061221684961116e-05	cluster_0_1_mixed
789_A	0	5.6012110828055085e-05	cluster_0_1_mixed
819_V	0	5.600487439040819e-05	cluster_0_1_mixed
571_V	0	5.597760662832999e-05	cluster_0_1_mixed
517_D	0	5.597628517662316e-05	cluster_0_1_mixed
254_Q	0	5.591131909977981e-05	cluster_0_1_mixed
790_G	0	5.588225238151535e-05	cluster_0_1_mixed
330_I	0	5.585075979545745e-05	cluster_0_1_mixed
538_I	0	5.5836672344191774e-05	cluster_0_1_mixed
339_G	0	5.575869956879601e-05	cluster_0_1_mixed
784_T	0	5.5725330164120225e-05	cluster_0_1_mixed
399_L	0	5.5711981279665735e-05	cluster_0_1_mixed
812_M	0	5.558675259309246e-05	cluster_0_1_mixed
649_M	0	5.558015505755014e-05	cluster_0_1_mixed
516_L	0	5.552854203574896e-05	cluster_0_1_mixed
569_E	0	5.5521630747280224e-05	cluster_0_1_mixed
240_V	0	5.551035786247855e-05	cluster_0_1_mixed
554_I	0	5.55008644876576e-05	cluster_0_1_mixed
516_H	0	5.549543589413657e-05	cluster_0_1_mixed
792_K	0	5.545123682116599e-05	cluster_0_1_mixed
452_Y	0	5.534996863917522e-05	cluster_0_1_mixed
875_G	0	5.5346685781490055e-05	cluster_0_1_mixed
422_N	0	5.533926618795984e-05	cluster_0_1_mixed
438_E	0	5.533102491165339e-05	cluster_0_1_mixed
699_H	0	5.532288872897932e-05	cluster_0_1_mixed
770_D	0	5.53158426412843e-05	cluster_0_1_mixed
703_Q	0	5.530684126287036e-05	cluster_0_1_mixed
541_I	0	5.526345217994263e-05	cluster_0_1_mixed
555_L	0	5.526097886127037e-05	cluster_0_1_mixed
564_Q	0	5.523775061964519e-05	cluster_0_1_mixed
552_R	0	5.521658520887641e-05	cluster_0_1_mixed
332_V	0	5.519298130202199e-05	cluster_0_1_mixed
636_N	0	5.5189255810922354e-05	cluster_0_1_mixed
536_P	0	5.518262061513757e-05	cluster_0_1_mixed
433_D	0	5.516471236652382e-05	cluster_0_1_mixed
490_S	0	5.5150185233737425e-05	cluster_0_1_mixed
486_S	0	5.5149095152756344e-05	cluster_0_1_mixed
180_M	0	5.509205559576715e-05	cluster_0_1_mixed
551_Q	0	5.507393134951343e-05	cluster_0_1_mixed
889_Y	0	5.5069238368498995e-05	cluster_0_1_mixed
855_T	0	5.4999251713903884e-05	cluster_0_1_mixed
851_N	0	5.4921661121176127e-05	cluster_0_1_mixed
197_K	0	5.4914436355444084e-05	cluster_0_1_mixed
613_Y	0	5.489425215872321e-05	cluster_0_1_mixed
189_H	0	5.488566405640578e-05	cluster_0_1_mixed
378_I	0	5.4866965337507026e-05	cluster_0_1_mixed
663_N	0	5.4849296664326706e-05	cluster_0_1_mixed
675_N	0	5.483289418571111e-05	cluster_0_1_mixed
224_A	0	5.482699529645213e-05	cluster_0_1_mixed
434_E	0	5.475972569455802e-05	cluster_0_1_mixed
932_V	0	5.4755574704746744e-05	cluster_0_1_mixed
536_R	0	5.472882526807073e-05	cluster_0_1_mixed
895_E	0	5.4721129147958095e-05	cluster_0_1_mixed
489_L	0	5.4701421264673824e-05	cluster_0_1_mixed
668_T	0	5.469120406617529e-05	cluster_0_1_mixed
323_E	0	5.468281125139557e-05	cluster_0_1_mixed
554_Q	0	5.466774460339159e-05	cluster_0_1_mixed
919_W	0	5.4614005122893127e-05	cluster_0_1_mixed
845_L	0	5.459908405814778e-05	cluster_0_1_mixed
347_P	0	5.459615498535302e-05	cluster_0_1_mixed
695_A	0	5.4585452089823836e-05	cluster_0_1_mixed
207_Y	0	5.4549112716283446e-05	cluster_0_1_mixed
937_M	0	5.451306777460131e-05	cluster_0_1_mixed
918_I	0	5.45117242607751e-05	cluster_0_1_mixed
580_R	0	5.448539850454823e-05	cluster_0_1_mixed
431_D	0	5.4428334316930735e-05	cluster_0_1_mixed
686_H	0	5.4403570015138735e-05	cluster_0_1_mixed
718_M	0	5.433684902488826e-05	cluster_0_1_mixed
340_T	0	5.432078539093897e-05	cluster_0_1_mixed
299_R	0	5.43154162367385e-05	cluster_0_1_mixed
677_F	0	5.429789111132417e-05	cluster_0_1_mixed
333_S	0	5.429775879952605e-05	cluster_0_1_mixed
193_T	0	5.425157052071261e-05	cluster_0_1_mixed
673_P	0	5.421522451023458e-05	cluster_0_1_mixed
915_V	0	5.418830944815544e-05	cluster_0_1_mixed
538_Y	0	5.4138483810421944e-05	cluster_0_1_mixed
910_D	0	5.4072036940650815e-05	cluster_0_1_mixed
857_F	0	5.406461872027222e-05	cluster_0_1_mixed
549_V	0	5.4039611724913585e-05	cluster_0_1_mixed
561_V	0	5.4002943211221166e-05	cluster_0_1_mixed
751_H	0	5.39734427194605e-05	cluster_0_1_mixed
888_P	0	5.394587181907241e-05	cluster_0_1_mixed
785_A	0	5.393871651018376e-05	cluster_0_1_mixed
338_G	0	5.38786830103525e-05	cluster_0_1_mixed
493_L	0	5.3790173973560715e-05	cluster_0_1_mixed
770_E	0	5.378748353204038e-05	cluster_0_1_mixed
663_D	0	5.377852100205011e-05	cluster_0_1_mixed
349_L	0	5.377333540143754e-05	cluster_0_1_mixed
797_K	0	5.3764604859887575e-05	cluster_0_1_mixed
901_Y	0	5.370982864843231e-05	cluster_0_1_mixed
357_N	0	5.36719977914619e-05	cluster_0_1_mixed
534_A	0	5.365389506750441e-05	cluster_0_1_mixed
389_T	0	5.3629614766910485e-05	cluster_0_1_mixed
196_I	0	5.356920135249003e-05	cluster_0_1_mixed
424_V	0	5.351758296320429e-05	cluster_0_1_mixed
455_G	0	5.350171979293994e-05	cluster_0_1_mixed
397_F	0	5.347449142791727e-05	cluster_0_1_mixed
679_A	0	5.3456094384233865e-05	cluster_0_1_mixed
327_A	0	5.3454736742607554e-05	cluster_0_1_mixed
899_L	0	5.344041473904008e-05	cluster_0_1_mixed
487_L	0	5.343445083428916e-05	cluster_0_1_mixed
866_M	0	5.340797488499819e-05	cluster_0_1_mixed
676_D	0	5.338885741239023e-05	cluster_0_1_mixed
414_I	0	5.3362378201226536e-05	cluster_0_1_mixed
811_Y	0	5.336140609831659e-05	cluster_0_1_mixed
522_T	0	5.3354919454269053e-05	cluster_0_1_mixed
791_E	0	5.33496523432231e-05	cluster_0_1_mixed
433_N	0	5.3335792640543665e-05	cluster_0_1_mixed
208_Q	0	5.3302807227682856e-05	cluster_0_1_mixed
566_S	0	5.32848500848997e-05	cluster_0_1_mixed
547_V	0	5.3267120581872615e-05	cluster_0_1_mixed
337_P	0	5.324592813390596e-05	cluster_0_1_mixed
529_S	0	5.324006686846009e-05	cluster_0_1_mixed
198_M	0	5.323930878737671e-05	cluster_0_1_mixed
362_P	0	5.319062813721572e-05	cluster_0_1_mixed
354_A	0	5.3187592010301896e-05	cluster_0_1_mixed
531_S	0	5.3160975697118754e-05	cluster_0_1_mixed
370_E	0	5.314412091153283e-05	cluster_0_1_mixed
854_N	0	5.31062956738979e-05	cluster_0_1_mixed
578_L	0	5.309432582099083e-05	cluster_0_1_mixed
540_R	0	5.307907265431218e-05	cluster_0_1_mixed
562_N	0	5.298663845377303e-05	cluster_0_1_mixed
431_V	0	5.298385505093484e-05	cluster_0_1_mixed
338_V	0	5.2956079573387246e-05	cluster_0_1_mixed
877_T	0	5.294650776603683e-05	cluster_0_1_mixed
436_Y	0	5.293218961692899e-05	cluster_0_1_mixed
575_L	0	5.29013513412994e-05	cluster_0_1_mixed
743_V	0	5.2877199295826304e-05	cluster_0_1_mixed
449_F	0	5.2868995117368244e-05	cluster_0_1_mixed
256_K	0	5.281987907502509e-05	cluster_0_1_mixed
348_E	0	5.279572212382474e-05	cluster_0_1_mixed
410_G	0	5.279151179598504e-05	cluster_0_1_mixed
523_Y	0	5.279027114715876e-05	cluster_0_1_mixed
452_L	0	5.267793384624866e-05	cluster_0_1_mixed
836_E	0	5.2656209015522296e-05	cluster_0_1_mixed
482_A	0	5.26452450353902e-05	cluster_0_1_mixed
177_Y	0	5.258993639992541e-05	cluster_0_1_mixed
578_T	0	5.258437808750761e-05	cluster_0_1_mixed
577_F	0	5.257228739097156e-05	cluster_0_1_mixed
700_T	0	5.256315588184641e-05	cluster_0_1_mixed
538_E	0	5.252859353948724e-05	cluster_0_1_mixed
554_L	0	5.252447038601084e-05	cluster_0_1_mixed
376_D	0	5.2500006377995167e-05	cluster_0_1_mixed
414_D	0	5.248285496128904e-05	cluster_0_1_mixed
445_K	0	5.247250192220137e-05	cluster_0_1_mixed
582_A	0	5.2453787286681784e-05	cluster_0_1_mixed
495_V	0	5.244770428096264e-05	cluster_0_1_mixed
244_L	0	5.24025419319017e-05	cluster_0_1_mixed
804_D	0	5.235844403862777e-05	cluster_0_1_mixed
182_R	0	5.222429435368825e-05	cluster_0_1_mixed
575_S	0	5.2189658118385754e-05	cluster_0_1_mixed
537_R	0	5.218685820452087e-05	cluster_0_1_mixed
525_A	0	5.2141128584745554e-05	cluster_0_1_mixed
873_H	0	5.213783433268187e-05	cluster_0_1_mixed
421_T	0	5.204758430846116e-05	cluster_0_1_mixed
474_P	0	5.204683335140431e-05	cluster_0_1_mixed
569_T	0	5.204128157234612e-05	cluster_0_1_mixed
866_R	0	5.2025752070956066e-05	cluster_0_1_mixed
411_P	0	5.201539989988785e-05	cluster_0_1_mixed
684_R	0	5.2003802370194785e-05	cluster_0_1_mixed
638_S	0	5.199686359118545e-05	cluster_0_1_mixed
738_M	0	5.19747911708876e-05	cluster_0_1_mixed
544_F	0	5.190712849573885e-05	cluster_0_1_mixed
885_T	0	5.187575350296112e-05	cluster_0_1_mixed
680_K	0	5.181451657400672e-05	cluster_0_1_mixed
670_A	0	5.1764476018877535e-05	cluster_0_1_mixed
207_T	0	5.1761461931135386e-05	cluster_0_1_mixed
547_I	0	5.1732078630733616e-05	cluster_0_1_mixed
694_Q	0	5.172792937992298e-05	cluster_0_1_mixed
860_V	0	5.171101011250234e-05	cluster_0_1_mixed
582_L	0	5.164720293050103e-05	cluster_0_1_mixed
721_F	0	5.163313767652955e-05	cluster_0_1_mixed
343_S	0	5.1617634405707624e-05	cluster_0_1_mixed
540_N	0	5.159892065255425e-05	cluster_0_1_mixed
668_P	0	5.1574014292212146e-05	cluster_0_1_mixed
546_M	0	5.154815522728636e-05	cluster_0_1_mixed
692_Q	0	5.152590179344476e-05	cluster_0_1_mixed
780_I	0	5.151791492225299e-05	cluster_0_1_mixed
339_I	0	5.150853567212418e-05	cluster_0_1_mixed
725_A	0	5.1465304598504605e-05	cluster_0_1_mixed
569_S	0	5.1452684020580664e-05	cluster_0_1_mixed
331_D	0	5.132834061884304e-05	cluster_0_1_mixed
424_A	0	5.132253641313387e-05	cluster_0_1_mixed
557_D	0	5.1275776712951435e-05	cluster_0_1_mixed
436_A	0	5.124106814424032e-05	cluster_0_1_mixed
513_D	0	5.1224884219195546e-05	cluster_0_1_mixed
559_L	0	5.1215960023655505e-05	cluster_0_1_mixed
432_Y	0	5.111312516902572e-05	cluster_0_1_mixed
304_D	0	5.110237026583122e-05	cluster_0_1_mixed
774_K	0	5.10088280108303e-05	cluster_0_1_mixed
240_Y	0	5.0962665897580584e-05	cluster_0_1_mixed
481_A	0	5.096076081628483e-05	cluster_0_1_mixed
902_F	0	5.0935492709800124e-05	cluster_0_1_mixed
560_F	0	5.092974731448905e-05	cluster_0_1_mixed
484_Y	0	5.091625089884558e-05	cluster_0_1_mixed
832_D	0	5.091395040920015e-05	cluster_0_1_mixed
222_T	0	5.087615068174194e-05	cluster_0_1_mixed
556_V	0	5.0860918486835346e-05	cluster_0_1_mixed
616_Q	0	5.0835421428029406e-05	cluster_0_1_mixed
707_F	0	5.0796659053055524e-05	cluster_0_1_mixed
768_I	0	5.0794592846969746e-05	cluster_0_1_mixed
226_D	0	5.0758525659221796e-05	cluster_0_1_mixed
218_W	0	5.074885738891536e-05	cluster_0_1_mixed
470_M	0	5.074580645102274e-05	cluster_0_1_mixed
671_E	0	5.071198942067747e-05	cluster_0_1_mixed
834_N	0	5.069509002331464e-05	cluster_0_1_mixed
427_Y	0	5.068269256516168e-05	cluster_0_1_mixed
561_P	0	5.0645046097836256e-05	cluster_0_1_mixed
176_A	0	5.0631610940169945e-05	cluster_0_1_mixed
671_L	0	5.05939680424342e-05	cluster_0_1_mixed
529_P	0	5.0577304294664174e-05	cluster_0_1_mixed
785_G	0	5.0563960045867786e-05	cluster_0_1_mixed
545_E	0	5.056374545534017e-05	cluster_0_1_mixed
426_E	0	5.054770661590512e-05	cluster_0_1_mixed
336_A	0	5.051503107086544e-05	cluster_0_1_mixed
637_I	0	5.050687453104017e-05	cluster_0_1_mixed
736_H	0	5.044887717808876e-05	cluster_0_1_mixed
192_S	0	5.0439727778483965e-05	cluster_0_1_mixed
737_H	0	5.0407677852320065e-05	cluster_0_1_mixed
179_N	0	5.040693198557239e-05	cluster_0_1_mixed
870_Q	0	5.0382060506963114e-05	cluster_0_1_mixed
496_A	0	5.037108797530725e-05	cluster_0_1_mixed
539_F	0	5.035444456723613e-05	cluster_0_1_mixed
312_C	0	5.03456406374372e-05	cluster_0_1_mixed
892_I	0	5.03035396597642e-05	cluster_0_1_mixed
857_L	0	5.030166962017686e-05	cluster_0_1_mixed
487_R	0	5.027387943402664e-05	cluster_0_1_mixed
538_R	0	5.0244750199471455e-05	cluster_0_1_mixed
177_K	0	5.022428850329826e-05	cluster_0_1_mixed
687_L	0	5.020363202736165e-05	cluster_0_1_mixed
843_V	0	5.017390233323724e-05	cluster_0_1_mixed
429_P	0	5.017157345786386e-05	cluster_0_1_mixed
607_R	0	5.016773199033944e-05	cluster_0_1_mixed
519_R	0	5.016772235661574e-05	cluster_0_1_mixed
66_V	0	5.009824239343083e-05	cluster_0_1_mixed
173_V	0	5.009726136005487e-05	cluster_0_1_mixed
280_T	0	5.008090500668745e-05	cluster_0_1_mixed
858_N	0	5.0069389658928385e-05	cluster_0_1_mixed
484_E	0	5.006066498689983e-05	cluster_0_1_mixed
549_I	0	5.005054908460609e-05	cluster_0_1_mixed
918_C	0	5.005002593717732e-05	cluster_0_1_mixed
419_A	0	5.000029558928959e-05	cluster_0_1_mixed
856_T	0	4.995992753588528e-05	cluster_0_1_mixed
381_L	0	4.995254723967708e-05	cluster_0_1_mixed
316_L	0	4.991562640745132e-05	cluster_0_1_mixed
176_M	0	4.990954947614216e-05	cluster_0_1_mixed
177_M	0	4.988627161454241e-05	cluster_0_1_mixed
320_Y	0	4.988290728394028e-05	cluster_0_1_mixed
538_P	0	4.984238000568292e-05	cluster_0_1_mixed
681_T	0	4.983158286032315e-05	cluster_0_1_mixed
917_K	0	4.981248812962897e-05	cluster_0_1_mixed
734_E	0	4.979633378621164e-05	cluster_0_1_mixed
367_T	0	4.9795253087032356e-05	cluster_0_1_mixed
227_M	0	4.973734948138912e-05	cluster_0_1_mixed
881_N	0	4.9705117967255436e-05	cluster_0_1_mixed
435_M	0	4.968127280222215e-05	cluster_0_1_mixed
640_G	0	4.9668344637866544e-05	cluster_0_1_mixed
448_E	0	4.96119287236739e-05	cluster_0_1_mixed
375_S	0	4.959251339134427e-05	cluster_0_1_mixed
521_G	0	4.9591310874643275e-05	cluster_0_1_mixed
775_T	0	4.958544825633822e-05	cluster_0_1_mixed
919_V	0	4.956678370919913e-05	cluster_0_1_mixed
572_S	0	4.948988604411671e-05	cluster_0_1_mixed
370_F	0	4.9426073772661615e-05	cluster_0_1_mixed
698_P	0	4.939750109857003e-05	cluster_0_1_mixed
304_A	0	4.9368212721936974e-05	cluster_0_1_mixed
652_A	0	4.934508875524336e-05	cluster_0_1_mixed
368_A	0	4.9339359264205025e-05	cluster_0_1_mixed
388_M	0	4.9327693466905384e-05	cluster_0_1_mixed
534_G	0	4.930778140662113e-05	cluster_0_1_mixed
835_F	0	4.929949793538473e-05	cluster_0_1_mixed
178_A	0	4.9264279682803916e-05	cluster_0_1_mixed
394_G	0	4.9249227624634706e-05	cluster_0_1_mixed
268_T	0	4.924718226710605e-05	cluster_0_1_mixed
494_T	0	4.923061895382408e-05	cluster_0_1_mixed
187_L	0	4.914071636633735e-05	cluster_0_1_mixed
396_A	0	4.9129484948888755e-05	cluster_0_1_mixed
554_N	0	4.904418789539694e-05	cluster_0_1_mixed
330_R	0	4.9034422620891894e-05	cluster_0_1_mixed
373_I	0	4.901577102447468e-05	cluster_0_1_mixed
531_Q	0	4.899520813956949e-05	cluster_0_1_mixed
570_P	0	4.897456534582738e-05	cluster_0_1_mixed
474_A	0	4.897349288866225e-05	cluster_0_1_mixed
714_C	0	4.8956547641610225e-05	cluster_0_1_mixed
519_S	0	4.8950109544594875e-05	cluster_0_1_mixed
630_P	0	4.893857310436424e-05	cluster_0_1_mixed
541_E	0	4.892440560652386e-05	cluster_0_1_mixed
607_Q	0	4.889612753246254e-05	cluster_0_1_mixed
348_P	0	4.8856050083404554e-05	cluster_0_1_mixed
554_V	0	4.885556074409219e-05	cluster_0_1_mixed
671_N	0	4.880475427881335e-05	cluster_0_1_mixed
636_W	0	4.8804349610195566e-05	cluster_0_1_mixed
550_G	0	4.879369286243136e-05	cluster_0_1_mixed
646_I	0	4.8791864430556196e-05	cluster_0_1_mixed
523_A	0	4.879076475924215e-05	cluster_0_1_mixed
181_P	0	4.873366914673201e-05	cluster_0_1_mixed
212_V	0	4.8699380388198895e-05	cluster_0_1_mixed
520_V	0	4.869699218105989e-05	cluster_0_1_mixed
872_T	0	4.868393868053875e-05	cluster_0_1_mixed
259_L	0	4.8679831954876876e-05	cluster_0_1_mixed
518_R	0	4.864045607104187e-05	cluster_0_1_mixed
701_R	0	4.8597812082940664e-05	cluster_0_1_mixed
692_D	0	4.859592661779631e-05	cluster_0_1_mixed
534_N	0	4.8542248546258184e-05	cluster_0_1_mixed
588_Q	0	4.852756210157477e-05	cluster_0_1_mixed
332_I	0	4.8525100406926805e-05	cluster_0_1_mixed
650_S	0	4.851123916162468e-05	cluster_0_1_mixed
784_Q	0	4.844616846741704e-05	cluster_0_1_mixed
559_M	0	4.840420752520029e-05	cluster_0_1_mixed
539_I	0	4.8400669307982834e-05	cluster_0_1_mixed
589_V	0	4.8396207896106616e-05	cluster_0_1_mixed
538_T	0	4.837880934219228e-05	cluster_0_1_mixed
710_S	0	4.837058881962111e-05	cluster_0_1_mixed
782_N	0	4.831224065458588e-05	cluster_0_1_mixed
665_T	0	4.830832519909837e-05	cluster_0_1_mixed
374_D	0	4.8291612002853854e-05	cluster_0_1_mixed
701_Y	0	4.828217617210362e-05	cluster_0_1_mixed
541_D	0	4.824070892710995e-05	cluster_0_1_mixed
567_N	0	4.823634262170199e-05	cluster_0_1_mixed
468_I	0	4.823348286690485e-05	cluster_0_1_mixed
300_N	0	4.820910043501783e-05	cluster_0_1_mixed
335_L	0	4.81998196693564e-05	cluster_0_1_mixed
561_F	0	4.817304728855441e-05	cluster_0_1_mixed
474_E	0	4.812412151809674e-05	cluster_0_1_mixed
516_M	0	4.8081454692864316e-05	cluster_0_1_mixed
551_F	0	4.8052621477104215e-05	cluster_0_1_mixed
487_E	0	4.804668810832787e-05	cluster_0_1_mixed
677_G	0	4.80131596314949e-05	cluster_0_1_mixed
373_K	0	4.8012307896428595e-05	cluster_0_1_mixed
700_F	0	4.801056200746029e-05	cluster_0_1_mixed
539_V	0	4.79525325432209e-05	cluster_0_1_mixed
570_Y	0	4.794728493806118e-05	cluster_0_1_mixed
174_V	0	4.789132792015506e-05	cluster_0_1_mixed
245_P	0	4.786487141404647e-05	cluster_0_1_mixed
180_K	0	4.78543657441436e-05	cluster_0_1_mixed
651_A	0	4.7845227952495835e-05	cluster_0_1_mixed
876_M	0	4.782372396070679e-05	cluster_0_1_mixed
555_M	0	4.781520759319803e-05	cluster_0_1_mixed
545_F	0	4.7812727347611755e-05	cluster_0_1_mixed
546_W	0	4.780674828421806e-05	cluster_0_1_mixed
465_N	0	4.780647951544957e-05	cluster_0_1_mixed
565_F	0	4.773722074357167e-05	cluster_0_1_mixed
433_L	0	4.770692961053869e-05	cluster_0_1_mixed
459_W	0	4.768712267265055e-05	cluster_0_1_mixed
582_S	0	4.76453730531656e-05	cluster_0_1_mixed
349_Y	0	4.7639116037744086e-05	cluster_0_1_mixed
415_H	0	4.761801512882487e-05	cluster_0_1_mixed
396_L	0	4.7580906010181146e-05	cluster_0_1_mixed
883_Y	0	4.757827159351748e-05	cluster_0_1_mixed
430_H	0	4.7544738870362935e-05	cluster_0_1_mixed
491_K	0	4.754144916041642e-05	cluster_0_1_mixed
918_G	0	4.7487751483572074e-05	cluster_0_1_mixed
791_V	0	4.748065075337143e-05	cluster_0_1_mixed
914_I	0	4.7477569901398106e-05	cluster_0_1_mixed
727_Y	0	4.74446499866844e-05	cluster_0_1_mixed
184_M	0	4.7426701321307116e-05	cluster_0_1_mixed
662_T	0	4.736681111980273e-05	cluster_0_1_mixed
916_W	0	4.73578265231794e-05	cluster_0_1_mixed
558_I	0	4.733534627171079e-05	cluster_0_1_mixed
542_W	0	4.7308904159931565e-05	cluster_0_1_mixed
650_L	0	4.73004941994702e-05	cluster_0_1_mixed
533_S	0	4.728303206539706e-05	cluster_0_1_mixed
483_V	0	4.7278431452587176e-05	cluster_0_1_mixed
569_D	0	4.727019680804556e-05	cluster_0_1_mixed
268_H	0	4.7249877008523794e-05	cluster_0_1_mixed
663_G	0	4.721815698999512e-05	cluster_0_1_mixed
477_T	0	4.7193131682480574e-05	cluster_0_1_mixed
314_D	0	4.718935360482891e-05	cluster_0_1_mixed
654_E	0	4.7181590352929635e-05	cluster_0_1_mixed
522_L	0	4.716798085827112e-05	cluster_0_1_mixed
677_V	0	4.713243070251963e-05	cluster_0_1_mixed
515_S	0	4.7110018847487625e-05	cluster_0_1_mixed
727_L	0	4.7066037231242855e-05	cluster_0_1_mixed
552_T	0	4.705756291395737e-05	cluster_0_1_mixed
850_L	0	4.697332106197493e-05	cluster_0_1_mixed
548_L	0	4.695783244257723e-05	cluster_0_1_mixed
780_C	0	4.690738950787283e-05	cluster_0_1_mixed
555_Y	0	4.682849647915298e-05	cluster_0_1_mixed
436_V	0	4.68011712824022e-05	cluster_0_1_mixed
486_P	0	4.679510443530857e-05	cluster_0_1_mixed
676_E	0	4.679370265463914e-05	cluster_0_1_mixed
681_F	0	4.673975105360587e-05	cluster_0_1_mixed
876_F	0	4.673823044231578e-05	cluster_0_1_mixed
374_N	0	4.6712636121412296e-05	cluster_0_1_mixed
266_F	0	4.6660842570076335e-05	cluster_0_1_mixed
693_Q	0	4.6656159389709685e-05	cluster_0_1_mixed
386_A	0	4.662969154907686e-05	cluster_0_1_mixed
563_D	0	4.662008879838083e-05	cluster_0_1_mixed
936_N	0	4.6595950136121876e-05	cluster_0_1_mixed
475_R	0	4.658918278489113e-05	cluster_0_1_mixed
320_G	0	4.6542326736398926e-05	cluster_0_1_mixed
261_P	0	4.6396032100094e-05	cluster_0_1_mixed
522_S	0	4.6393599140240006e-05	cluster_0_1_mixed
182_S	0	4.633816378787018e-05	cluster_0_1_mixed
215_M	0	4.63335570113278e-05	cluster_0_1_mixed
543_P	0	4.630632006133402e-05	cluster_0_1_mixed
536_Y	0	4.629449039455316e-05	cluster_0_1_mixed
285_P	0	4.6287926972985275e-05	cluster_0_1_mixed
540_D	0	4.6264375807224075e-05	cluster_0_1_mixed
557_I	0	4.6255271582149276e-05	cluster_0_1_mixed
571_Q	0	4.622908741243955e-05	cluster_0_1_mixed
420_A	0	4.620355861644464e-05	cluster_0_1_mixed
888_K	0	4.61764269376509e-05	cluster_0_1_mixed
548_V	0	4.617612442084815e-05	cluster_0_1_mixed
415_K	0	4.617152443793321e-05	cluster_0_1_mixed
380_V	0	4.615260392965706e-05	cluster_0_1_mixed
380_A	0	4.6148410225559325e-05	cluster_0_1_mixed
564_K	0	4.614685126724637e-05	cluster_0_1_mixed
482_Q	0	4.61402159752538e-05	cluster_0_1_mixed
525_F	0	4.611248410739199e-05	cluster_0_1_mixed
353_L	0	4.6103805211230296e-05	cluster_0_1_mixed
533_I	0	4.608290394968252e-05	cluster_0_1_mixed
850_E	0	4.606737527428703e-05	cluster_0_1_mixed
248_M	0	4.604305146578611e-05	cluster_0_1_mixed
247_V	0	4.598753597931289e-05	cluster_0_1_mixed
575_D	0	4.5978108521865294e-05	cluster_0_1_mixed
565_N	0	4.593188792818094e-05	cluster_0_1_mixed
351_Y	0	4.590163984496719e-05	cluster_0_1_mixed
328_L	0	4.589565313155542e-05	cluster_0_1_mixed
914_M	0	4.588728149199145e-05	cluster_0_1_mixed
211_D	0	4.58815279509565e-05	cluster_0_1_mixed
344_G	0	4.586284193073459e-05	cluster_0_1_mixed
800_N	0	4.5848826555670315e-05	cluster_0_1_mixed
192_N	0	4.5846975964896947e-05	cluster_0_1_mixed
321_A	0	4.583100093105869e-05	cluster_0_1_mixed
549_L	0	4.579643867988718e-05	cluster_0_1_mixed
580_T	0	4.578566355433578e-05	cluster_0_1_mixed
351_E	0	4.5780454774467364e-05	cluster_0_1_mixed
794_Q	0	4.573426005167222e-05	cluster_0_1_mixed
690_A	0	4.562269581098283e-05	cluster_0_1_mixed
569_I	0	4.562065302471219e-05	cluster_0_1_mixed
572_N	0	4.560839174040443e-05	cluster_0_1_mixed
350_D	0	4.55334855885173e-05	cluster_0_1_mixed
447_M	0	4.552628794544744e-05	cluster_0_1_mixed
394_Y	0	4.53938695911844e-05	cluster_0_1_mixed
674_P	0	4.5358164772789314e-05	cluster_0_1_mixed
874_A	0	4.535673715768414e-05	cluster_0_1_mixed
656_D	0	4.534852674501033e-05	cluster_0_1_mixed
324_V	0	4.53399538043515e-05	cluster_0_1_mixed
225_Q	0	4.5280540450741147e-05	cluster_0_1_mixed
336_P	0	4.524250513755326e-05	cluster_0_1_mixed
644_Q	0	4.523252859730022e-05	cluster_0_1_mixed
490_D	0	4.515128810756477e-05	cluster_0_1_mixed
400_Q	0	4.509903172077403e-05	cluster_0_1_mixed
748_A	0	4.5072597162158696e-05	cluster_0_1_mixed
765_K	0	4.506170007331936e-05	cluster_0_1_mixed
139_Y	0	4.5015566510591844e-05	cluster_0_1_mixed
792_S	0	4.4984481239038455e-05	cluster_0_1_mixed
318_A	0	4.49696138491771e-05	cluster_0_1_mixed
532_N	0	4.494418679274641e-05	cluster_0_1_mixed
181_N	0	4.493307486431595e-05	cluster_0_1_mixed
526_D	0	4.4923924146550704e-05	cluster_0_1_mixed
920_H	0	4.485552619366703e-05	cluster_0_1_mixed
351_G	0	4.479686876259147e-05	cluster_0_1_mixed
548_P	0	4.473665680749082e-05	cluster_0_1_mixed
570_N	0	4.4732121634196426e-05	cluster_0_1_mixed
748_T	0	4.4722675493206424e-05	cluster_0_1_mixed
469_A	0	4.469141080888438e-05	cluster_0_1_mixed
371_I	0	4.4673813286601886e-05	cluster_0_1_mixed
488_W	0	4.464170282449409e-05	cluster_0_1_mixed
179_A	0	4.463087813035706e-05	cluster_0_1_mixed
866_A	0	4.462209751055708e-05	cluster_0_1_mixed
522_Q	0	4.4601346367784527e-05	cluster_0_1_mixed
846_N	0	4.4541056445923245e-05	cluster_0_1_mixed
632_S	0	4.4531945643715376e-05	cluster_0_1_mixed
375_L	0	4.451816186809556e-05	cluster_0_1_mixed
348_V	0	4.4489593162302886e-05	cluster_0_1_mixed
546_Q	0	4.4466589704099155e-05	cluster_0_1_mixed
557_H	0	4.4439276184234295e-05	cluster_0_1_mixed
670_I	0	4.4435031984949774e-05	cluster_0_1_mixed
831_K	0	4.4430293309273584e-05	cluster_0_1_mixed
371_S	0	4.441226575848384e-05	cluster_0_1_mixed
796_P	0	4.4410323391784106e-05	cluster_0_1_mixed
591_E	0	4.440416295088577e-05	cluster_0_1_mixed
383_V	0	4.4382255363837846e-05	cluster_0_1_mixed
656_N	0	4.43800181441122e-05	cluster_0_1_mixed
211_S	0	4.437049360547695e-05	cluster_0_1_mixed
565_V	0	4.436408746524873e-05	cluster_0_1_mixed
666_P	0	4.433107373657092e-05	cluster_0_1_mixed
520_T	0	4.433059081385777e-05	cluster_0_1_mixed
877_P	0	4.429674256556574e-05	cluster_0_1_mixed
495_A	0	4.4273872964976464e-05	cluster_0_1_mixed
483_S	0	4.426975211645281e-05	cluster_0_1_mixed
586_K	0	4.423072855681214e-05	cluster_0_1_mixed
369_A	0	4.421494378709697e-05	cluster_0_1_mixed
784_S	0	4.420695181927793e-05	cluster_0_1_mixed
722_S	0	4.41896295327329e-05	cluster_0_1_mixed
680_A	0	4.416989538454597e-05	cluster_0_1_mixed
789_D	0	4.410335484544304e-05	cluster_0_1_mixed
379_Q	0	4.410260641931017e-05	cluster_0_1_mixed
692_R	0	4.409581404192888e-05	cluster_0_1_mixed
441_S	0	4.4053638283180514e-05	cluster_0_1_mixed
555_V	0	4.397980339643121e-05	cluster_0_1_mixed
491_D	0	4.396229171419796e-05	cluster_0_1_mixed
479_N	0	4.3960987781478797e-05	cluster_0_1_mixed
821_A	0	4.395769764808651e-05	cluster_0_1_mixed
324_A	0	4.392982518517028e-05	cluster_0_1_mixed
573_F	0	4.388833441356409e-05	cluster_0_1_mixed
665_E	0	4.383143119671449e-05	cluster_0_1_mixed
647_S	0	4.381669911030284e-05	cluster_0_1_mixed
594_L	0	4.379509660055327e-05	cluster_0_1_mixed
590_N	0	4.378047468136787e-05	cluster_0_1_mixed
619_H	0	4.3774355981620014e-05	cluster_0_1_mixed
545_Q	0	4.376416556225782e-05	cluster_0_1_mixed
374_K	0	4.372204159314183e-05	cluster_0_1_mixed
548_I	0	4.370079614831998e-05	cluster_0_1_mixed
547_E	0	4.3692009497251985e-05	cluster_0_1_mixed
535_D	0	4.3663026868271204e-05	cluster_0_1_mixed
349_D	0	4.363164653347564e-05	cluster_0_1_mixed
325_M	0	4.362217341203433e-05	cluster_0_1_mixed
482_S	0	4.357133036305757e-05	cluster_0_1_mixed
377_K	0	4.3563279914854305e-05	cluster_0_1_mixed
558_M	0	4.355686156105057e-05	cluster_0_1_mixed
791_N	0	4.3552330177340275e-05	cluster_0_1_mixed
566_Y	0	4.35318851319981e-05	cluster_0_1_mixed
782_A	0	4.352688845271711e-05	cluster_0_1_mixed
490_P	0	4.352505652199204e-05	cluster_0_1_mixed
410_S	0	4.352381323195938e-05	cluster_0_1_mixed
555_P	0	4.3486441545070475e-05	cluster_0_1_mixed
909_D	0	4.348042186053236e-05	cluster_0_1_mixed
335_N	0	4.346132785552553e-05	cluster_0_1_mixed
576_W	0	4.344930911463482e-05	cluster_0_1_mixed
323_P	0	4.338577918385588e-05	cluster_0_1_mixed
567_D	0	4.338147888390982e-05	cluster_0_1_mixed
327_L	0	4.337120155828773e-05	cluster_0_1_mixed
923_I	0	4.325908869828575e-05	cluster_0_1_mixed
570_V	0	4.325628917841159e-05	cluster_0_1_mixed
495_G	0	4.321436458988536e-05	cluster_0_1_mixed
341_Q	0	4.3179001944207546e-05	cluster_0_1_mixed
410_Q	0	4.31635874859313e-05	cluster_0_1_mixed
794_G	0	4.3137506361303084e-05	cluster_0_1_mixed
344_P	0	4.313100840431996e-05	cluster_0_1_mixed
360_P	0	4.311070855916105e-05	cluster_0_1_mixed
315_R	0	4.3106780144182325e-05	cluster_0_1_mixed
713_V	0	4.309134326183485e-05	cluster_0_1_mixed
552_Y	0	4.307263906250698e-05	cluster_0_1_mixed
483_P	0	4.307083614676102e-05	cluster_0_1_mixed
596_T	0	4.3033921199856854e-05	cluster_0_1_mixed
352_H	0	4.3023633873946074e-05	cluster_0_1_mixed
379_F	0	4.3016714162344174e-05	cluster_0_1_mixed
525_G	0	4.3013573256173857e-05	cluster_0_1_mixed
429_G	0	4.300132003355087e-05	cluster_0_1_mixed
565_L	0	4.2999039372155926e-05	cluster_0_1_mixed
413_N	0	4.298828150801021e-05	cluster_0_1_mixed
678_P	0	4.295091246334236e-05	cluster_0_1_mixed
376_E	0	4.295071288859718e-05	cluster_0_1_mixed
38_S	0	4.2881658130509974e-05	cluster_0_1_mixed
938_I	0	4.2875019302314316e-05	cluster_0_1_mixed
578_V	0	4.286646741072616e-05	cluster_0_1_mixed
441_V	0	4.286300942526581e-05	cluster_0_1_mixed
529_Y	0	4.284789952316978e-05	cluster_0_1_mixed
228_Y	0	4.282812325469517e-05	cluster_0_1_mixed
892_N	0	4.282357616459845e-05	cluster_0_1_mixed
591_I	0	4.281670326123295e-05	cluster_0_1_mixed
558_Y	0	4.2785407715532916e-05	cluster_0_1_mixed
173_D	0	4.2755302834606384e-05	cluster_0_1_mixed
375_N	0	4.275065658612534e-05	cluster_0_1_mixed
601_L	0	4.2700040675686446e-05	cluster_0_1_mixed
569_A	0	4.269484062643477e-05	cluster_0_1_mixed
576_N	0	4.2671018708043834e-05	cluster_0_1_mixed
874_V	0	4.26579871412584e-05	cluster_0_1_mixed
544_R	0	4.260387397869819e-05	cluster_0_1_mixed
368_E	0	4.255891865785727e-05	cluster_0_1_mixed
348_N	0	4.255563891428499e-05	cluster_0_1_mixed
442_D	0	4.254522155582944e-05	cluster_0_1_mixed
260_E	0	4.247031364995452e-05	cluster_0_1_mixed
184_H	0	4.244998401584859e-05	cluster_0_1_mixed
417_N	0	4.244549171700532e-05	cluster_0_1_mixed
776_D	0	4.241780039418059e-05	cluster_0_1_mixed
852_D	0	4.2412086249870025e-05	cluster_0_1_mixed
570_S	0	4.228316089406357e-05	cluster_0_1_mixed
489_Q	0	4.226373513639409e-05	cluster_0_1_mixed
244_T	0	4.2260461843480294e-05	cluster_0_1_mixed
477_E	0	4.221764157524816e-05	cluster_0_1_mixed
479_L	0	4.2216710303022106e-05	cluster_0_1_mixed
543_I	0	4.219776265804405e-05	cluster_0_1_mixed
524_G	0	4.219465177782461e-05	cluster_0_1_mixed
459_A	0	4.218794150805422e-05	cluster_0_1_mixed
424_G	0	4.214978137531758e-05	cluster_0_1_mixed
394_W	0	4.214785102620886e-05	cluster_0_1_mixed
574_L	0	4.214174290217265e-05	cluster_0_1_mixed
816_G	0	4.212698216976406e-05	cluster_0_1_mixed
214_Q	0	4.210846393933396e-05	cluster_0_1_mixed
216_D	0	4.210407212298386e-05	cluster_0_1_mixed
885_Q	0	4.209610949727259e-05	cluster_0_1_mixed
438_R	0	4.208378454779221e-05	cluster_0_1_mixed
205_T	0	4.20604533376337e-05	cluster_0_1_mixed
665_N	0	4.2058850205866324e-05	cluster_0_1_mixed
551_P	0	4.202520601370059e-05	cluster_0_1_mixed
522_E	0	4.202308572742201e-05	cluster_0_1_mixed
554_F	0	4.1972598251609504e-05	cluster_0_1_mixed
256_T	0	4.18938392016051e-05	cluster_0_1_mixed
546_Y	0	4.1875214606260864e-05	cluster_0_1_mixed
550_E	0	4.183736580118936e-05	cluster_0_1_mixed
873_R	0	4.1827871065936515e-05	cluster_0_1_mixed
528_V	0	4.181679782985179e-05	cluster_0_1_mixed
537_L	0	4.181118649997757e-05	cluster_0_1_mixed
451_I	0	4.1809133518035026e-05	cluster_0_1_mixed
566_K	0	4.179956932967816e-05	cluster_0_1_mixed
557_R	0	4.1799201628305534e-05	cluster_0_1_mixed
278_C	0	4.178360762895505e-05	cluster_0_1_mixed
408_A	0	4.174132405397545e-05	cluster_0_1_mixed
700_R	0	4.173637899802082e-05	cluster_0_1_mixed
337_N	0	4.170909516467112e-05	cluster_0_1_mixed
575_Y	0	4.1683768781242483e-05	cluster_0_1_mixed
237_S	0	4.166143001351988e-05	cluster_0_1_mixed
331_P	0	4.1637523534394664e-05	cluster_0_1_mixed
405_S	0	4.160143208133677e-05	cluster_0_1_mixed
411_E	0	4.1600160202405976e-05	cluster_0_1_mixed
493_A	0	4.157479101472454e-05	cluster_0_1_mixed
541_W	0	4.156442358184827e-05	cluster_0_1_mixed
546_K	0	4.1560920841682435e-05	cluster_0_1_mixed
568_W	0	4.154953068848399e-05	cluster_0_1_mixed
353_W	0	4.154528946554224e-05	cluster_0_1_mixed
486_D	0	4.1540239513775673e-05	cluster_0_1_mixed
696_A	0	4.153075715808505e-05	cluster_0_1_mixed
297_K	0	4.152265501716779e-05	cluster_0_1_mixed
231_D	0	4.151971462820313e-05	cluster_0_1_mixed
833_G	0	4.151064153612222e-05	cluster_0_1_mixed
270_A	0	4.148403561283175e-05	cluster_0_1_mixed
857_E	0	4.139893593649395e-05	cluster_0_1_mixed
719_I	0	4.138498595570917e-05	cluster_0_1_mixed
848_P	0	4.131778370707961e-05	cluster_0_1_mixed
695_Q	0	4.130404778509244e-05	cluster_0_1_mixed
329_S	0	4.130392622306897e-05	cluster_0_1_mixed
218_R	0	4.128767364783636e-05	cluster_0_1_mixed
742_D	0	4.128074733520677e-05	cluster_0_1_mixed
645_I	0	4.1271003885195264e-05	cluster_0_1_mixed
834_I	0	4.125092622913607e-05	cluster_0_1_mixed
218_N	0	4.1245728876511964e-05	cluster_0_1_mixed
359_M	0	4.123236206661469e-05	cluster_0_1_mixed
776_N	0	4.1220414563143886e-05	cluster_0_1_mixed
440_D	0	4.1212048855442225e-05	cluster_0_1_mixed
738_Q	0	4.119379891212048e-05	cluster_0_1_mixed
434_A	0	4.1178834407608144e-05	cluster_0_1_mixed
743_E	0	4.1163056063599955e-05	cluster_0_1_mixed
636_R	0	4.111382688685093e-05	cluster_0_1_mixed
228_I	0	4.1053089954227926e-05	cluster_0_1_mixed
693_R	0	4.1044479416331634e-05	cluster_0_1_mixed
725_K	0	4.1022460356593484e-05	cluster_0_1_mixed
315_T	0	4.102141887834442e-05	cluster_0_1_mixed
674_N	0	4.0991271115401045e-05	cluster_0_1_mixed
552_K	0	4.098236647480922e-05	cluster_0_1_mixed
803_H	0	4.095657487823205e-05	cluster_0_1_mixed
179_T	0	4.0914766805329196e-05	cluster_0_1_mixed
587_L	0	4.090717935842963e-05	cluster_0_1_mixed
69_L	0	4.090382738556288e-05	cluster_0_1_mixed
481_G	0	4.090226131908441e-05	cluster_0_1_mixed
529_E	0	4.087566142994102e-05	cluster_0_1_mixed
603_M	0	4.0836990554024256e-05	cluster_0_1_mixed
884_I	0	4.083271906260964e-05	cluster_0_1_mixed
556_R	0	4.0828950585266585e-05	cluster_0_1_mixed
414_F	0	4.07885703218914e-05	cluster_0_1_mixed
635_G	0	4.07866011028946e-05	cluster_0_1_mixed
337_H	0	4.073475983103501e-05	cluster_0_1_mixed
333_V	0	4.073399007742569e-05	cluster_0_1_mixed
832_G	0	4.072633007428748e-05	cluster_0_1_mixed
715_T	0	4.072625704665701e-05	cluster_0_1_mixed
552_P	0	4.072475476326842e-05	cluster_0_1_mixed
633_V	0	4.062917017108786e-05	cluster_0_1_mixed
935_S	0	4.060876737993824e-05	cluster_0_1_mixed
409_S	0	4.057465953458577e-05	cluster_0_1_mixed
552_I	0	4.057030198608725e-05	cluster_0_1_mixed
224_S	0	4.0533164495407265e-05	cluster_0_1_mixed
226_P	0	4.050881572337499e-05	cluster_0_1_mixed
571_L	0	4.045652627181693e-05	cluster_0_1_mixed
581_H	0	4.0451913948180154e-05	cluster_0_1_mixed
646_E	0	4.034085317390472e-05	cluster_0_1_mixed
783_N	0	4.0321139359370414e-05	cluster_0_1_mixed
731_L	0	4.03089380001476e-05	cluster_0_1_mixed
485_D	0	4.0291566276017286e-05	cluster_0_1_mixed
487_G	0	4.025401453005042e-05	cluster_0_1_mixed
535_I	0	4.02214559193841e-05	cluster_0_1_mixed
412_R	0	4.016771786650701e-05	cluster_0_1_mixed
370_L	0	4.0165284655831715e-05	cluster_0_1_mixed
547_P	0	4.016342896835497e-05	cluster_0_1_mixed
572_Y	0	4.0160492781001065e-05	cluster_0_1_mixed
532_I	0	4.0153871799142385e-05	cluster_0_1_mixed
549_Q	0	4.013343431613311e-05	cluster_0_1_mixed
623_N	0	4.009468882108602e-05	cluster_0_1_mixed
468_N	0	4.0090233243830084e-05	cluster_0_1_mixed
430_I	0	4.003073426364043e-05	cluster_0_1_mixed
782_S	0	4.0003232101975595e-05	cluster_0_1_mixed
552_Q	0	3.9987296470219436e-05	cluster_0_1_mixed
522_F	0	3.9960536546287296e-05	cluster_0_1_mixed
530_K	0	3.9949114920131665e-05	cluster_0_1_mixed
700_S	0	3.991152180590096e-05	cluster_0_1_mixed
430_Q	0	3.989426232211885e-05	cluster_0_1_mixed
560_Y	0	3.988140064970053e-05	cluster_0_1_mixed
868_E	0	3.986374747406768e-05	cluster_0_1_mixed
771_Q	0	3.98578157195687e-05	cluster_0_1_mixed
569_Q	0	3.984881193627207e-05	cluster_0_1_mixed
360_H	0	3.983227363013282e-05	cluster_0_1_mixed
487_D	0	3.983072792528562e-05	cluster_0_1_mixed
644_Y	0	3.980704815873658e-05	cluster_0_1_mixed
618_P	0	3.980349050048027e-05	cluster_0_1_mixed
743_S	0	3.979123055619067e-05	cluster_0_1_mixed
848_N	0	3.977546300745733e-05	cluster_0_1_mixed
846_S	0	3.976455031101886e-05	cluster_0_1_mixed
771_I	0	3.9739275814532e-05	cluster_0_1_mixed
620_S	0	3.971532313345677e-05	cluster_0_1_mixed
936_Y	0	3.969759496078233e-05	cluster_0_1_mixed
931_K	0	3.9687372343091846e-05	cluster_0_1_mixed
777_N	0	3.966543355798338e-05	cluster_0_1_mixed
628_R	0	3.9661693769607726e-05	cluster_0_1_mixed
940_L	0	3.965330946820676e-05	cluster_0_1_mixed
344_A	0	3.964899854552727e-05	cluster_0_1_mixed
496_T	0	3.9642943345725094e-05	cluster_0_1_mixed
647_L	0	3.963017304790226e-05	cluster_0_1_mixed
331_Q	0	3.961719722853434e-05	cluster_0_1_mixed
685_R	0	3.961622569720799e-05	cluster_0_1_mixed
790_N	0	3.951532367686352e-05	cluster_0_1_mixed
386_V	0	3.95118493080394e-05	cluster_0_1_mixed
434_F	0	3.950639278483292e-05	cluster_0_1_mixed
487_Y	0	3.949242731020292e-05	cluster_0_1_mixed
491_E	0	3.9462803214410804e-05	cluster_0_1_mixed
396_W	0	3.942060722673281e-05	cluster_0_1_mixed
579_Y	0	3.941658691406852e-05	cluster_0_1_mixed
567_P	0	3.93989666236525e-05	cluster_0_1_mixed
463_D	0	3.9388150516042057e-05	cluster_0_1_mixed
588_E	0	3.937869809924628e-05	cluster_0_1_mixed
189_A	0	3.935425236862305e-05	cluster_0_1_mixed
415_T	0	3.933056243435762e-05	cluster_0_1_mixed
3_K	0	3.929964551231584e-05	cluster_0_1_mixed
684_T	0	3.925416345889738e-05	cluster_0_1_mixed
754_Q	0	3.925357967126948e-05	cluster_0_1_mixed
796_A	0	3.9226193040807176e-05	cluster_0_1_mixed
496_W	0	3.921102496833928e-05	cluster_0_1_mixed
182_G	0	3.917947552977028e-05	cluster_0_1_mixed
673_Q	0	3.917674689271039e-05	cluster_0_1_mixed
849_S	0	3.917646175182916e-05	cluster_0_1_mixed
320_P	0	3.916292069881706e-05	cluster_0_1_mixed
493_P	0	3.914746941867051e-05	cluster_0_1_mixed
172_A	0	3.912787185316154e-05	cluster_0_1_mixed
524_A	0	3.91257206781893e-05	cluster_0_1_mixed
186_E	0	3.907937961142248e-05	cluster_0_1_mixed
832_N	0	3.9061540827797766e-05	cluster_0_1_mixed
191_N	0	3.906077564130677e-05	cluster_0_1_mixed
916_M	0	3.904372559731026e-05	cluster_0_1_mixed
479_Y	0	3.903856402230076e-05	cluster_0_1_mixed
432_Q	0	3.899734270644844e-05	cluster_0_1_mixed
526_I	0	3.8989628696751935e-05	cluster_0_1_mixed
442_I	0	3.897197190792961e-05	cluster_0_1_mixed
689_F	0	3.8940274816979106e-05	cluster_0_1_mixed
730_H	0	3.8923823509864955e-05	cluster_0_1_mixed
672_L	0	3.891536679028706e-05	cluster_0_1_mixed
263_N	0	3.88873157741328e-05	cluster_0_1_mixed
343_V	0	3.887412303876643e-05	cluster_0_1_mixed
524_V	0	3.8871973549433447e-05	cluster_0_1_mixed
609_A	0	3.881722265063168e-05	cluster_0_1_mixed
548_D	0	3.8791788212071074e-05	cluster_0_1_mixed
535_P	0	3.87800137422641e-05	cluster_0_1_mixed
542_Y	0	3.8756103262945334e-05	cluster_0_1_mixed
495_N	0	3.871772051590962e-05	cluster_0_1_mixed
657_T	0	3.870843751197897e-05	cluster_0_1_mixed
700_M	0	3.867542883072221e-05	cluster_0_1_mixed
494_N	0	3.8657363340231247e-05	cluster_0_1_mixed
376_K	0	3.8653350954848134e-05	cluster_0_1_mixed
717_M	0	3.86258733493637e-05	cluster_0_1_mixed
534_F	0	3.8590322110746104e-05	cluster_0_1_mixed
550_Y	0	3.858951592372894e-05	cluster_0_1_mixed
639_H	0	3.858916410997494e-05	cluster_0_1_mixed
436_F	0	3.8576127472349135e-05	cluster_0_1_mixed
630_F	0	3.856072968724441e-05	cluster_0_1_mixed
430_L	0	3.85487311425594e-05	cluster_0_1_mixed
326_L	0	3.8489780479082605e-05	cluster_0_1_mixed
185_Q	0	3.848022175118778e-05	cluster_0_1_mixed
629_D	0	3.8426625716449616e-05	cluster_0_1_mixed
649_D	0	3.842297928500199e-05	cluster_0_1_mixed
629_K	0	3.842238845039288e-05	cluster_0_1_mixed
168_L	0	3.840340142023509e-05	cluster_0_1_mixed
433_S	0	3.8394439375503495e-05	cluster_0_1_mixed
528_L	0	3.837588999703105e-05	cluster_0_1_mixed
297_E	0	3.837231030813031e-05	cluster_0_1_mixed
606_Y	0	3.8366525232449945e-05	cluster_0_1_mixed
707_W	0	3.8350511752872945e-05	cluster_0_1_mixed
635_M	0	3.8348001414482104e-05	cluster_0_1_mixed
263_M	0	3.833186145510355e-05	cluster_0_1_mixed
494_A	0	3.824702505491249e-05	cluster_0_1_mixed
264_F	0	3.8243194063003636e-05	cluster_0_1_mixed
537_Y	0	3.816755693843885e-05	cluster_0_1_mixed
464_S	0	3.813909763352067e-05	cluster_0_1_mixed
699_Q	0	3.812222330509058e-05	cluster_0_1_mixed
682_T	0	3.811514581361045e-05	cluster_0_1_mixed
175_L	0	3.805732183277317e-05	cluster_0_1_mixed
921_H	0	3.805196910538489e-05	cluster_0_1_mixed
715_N	0	3.804707859410712e-05	cluster_0_1_mixed
2_M	0	3.803315320318151e-05	cluster_0_1_mixed
635_A	0	3.796145996185283e-05	cluster_0_1_mixed
355_H	0	3.791553757340189e-05	cluster_0_1_mixed
397_M	0	3.7909039477479885e-05	cluster_0_1_mixed
349_P	0	3.7868238190967706e-05	cluster_0_1_mixed
887_E	0	3.7854792521303636e-05	cluster_0_1_mixed
484_N	0	3.783940622500201e-05	cluster_0_1_mixed
728_L	0	3.782726559367066e-05	cluster_0_1_mixed
322_N	0	3.782045545021657e-05	cluster_0_1_mixed
564_D	0	3.777192001205631e-05	cluster_0_1_mixed
518_D	0	3.774611517329082e-05	cluster_0_1_mixed
347_Q	0	3.7734552182839155e-05	cluster_0_1_mixed
429_L	0	3.7676525518179025e-05	cluster_0_1_mixed
543_D	0	3.7673131957550155e-05	cluster_0_1_mixed
326_A	0	3.7670681001629596e-05	cluster_0_1_mixed
674_Y	0	3.7663142455613984e-05	cluster_0_1_mixed
840_I	0	3.764575342693868e-05	cluster_0_1_mixed
359_F	0	3.7638434815324006e-05	cluster_0_1_mixed
878_L	0	3.763811213113686e-05	cluster_0_1_mixed
410_T	0	3.7631684500301796e-05	cluster_0_1_mixed
401_C	0	3.762769568440889e-05	cluster_0_1_mixed
778_T	0	3.76095414321979e-05	cluster_0_1_mixed
563_Y	0	3.760334437725011e-05	cluster_0_1_mixed
816_R	0	3.7599907529532254e-05	cluster_0_1_mixed
703_S	0	3.757351579204288e-05	cluster_0_1_mixed
545_P	0	3.752514343516847e-05	cluster_0_1_mixed
647_Q	0	3.750963700994435e-05	cluster_0_1_mixed
531_D	0	3.749778091636077e-05	cluster_0_1_mixed
195_D	0	3.747539657212042e-05	cluster_0_1_mixed
563_F	0	3.7475180092988106e-05	cluster_0_1_mixed
546_L	0	3.7461661535749383e-05	cluster_0_1_mixed
339_Y	0	3.745894822101425e-05	cluster_0_1_mixed
576_P	0	3.744541561281511e-05	cluster_0_1_mixed
365_V	0	3.742690768920608e-05	cluster_0_1_mixed
303_M	0	3.736865484084529e-05	cluster_0_1_mixed
768_T	0	3.7363035651124036e-05	cluster_0_1_mixed
240_L	0	3.735516325087259e-05	cluster_0_1_mixed
483_T	0	3.73387077897185e-05	cluster_0_1_mixed
580_E	0	3.7318240001969115e-05	cluster_0_1_mixed
181_T	0	3.729379585338176e-05	cluster_0_1_mixed
487_N	0	3.72902928516548e-05	cluster_0_1_mixed
638_Y	0	3.72870841250419e-05	cluster_0_1_mixed
601_I	0	3.727975499323247e-05	cluster_0_1_mixed
197_Q	0	3.727414519409582e-05	cluster_0_1_mixed
427_N	0	3.7251313859266355e-05	cluster_0_1_mixed
413_G	0	3.72475846341076e-05	cluster_0_1_mixed
909_E	0	3.723729379522637e-05	cluster_0_1_mixed
312_G	0	3.722963342087973e-05	cluster_0_1_mixed
644_T	0	3.722751718576665e-05	cluster_0_1_mixed
564_P	0	3.720941256994941e-05	cluster_0_1_mixed
279_R	0	3.7198220013459876e-05	cluster_0_1_mixed
263_A	0	3.7197418698996186e-05	cluster_0_1_mixed
709_V	0	3.717896659288096e-05	cluster_0_1_mixed
889_N	0	3.717069461441993e-05	cluster_0_1_mixed
731_D	0	3.7162985073728955e-05	cluster_0_1_mixed
487_V	0	3.714644943027243e-05	cluster_0_1_mixed
684_A	0	3.7144845034397324e-05	cluster_0_1_mixed
416_V	0	3.713002122649866e-05	cluster_0_1_mixed
480_Q	0	3.711738117369177e-05	cluster_0_1_mixed
915_W	0	3.711393318797598e-05	cluster_0_1_mixed
437_N	0	3.7106885300353114e-05	cluster_0_1_mixed
266_Y	0	3.709146588909877e-05	cluster_0_1_mixed
620_Y	0	3.708643727831951e-05	cluster_0_1_mixed
434_I	0	3.707392064269658e-05	cluster_0_1_mixed
667_G	0	3.7066436748258294e-05	cluster_0_1_mixed
413_Q	0	3.7036963988787926e-05	cluster_0_1_mixed
368_V	0	3.703491730643657e-05	cluster_0_1_mixed
315_G	0	3.701431953450863e-05	cluster_0_1_mixed
341_D	0	3.699775106281379e-05	cluster_0_1_mixed
251_I	0	3.699162044580432e-05	cluster_0_1_mixed
544_D	0	3.698071169011618e-05	cluster_0_1_mixed
371_E	0	3.6976253730332975e-05	cluster_0_1_mixed
488_N	0	3.697374446439859e-05	cluster_0_1_mixed
867_Q	0	3.69713514118384e-05	cluster_0_1_mixed
328_E	0	3.6955653828772964e-05	cluster_0_1_mixed
317_T	0	3.6916735635488875e-05	cluster_0_1_mixed
344_N	0	3.6902745819809726e-05	cluster_0_1_mixed
449_P	0	3.68951711993938e-05	cluster_0_1_mixed
488_A	0	3.688886837046013e-05	cluster_0_1_mixed
567_L	0	3.6869214961975516e-05	cluster_0_1_mixed
489_V	0	3.6839160513691596e-05	cluster_0_1_mixed
805_Q	0	3.6836439026682167e-05	cluster_0_1_mixed
295_F	0	3.6790403128547774e-05	cluster_0_1_mixed
592_I	0	3.678136918477816e-05	cluster_0_1_mixed
486_E	0	3.674931965274339e-05	cluster_0_1_mixed
524_K	0	3.6725972612122024e-05	cluster_0_1_mixed
413_C	0	3.672458787428391e-05	cluster_0_1_mixed
687_Y	0	3.671851895652089e-05	cluster_0_1_mixed
351_H	0	3.662685598709018e-05	cluster_0_1_mixed
222_C	0	3.6570516741305816e-05	cluster_0_1_mixed
520_I	0	3.652604204288515e-05	cluster_0_1_mixed
686_S	0	3.650438315855069e-05	cluster_0_1_mixed
434_P	0	3.649936933609186e-05	cluster_0_1_mixed
932_K	0	3.6499085311640304e-05	cluster_0_1_mixed
582_K	0	3.64965217817682e-05	cluster_0_1_mixed
552_H	0	3.648320545262008e-05	cluster_0_1_mixed
561_L	0	3.647758619905257e-05	cluster_0_1_mixed
871_N	0	3.646695285284329e-05	cluster_0_1_mixed
195_V	0	3.644764133986866e-05	cluster_0_1_mixed
568_E	0	3.640441271426836e-05	cluster_0_1_mixed
546_D	0	3.6361894357392764e-05	cluster_0_1_mixed
203_H	0	3.635577798874428e-05	cluster_0_1_mixed
664_Q	0	3.632311356460698e-05	cluster_0_1_mixed
435_P	0	3.6310248692983995e-05	cluster_0_1_mixed
413_D	0	3.6290449542190406e-05	cluster_0_1_mixed
214_R	0	3.6285161851113006e-05	cluster_0_1_mixed
871_K	0	3.624474653438474e-05	cluster_0_1_mixed
548_F	0	3.621682999460609e-05	cluster_0_1_mixed
897_D	0	3.6201953106572555e-05	cluster_0_1_mixed
381_N	0	3.6191913173921353e-05	cluster_0_1_mixed
422_I	0	3.617957632992526e-05	cluster_0_1_mixed
397_R	0	3.6161692233064376e-05	cluster_0_1_mixed
300_T	0	3.6154546332963766e-05	cluster_0_1_mixed
535_R	0	3.6140544027904455e-05	cluster_0_1_mixed
527_W	0	3.613925627474369e-05	cluster_0_1_mixed
689_I	0	3.610972982832748e-05	cluster_0_1_mixed
328_K	0	3.610325733034617e-05	cluster_0_1_mixed
488_S	0	3.6088243987113435e-05	cluster_0_1_mixed
426_N	0	3.600467578243196e-05	cluster_0_1_mixed
772_V	0	3.59792057586146e-05	cluster_0_1_mixed
323_T	0	3.5976542020298337e-05	cluster_0_1_mixed
328_G	0	3.596347367103395e-05	cluster_0_1_mixed
366_T	0	3.593549445124002e-05	cluster_0_1_mixed
811_D	0	3.59279244955965e-05	cluster_0_1_mixed
373_L	0	3.589812308311772e-05	cluster_0_1_mixed
905_K	0	3.5874115658357175e-05	cluster_0_1_mixed
789_V	0	3.587090264137743e-05	cluster_0_1_mixed
914_D	0	3.5865140672419456e-05	cluster_0_1_mixed
551_V	0	3.582285314819803e-05	cluster_0_1_mixed
691_T	0	3.581668841454298e-05	cluster_0_1_mixed
567_H	0	3.578892413380848e-05	cluster_0_1_mixed
936_T	0	3.5785700908872165e-05	cluster_0_1_mixed
639_S	0	3.573530326883533e-05	cluster_0_1_mixed
673_E	0	3.572671487467992e-05	cluster_0_1_mixed
561_I	0	3.5715170188207656e-05	cluster_0_1_mixed
366_Q	0	3.5697143481339136e-05	cluster_0_1_mixed
412_T	0	3.568816845620302e-05	cluster_0_1_mixed
458_A	0	3.567839193500087e-05	cluster_0_1_mixed
631_R	0	3.562879698042721e-05	cluster_0_1_mixed
622_N	0	3.5627998368669186e-05	cluster_0_1_mixed
340_Y	0	3.562784478473357e-05	cluster_0_1_mixed
174_N	0	3.5609721152517515e-05	cluster_0_1_mixed
185_I	0	3.5608560162715985e-05	cluster_0_1_mixed
484_D	0	3.558448283833957e-05	cluster_0_1_mixed
540_P	0	3.5499130363867176e-05	cluster_0_1_mixed
877_K	0	3.545356486502562e-05	cluster_0_1_mixed
496_L	0	3.53986891437914e-05	cluster_0_1_mixed
743_A	0	3.5368959366058665e-05	cluster_0_1_mixed
569_R	0	3.5343099685269097e-05	cluster_0_1_mixed
396_S	0	3.52537184652845e-05	cluster_0_1_mixed
525_N	0	3.522154711451077e-05	cluster_0_1_mixed
597_M	0	3.516734814210469e-05	cluster_0_1_mixed
454_T	0	3.51580425160692e-05	cluster_0_1_mixed
523_Q	0	3.515174121186321e-05	cluster_0_1_mixed
476_V	0	3.514154280010796e-05	cluster_0_1_mixed
220_M	0	3.513152811976797e-05	cluster_0_1_mixed
378_W	0	3.5071967022117855e-05	cluster_0_1_mixed
330_N	0	3.5049586782549365e-05	cluster_0_1_mixed
664_A	0	3.50457865568838e-05	cluster_0_1_mixed
372_H	0	3.4981207675433365e-05	cluster_0_1_mixed
520_D	0	3.489043024500128e-05	cluster_0_1_mixed
469_G	0	3.488763407341255e-05	cluster_0_1_mixed
425_N	0	3.486004794304041e-05	cluster_0_1_mixed
392_V	0	3.481393022569554e-05	cluster_0_1_mixed
633_C	0	3.480735312566595e-05	cluster_0_1_mixed
463_A	0	3.48023167539071e-05	cluster_0_1_mixed
493_I	0	3.480216688894257e-05	cluster_0_1_mixed
479_H	0	3.4793331712157075e-05	cluster_0_1_mixed
794_T	0	3.4777692675786706e-05	cluster_0_1_mixed
580_Y	0	3.477478327033837e-05	cluster_0_1_mixed
925_S	0	3.475473888206188e-05	cluster_0_1_mixed
610_E	0	3.474466681682252e-05	cluster_0_1_mixed
923_N	0	3.467248629902823e-05	cluster_0_1_mixed
370_N	0	3.465980000816638e-05	cluster_0_1_mixed
430_G	0	3.464820294897952e-05	cluster_0_1_mixed
537_I	0	3.462403363417511e-05	cluster_0_1_mixed
804_S	0	3.4574628464824464e-05	cluster_0_1_mixed
525_V	0	3.456855735564973e-05	cluster_0_1_mixed
539_Y	0	3.4558973267747655e-05	cluster_0_1_mixed
487_F	0	3.454961334425153e-05	cluster_0_1_mixed
541_V	0	3.453918475593224e-05	cluster_0_1_mixed
193_L	0	3.4530477785692e-05	cluster_0_1_mixed
871_T	0	3.4487152309748815e-05	cluster_0_1_mixed
571_I	0	3.4466395684603164e-05	cluster_0_1_mixed
853_R	0	3.4452191907920485e-05	cluster_0_1_mixed
521_L	0	3.443501518344265e-05	cluster_0_1_mixed
545_H	0	3.441781855969031e-05	cluster_0_1_mixed
544_M	0	3.44131447271582e-05	cluster_0_1_mixed
556_K	0	3.440707227406987e-05	cluster_0_1_mixed
386_M	0	3.440272347051213e-05	cluster_0_1_mixed
490_A	0	3.4394845547419255e-05	cluster_0_1_mixed
783_Q	0	3.439052416195285e-05	cluster_0_1_mixed
568_I	0	3.4361731899502516e-05	cluster_0_1_mixed
691_I	0	3.4357481438913716e-05	cluster_0_1_mixed
916_G	0	3.435434485264625e-05	cluster_0_1_mixed
436_S	0	3.434985482763998e-05	cluster_0_1_mixed
494_Q	0	3.43488521153247e-05	cluster_0_1_mixed
489_N	0	3.433486081115598e-05	cluster_0_1_mixed
851_P	0	3.4330837817984814e-05	cluster_0_1_mixed
321_D	0	3.432684872987165e-05	cluster_0_1_mixed
530_D	0	3.432588782177356e-05	cluster_0_1_mixed
334_P	0	3.430648791171438e-05	cluster_0_1_mixed
325_A	0	3.430243604933545e-05	cluster_0_1_mixed
851_E	0	3.4294268618977885e-05	cluster_0_1_mixed
246_E	0	3.42822046679482e-05	cluster_0_1_mixed
330_D	0	3.4210016814706595e-05	cluster_0_1_mixed
421_S	0	3.4204093715057016e-05	cluster_0_1_mixed
363_Q	0	3.419236267333614e-05	cluster_0_1_mixed
532_D	0	3.4180722838501906e-05	cluster_0_1_mixed
396_H	0	3.4159037342530255e-05	cluster_0_1_mixed
439_W	0	3.4154166522596085e-05	cluster_0_1_mixed
519_A	0	3.415361665121861e-05	cluster_0_1_mixed
781_V	0	3.4137859719563066e-05	cluster_0_1_mixed
638_T	0	3.4114284290587774e-05	cluster_0_1_mixed
571_H	0	3.4110428348350954e-05	cluster_0_1_mixed
834_Q	0	3.411010906340117e-05	cluster_0_1_mixed
777_D	0	3.41074589345509e-05	cluster_0_1_mixed
550_V	0	3.409756029493134e-05	cluster_0_1_mixed
185_N	0	3.4073681608932846e-05	cluster_0_1_mixed
715_L	0	3.4063454119759946e-05	cluster_0_1_mixed
844_L	0	3.40256949837874e-05	cluster_0_1_mixed
491_L	0	3.397931495055534e-05	cluster_0_1_mixed
372_N	0	3.39368002422312e-05	cluster_0_1_mixed
216_F	0	3.393125246560902e-05	cluster_0_1_mixed
462_T	0	3.387903154926573e-05	cluster_0_1_mixed
767_L	0	3.386582982953162e-05	cluster_0_1_mixed
258_C	0	3.386389631356349e-05	cluster_0_1_mixed
306_V	0	3.386344912243604e-05	cluster_0_1_mixed
547_F	0	3.381721449103815e-05	cluster_0_1_mixed
382_V	0	3.381628330296772e-05	cluster_0_1_mixed
315_A	0	3.378735366590667e-05	cluster_0_1_mixed
299_P	0	3.376840023983993e-05	cluster_0_1_mixed
213_A	0	3.376205995076621e-05	cluster_0_1_mixed
192_T	0	3.3743987862398835e-05	cluster_0_1_mixed
436_T	0	3.3718421328434006e-05	cluster_0_1_mixed
553_P	0	3.371798254862403e-05	cluster_0_1_mixed
577_Q	0	3.367612521490382e-05	cluster_0_1_mixed
572_V	0	3.3672583130999765e-05	cluster_0_1_mixed
676_A	0	3.365895569818341e-05	cluster_0_1_mixed
280_S	0	3.364235287009118e-05	cluster_0_1_mixed
610_R	0	3.363965334862719e-05	cluster_0_1_mixed
9_D	0	3.359994232645236e-05	cluster_0_1_mixed
575_P	0	3.359319050397436e-05	cluster_0_1_mixed
299_A	0	3.357037504282444e-05	cluster_0_1_mixed
918_T	0	3.3560245241370875e-05	cluster_0_1_mixed
536_H	0	3.3555749554743184e-05	cluster_0_1_mixed
198_L	0	3.35490590473598e-05	cluster_0_1_mixed
817_V	0	3.3511865764517855e-05	cluster_0_1_mixed
658_G	0	3.349109122865037e-05	cluster_0_1_mixed
368_F	0	3.3489759208774445e-05	cluster_0_1_mixed
520_Q	0	3.347476449582566e-05	cluster_0_1_mixed
848_F	0	3.3471028085492284e-05	cluster_0_1_mixed
264_Q	0	3.346496627974908e-05	cluster_0_1_mixed
489_G	0	3.343733022511775e-05	cluster_0_1_mixed
462_A	0	3.342955830639151e-05	cluster_0_1_mixed
731_T	0	3.342121282894326e-05	cluster_0_1_mixed
191_G	0	3.339527882371702e-05	cluster_0_1_mixed
568_Y	0	3.339085911824618e-05	cluster_0_1_mixed
570_F	0	3.331261152866526e-05	cluster_0_1_mixed
575_E	0	3.3296776391743364e-05	cluster_0_1_mixed
822_A	0	3.3295912066050755e-05	cluster_0_1_mixed
483_K	0	3.328370780340746e-05	cluster_0_1_mixed
729_L	0	3.328040491338558e-05	cluster_0_1_mixed
252_T	0	3.32580157799212e-05	cluster_0_1_mixed
679_Q	0	3.3234506101130704e-05	cluster_0_1_mixed
443_M	0	3.3227531025095416e-05	cluster_0_1_mixed
525_Q	0	3.321543108713334e-05	cluster_0_1_mixed
900_A	0	3.321181457561632e-05	cluster_0_1_mixed
860_F	0	3.3205768376640924e-05	cluster_0_1_mixed
376_Q	0	3.316716762450962e-05	cluster_0_1_mixed
738_H	0	3.3153983390166694e-05	cluster_0_1_mixed
416_N	0	3.3124541562969576e-05	cluster_0_1_mixed
521_E	0	3.3099994183083666e-05	cluster_0_1_mixed
914_A	0	3.3084061539924934e-05	cluster_0_1_mixed
816_S	0	3.307160496464773e-05	cluster_0_1_mixed
440_F	0	3.306400449870632e-05	cluster_0_1_mixed
171_M	0	3.305005748815393e-05	cluster_0_1_mixed
327_M	0	3.304005098310471e-05	cluster_0_1_mixed
386_N	0	3.3021230939910615e-05	cluster_0_1_mixed
184_R	0	3.3009961712964265e-05	cluster_0_1_mixed
602_M	0	3.295918628672112e-05	cluster_0_1_mixed
567_I	0	3.295388531847839e-05	cluster_0_1_mixed
417_V	0	3.2952399535118794e-05	cluster_0_1_mixed
688_T	0	3.295216591997543e-05	cluster_0_1_mixed
493_S	0	3.291008049114507e-05	cluster_0_1_mixed
876_T	0	3.2906399045216575e-05	cluster_0_1_mixed
574_P	0	3.284761823955836e-05	cluster_0_1_mixed
559_W	0	3.2828446342017015e-05	cluster_0_1_mixed
886_D	0	3.28190114547599e-05	cluster_0_1_mixed
734_N	0	3.2811191508327725e-05	cluster_0_1_mixed
557_W	0	3.2749794459915085e-05	cluster_0_1_mixed
928_R	0	3.270954892232184e-05	cluster_0_1_mixed
542_Q	0	3.270287524003956e-05	cluster_0_1_mixed
723_S	0	3.2698671649732174e-05	cluster_0_1_mixed
464_A	0	3.267577757862332e-05	cluster_0_1_mixed
389_F	0	3.266491193939946e-05	cluster_0_1_mixed
887_S	0	3.2632009686434274e-05	cluster_0_1_mixed
530_Y	0	3.2630129934995344e-05	cluster_0_1_mixed
335_Q	0	3.2625766988550905e-05	cluster_0_1_mixed
438_K	0	3.262433281962692e-05	cluster_0_1_mixed
565_R	0	3.2577551654486594e-05	cluster_0_1_mixed
527_I	0	3.2572653554500624e-05	cluster_0_1_mixed
223_G	0	3.256484758898603e-05	cluster_0_1_mixed
676_V	0	3.255704567199737e-05	cluster_0_1_mixed
912_C	0	3.252880615266627e-05	cluster_0_1_mixed
553_E	0	3.251607504751349e-05	cluster_0_1_mixed
868_D	0	3.248669512031136e-05	cluster_0_1_mixed
440_A	0	3.248090779807978e-05	cluster_0_1_mixed
800_A	0	3.247552656146328e-05	cluster_0_1_mixed
550_P	0	3.247342831401842e-05	cluster_0_1_mixed
739_K	0	3.246767212743864e-05	cluster_0_1_mixed
366_N	0	3.2448376867475634e-05	cluster_0_1_mixed
327_T	0	3.244003590179314e-05	cluster_0_1_mixed
317_K	0	3.24317279930192e-05	cluster_0_1_mixed
690_I	0	3.2422700483282174e-05	cluster_0_1_mixed
341_N	0	3.241603999436562e-05	cluster_0_1_mixed
302_Q	0	3.240814813710169e-05	cluster_0_1_mixed
213_L	0	3.237799885904617e-05	cluster_0_1_mixed
893_S	0	3.2374049422942266e-05	cluster_0_1_mixed
530_Q	0	3.237401368631968e-05	cluster_0_1_mixed
569_M	0	3.236826530641818e-05	cluster_0_1_mixed
564_E	0	3.236561189808064e-05	cluster_0_1_mixed
372_D	0	3.2350274092585604e-05	cluster_0_1_mixed
559_Y	0	3.228106137460017e-05	cluster_0_1_mixed
425_Q	0	3.2279010041142506e-05	cluster_0_1_mixed
783_G	0	3.218675745981231e-05	cluster_0_1_mixed
563_E	0	3.2180394551759327e-05	cluster_0_1_mixed
688_L	0	3.217816453922192e-05	cluster_0_1_mixed
492_T	0	3.215774129181974e-05	cluster_0_1_mixed
867_P	0	3.215411635138221e-05	cluster_0_1_mixed
742_E	0	3.214063757848341e-05	cluster_0_1_mixed
531_K	0	3.213088400215203e-05	cluster_0_1_mixed
481_R	0	3.212611650235509e-05	cluster_0_1_mixed
543_Q	0	3.205164499021182e-05	cluster_0_1_mixed
174_F	0	3.2046196661142786e-05	cluster_0_1_mixed
199_K	0	3.2041751150921296e-05	cluster_0_1_mixed
567_Q	0	3.2039618487708e-05	cluster_0_1_mixed
770_S	0	3.201382305418282e-05	cluster_0_1_mixed
424_P	0	3.2008914822273526e-05	cluster_0_1_mixed
178_Q	0	3.198148781286443e-05	cluster_0_1_mixed
655_T	0	3.197075122281585e-05	cluster_0_1_mixed
570_D	0	3.196928818705865e-05	cluster_0_1_mixed
698_A	0	3.1955919799912574e-05	cluster_0_1_mixed
934_G	0	3.194937418307554e-05	cluster_0_1_mixed
520_P	0	3.18756884659308e-05	cluster_0_1_mixed
241_D	0	3.1842805217861624e-05	cluster_0_1_mixed
883_L	0	3.183541751823234e-05	cluster_0_1_mixed
376_R	0	3.182246850645081e-05	cluster_0_1_mixed
543_R	0	3.180063138778459e-05	cluster_0_1_mixed
555_R	0	3.1775060249742403e-05	cluster_0_1_mixed
680_E	0	3.176853911355236e-05	cluster_0_1_mixed
871_D	0	3.174627722519183e-05	cluster_0_1_mixed
872_Q	0	3.173986279507085e-05	cluster_0_1_mixed
562_R	0	3.172718544966693e-05	cluster_0_1_mixed
484_F	0	3.172651330001356e-05	cluster_0_1_mixed
444_F	0	3.171983368257245e-05	cluster_0_1_mixed
345_F	0	3.167959712264941e-05	cluster_0_1_mixed
726_W	0	3.167473705805585e-05	cluster_0_1_mixed
318_D	0	3.1659767210257614e-05	cluster_0_1_mixed
685_V	0	3.1657988960448214e-05	cluster_0_1_mixed
62_L	0	3.163866047996668e-05	cluster_0_1_mixed
531_P	0	3.1619042703458774e-05	cluster_0_1_mixed
202_A	0	3.1609038713454346e-05	cluster_0_1_mixed
185_H	0	3.154736478305651e-05	cluster_0_1_mixed
303_N	0	3.15270625521049e-05	cluster_0_1_mixed
575_A	0	3.151610045798982e-05	cluster_0_1_mixed
318_G	0	3.151413021796349e-05	cluster_0_1_mixed
610_S	0	3.1489990652305444e-05	cluster_0_1_mixed
827_D	0	3.147659934770891e-05	cluster_0_1_mixed
873_S	0	3.147320271167667e-05	cluster_0_1_mixed
910_M	0	3.146828466051771e-05	cluster_0_1_mixed
486_A	0	3.145752810820933e-05	cluster_0_1_mixed
390_G	0	3.1446389090390316e-05	cluster_0_1_mixed
198_V	0	3.143265791712821e-05	cluster_0_1_mixed
568_P	0	3.141786778234237e-05	cluster_0_1_mixed
477_R	0	3.141614012540761e-05	cluster_0_1_mixed
873_V	0	3.138529495331735e-05	cluster_0_1_mixed
360_G	0	3.135830043410532e-05	cluster_0_1_mixed
878_I	0	3.135139477475197e-05	cluster_0_1_mixed
802_I	0	3.1350839029714985e-05	cluster_0_1_mixed
806_P	0	3.134009987100087e-05	cluster_0_1_mixed
635_T	0	3.1329219258951765e-05	cluster_0_1_mixed
737_A	0	3.130593093296711e-05	cluster_0_1_mixed
700_A	0	3.130480545033838e-05	cluster_0_1_mixed
634_V	0	3.128440080413189e-05	cluster_0_1_mixed
654_Q	0	3.127968613849753e-05	cluster_0_1_mixed
564_F	0	3.1257511517544544e-05	cluster_0_1_mixed
532_F	0	3.1253205210587496e-05	cluster_0_1_mixed
666_N	0	3.125311493103066e-05	cluster_0_1_mixed
836_L	0	3.123489441539235e-05	cluster_0_1_mixed
173_K	0	3.12004791239955e-05	cluster_0_1_mixed
555_W	0	3.116249946848123e-05	cluster_0_1_mixed
332_L	0	3.115334282768707e-05	cluster_0_1_mixed
367_N	0	3.1137910571426024e-05	cluster_0_1_mixed
380_I	0	3.1127129507095215e-05	cluster_0_1_mixed
280_H	0	3.1125165037702205e-05	cluster_0_1_mixed
180_Q	0	3.111945135549637e-05	cluster_0_1_mixed
564_R	0	3.1071707536725085e-05	cluster_0_1_mixed
562_M	0	3.104838444895113e-05	cluster_0_1_mixed
376_L	0	3.1026912547141324e-05	cluster_0_1_mixed
342_P	0	3.102635775028098e-05	cluster_0_1_mixed
184_L	0	3.1012298586434786e-05	cluster_0_1_mixed
492_E	0	3.0996730466031974e-05	cluster_0_1_mixed
637_P	0	3.0983438515631465e-05	cluster_0_1_mixed
345_S	0	3.095814914089716e-05	cluster_0_1_mixed
359_P	0	3.095291992448624e-05	cluster_0_1_mixed
483_F	0	3.094410318869549e-05	cluster_0_1_mixed
189_F	0	3.0902540489494926e-05	cluster_0_1_mixed
867_E	0	3.087273548424937e-05	cluster_0_1_mixed
569_Y	0	3.0862851737654293e-05	cluster_0_1_mixed
696_Q	0	3.0862402415364334e-05	cluster_0_1_mixed
493_D	0	3.085566694762321e-05	cluster_0_1_mixed
523_K	0	3.083014586666754e-05	cluster_0_1_mixed
521_N	0	3.082222174254648e-05	cluster_0_1_mixed
371_D	0	3.0818894848960226e-05	cluster_0_1_mixed
326_P	0	3.079159493877643e-05	cluster_0_1_mixed
570_K	0	3.0786350289442715e-05	cluster_0_1_mixed
668_V	0	3.0780190961459956e-05	cluster_0_1_mixed
319_L	0	3.075862333083149e-05	cluster_0_1_mixed
248_I	0	3.071764445501703e-05	cluster_0_1_mixed
779_S	0	3.0705533894013734e-05	cluster_0_1_mixed
186_G	0	3.0676402778443386e-05	cluster_0_1_mixed
543_F	0	3.066972219944139e-05	cluster_0_1_mixed
927_V	0	3.060631270574481e-05	cluster_0_1_mixed
354_E	0	3.058037944202431e-05	cluster_0_1_mixed
333_F	0	3.058011659254497e-05	cluster_0_1_mixed
623_R	0	3.056931955656139e-05	cluster_0_1_mixed
175_M	0	3.05587316236821e-05	cluster_0_1_mixed
87_E	0	3.0555853370164424e-05	cluster_0_1_mixed
517_N	0	3.053706267805334e-05	cluster_0_1_mixed
355_K	0	3.052824979466149e-05	cluster_0_1_mixed
875_A	0	3.052097993799951e-05	cluster_0_1_mixed
204_A	0	3.0514689073002305e-05	cluster_0_1_mixed
224_W	0	3.0500406263749543e-05	cluster_0_1_mixed
798_T	0	3.0491992298674836e-05	cluster_0_1_mixed
707_H	0	3.0474836976420872e-05	cluster_0_1_mixed
623_Q	0	3.0461365839161653e-05	cluster_0_1_mixed
276_I	0	3.0458648251076342e-05	cluster_0_1_mixed
848_I	0	3.0453216593981013e-05	cluster_0_1_mixed
930_A	0	3.044941599477211e-05	cluster_0_1_mixed
538_Q	0	3.0437002861760247e-05	cluster_0_1_mixed
527_V	0	3.039867778897782e-05	cluster_0_1_mixed
207_N	0	3.0356779648924233e-05	cluster_0_1_mixed
182_V	0	3.0355501771823022e-05	cluster_0_1_mixed
241_H	0	3.03468997619214e-05	cluster_0_1_mixed
662_A	0	3.032143823845689e-05	cluster_0_1_mixed
564_I	0	3.031124277962759e-05	cluster_0_1_mixed
628_A	0	3.0309833994299657e-05	cluster_0_1_mixed
421_A	0	3.029859060626372e-05	cluster_0_1_mixed
177_R	0	3.0269804260285426e-05	cluster_0_1_mixed
565_H	0	3.026809716830092e-05	cluster_0_1_mixed
605_A	0	3.0260022251822738e-05	cluster_0_1_mixed
485_N	0	3.0251412245442094e-05	cluster_0_1_mixed
486_Q	0	3.0233362477004955e-05	cluster_0_1_mixed
858_Q	0	3.0231567960343797e-05	cluster_0_1_mixed
801_D	0	3.0214666652427576e-05	cluster_0_1_mixed
551_E	0	3.021155318131231e-05	cluster_0_1_mixed
425_S	0	3.020436369953191e-05	cluster_0_1_mixed
922_H	0	3.016630285106256e-05	cluster_0_1_mixed
595_T	0	3.014679671201177e-05	cluster_0_1_mixed
658_Q	0	3.0115462522625853e-05	cluster_0_1_mixed
423_Y	0	3.007871575325218e-05	cluster_0_1_mixed
175_K	0	3.0024066293089635e-05	cluster_0_1_mixed
195_N	0	3.0013066663384308e-05	cluster_0_1_mixed
532_K	0	2.994680366933759e-05	cluster_0_1_mixed
319_E	0	2.991497631905552e-05	cluster_0_1_mixed
784_I	0	2.9892369777836126e-05	cluster_0_1_mixed
667_Q	0	2.9892066813200918e-05	cluster_0_1_mixed
178_V	0	2.986702494874588e-05	cluster_0_1_mixed
475_F	0	2.9837523729344563e-05	cluster_0_1_mixed
408_M	0	2.9807488469455362e-05	cluster_0_1_mixed
578_S	0	2.979852402507483e-05	cluster_0_1_mixed
210_L	0	2.9787558868221457e-05	cluster_0_1_mixed
540_Y	0	2.978610082900607e-05	cluster_0_1_mixed
414_E	0	2.977322383314577e-05	cluster_0_1_mixed
780_Y	0	2.9758101664959056e-05	cluster_0_1_mixed
437_S	0	2.975671663734383e-05	cluster_0_1_mixed
520_N	0	2.974411590105286e-05	cluster_0_1_mixed
579_L	0	2.9723637379467622e-05	cluster_0_1_mixed
853_T	0	2.9717039800040735e-05	cluster_0_1_mixed
263_E	0	2.9716915812596566e-05	cluster_0_1_mixed
330_A	0	2.9716665201733904e-05	cluster_0_1_mixed
858_I	0	2.971160635087594e-05	cluster_0_1_mixed
302_L	0	2.9678865365012097e-05	cluster_0_1_mixed
782_L	0	2.967307222432101e-05	cluster_0_1_mixed
333_D	0	2.9672925262043036e-05	cluster_0_1_mixed
412_P	0	2.9657503864512207e-05	cluster_0_1_mixed
438_Y	0	2.9643056530449573e-05	cluster_0_1_mixed
793_P	0	2.9640289009111914e-05	cluster_0_1_mixed
438_I	0	2.9639193994101485e-05	cluster_0_1_mixed
518_N	0	2.963734295598774e-05	cluster_0_1_mixed
559_Q	0	2.9595795472430524e-05	cluster_0_1_mixed
687_M	0	2.9556924988737487e-05	cluster_0_1_mixed
350_F	0	2.9552644975589048e-05	cluster_0_1_mixed
441_P	0	2.9541356594798856e-05	cluster_0_1_mixed
365_P	0	2.9541018978060057e-05	cluster_0_1_mixed
736_M	0	2.9515809133121484e-05	cluster_0_1_mixed
329_G	0	2.9504826864291163e-05	cluster_0_1_mixed
296_P	0	2.9502644803603404e-05	cluster_0_1_mixed
349_K	0	2.948842757122745e-05	cluster_0_1_mixed
535_M	0	2.9475238423461097e-05	cluster_0_1_mixed
409_E	0	2.9466009710851866e-05	cluster_0_1_mixed
334_D	0	2.9456432841849044e-05	cluster_0_1_mixed
329_F	0	2.9450571353817557e-05	cluster_0_1_mixed
674_V	0	2.938750559080614e-05	cluster_0_1_mixed
537_P	0	2.9379309152038585e-05	cluster_0_1_mixed
662_Q	0	2.9378704935030964e-05	cluster_0_1_mixed
441_I	0	2.9378376437569625e-05	cluster_0_1_mixed
423_I	0	2.937171176599635e-05	cluster_0_1_mixed
426_T	0	2.93487886812829e-05	cluster_0_1_mixed
815_H	0	2.9346976306667882e-05	cluster_0_1_mixed
685_S	0	2.9344093873627624e-05	cluster_0_1_mixed
695_T	0	2.9329888863866842e-05	cluster_0_1_mixed
830_S	0	2.9314588843235955e-05	cluster_0_1_mixed
480_I	0	2.929599720351922e-05	cluster_0_1_mixed
114_P	0	2.9272129759041653e-05	cluster_0_1_mixed
845_Y	0	2.9257418918153362e-05	cluster_0_1_mixed
265_T	0	2.9246239254106426e-05	cluster_0_1_mixed
722_T	0	2.9209578260026086e-05	cluster_0_1_mixed
731_I	0	2.920298099020854e-05	cluster_0_1_mixed
547_R	0	2.9202578389068494e-05	cluster_0_1_mixed
611_Q	0	2.9187774640999943e-05	cluster_0_1_mixed
416_I	0	2.918237460532825e-05	cluster_0_1_mixed
463_S	0	2.9171388772062617e-05	cluster_0_1_mixed
729_F	0	2.915207079068204e-05	cluster_0_1_mixed
105_G	0	2.9142389233367078e-05	cluster_0_1_mixed
378_Q	0	2.9140337945162748e-05	cluster_0_1_mixed
550_F	0	2.9137702232304345e-05	cluster_0_1_mixed
346_A	0	2.909606877897379e-05	cluster_0_1_mixed
485_Q	0	2.909183023344255e-05	cluster_0_1_mixed
178_Y	0	2.9083544713191412e-05	cluster_0_1_mixed
668_L	0	2.9033231058083116e-05	cluster_0_1_mixed
488_V	0	2.9020823627241204e-05	cluster_0_1_mixed
727_A	0	2.9015324172290258e-05	cluster_0_1_mixed
548_Y	0	2.9011411576411143e-05	cluster_0_1_mixed
937_F	0	2.897680980164301e-05	cluster_0_1_mixed
693_D	0	2.8948911799424437e-05	cluster_0_1_mixed
201_A	0	2.8948578507243616e-05	cluster_0_1_mixed
16_K	0	2.893672704604023e-05	cluster_0_1_mixed
557_Y	0	2.892635650028338e-05	cluster_0_1_mixed
760_K	0	2.8921409480621207e-05	cluster_0_1_mixed
344_V	0	2.891584958084702e-05	cluster_0_1_mixed
854_Q	0	2.890849333511274e-05	cluster_0_1_mixed
524_P	0	2.8897142940716912e-05	cluster_0_1_mixed
899_S	0	2.889458601079887e-05	cluster_0_1_mixed
714_L	0	2.8836981538824302e-05	cluster_0_1_mixed
385_L	0	2.883346493063404e-05	cluster_0_1_mixed
526_R	0	2.8824622523107428e-05	cluster_0_1_mixed
446_H	0	2.8822916722743858e-05	cluster_0_1_mixed
390_R	0	2.880025045884823e-05	cluster_0_1_mixed
186_H	0	2.8796029708595244e-05	cluster_0_1_mixed
323_V	0	2.8773404171503462e-05	cluster_0_1_mixed
341_L	0	2.8693624832164315e-05	cluster_0_1_mixed
736_L	0	2.8685904840542297e-05	cluster_0_1_mixed
371_N	0	2.865739459312553e-05	cluster_0_1_mixed
420_L	0	2.8598776785790804e-05	cluster_0_1_mixed
433_V	0	2.8575870475042487e-05	cluster_0_1_mixed
211_G	0	2.856795216950166e-05	cluster_0_1_mixed
774_W	0	2.8554864457861073e-05	cluster_0_1_mixed
372_S	0	2.8547183920186548e-05	cluster_0_1_mixed
481_Q	0	2.8530536999040578e-05	cluster_0_1_mixed
651_E	0	2.8509389088758057e-05	cluster_0_1_mixed
588_V	0	2.84304780455578e-05	cluster_0_1_mixed
692_K	0	2.842753585193186e-05	cluster_0_1_mixed
282_Q	0	2.8386185446295665e-05	cluster_0_1_mixed
322_A	0	2.8358767614425733e-05	cluster_0_1_mixed
843_Q	0	2.8339341457381166e-05	cluster_0_1_mixed
368_I	0	2.832063635273388e-05	cluster_0_1_mixed
479_F	0	2.831326898265123e-05	cluster_0_1_mixed
278_H	0	2.8312257492975824e-05	cluster_0_1_mixed
241_V	0	2.8310341994590245e-05	cluster_0_1_mixed
184_N	0	2.8296383061742474e-05	cluster_0_1_mixed
676_K	0	2.828766573504803e-05	cluster_0_1_mixed
519_N	0	2.8286587249806712e-05	cluster_0_1_mixed
519_V	0	2.82620057132782e-05	cluster_0_1_mixed
486_L	0	2.825344259450918e-05	cluster_0_1_mixed
693_Y	0	2.8251490783454906e-05	cluster_0_1_mixed
339_P	0	2.824679424252935e-05	cluster_0_1_mixed
849_L	0	2.8222959945220737e-05	cluster_0_1_mixed
318_R	0	2.8171877479124702e-05	cluster_0_1_mixed
566_Q	0	2.8156832951984377e-05	cluster_0_1_mixed
301_L	0	2.812687230035356e-05	cluster_0_1_mixed
528_I	0	2.8125593405240045e-05	cluster_0_1_mixed
379_N	0	2.811834837789003e-05	cluster_0_1_mixed
533_F	0	2.81162832888828e-05	cluster_0_1_mixed
620_H	0	2.8043993102048238e-05	cluster_0_1_mixed
199_R	0	2.803731495172681e-05	cluster_0_1_mixed
109_S	0	2.8025483879077428e-05	cluster_0_1_mixed
935_I	0	2.802459079452319e-05	cluster_0_1_mixed
634_Q	0	2.8008459265675583e-05	cluster_0_1_mixed
374_Q	0	2.799883929649357e-05	cluster_0_1_mixed
560_V	0	2.7992789037297474e-05	cluster_0_1_mixed
484_P	0	2.7955923567959305e-05	cluster_0_1_mixed
627_C	0	2.7946509601256043e-05	cluster_0_1_mixed
673_L	0	2.7934073945227895e-05	cluster_0_1_mixed
586_N	0	2.79162241417793e-05	cluster_0_1_mixed
915_H	0	2.7904660854559192e-05	cluster_0_1_mixed
859_S	0	2.7899930064785656e-05	cluster_0_1_mixed
777_V	0	2.789644567104056e-05	cluster_0_1_mixed
187_G	0	2.7889532694520608e-05	cluster_0_1_mixed
775_S	0	2.787522561517492e-05	cluster_0_1_mixed
466_I	0	2.7867597158373876e-05	cluster_0_1_mixed
279_K	0	2.786497886829455e-05	cluster_0_1_mixed
526_A	0	2.7833619294863522e-05	cluster_0_1_mixed
827_G	0	2.7805456678996586e-05	cluster_0_1_mixed
802_K	0	2.777052552363034e-05	cluster_0_1_mixed
429_W	0	2.7763844286344902e-05	cluster_0_1_mixed
428_V	0	2.7692165655746538e-05	cluster_0_1_mixed
693_V	0	2.7689541708781658e-05	cluster_0_1_mixed
897_V	0	2.768367972726352e-05	cluster_0_1_mixed
645_N	0	2.7676889082639576e-05	cluster_0_1_mixed
875_T	0	2.7669685241296626e-05	cluster_0_1_mixed
422_A	0	2.766125351912405e-05	cluster_0_1_mixed
438_G	0	2.765942655596146e-05	cluster_0_1_mixed
722_G	0	2.763802787652012e-05	cluster_0_1_mixed
184_P	0	2.7630823184707755e-05	cluster_0_1_mixed
663_S	0	2.7630337539270434e-05	cluster_0_1_mixed
351_N	0	2.7593103493260933e-05	cluster_0_1_mixed
477_F	0	2.759273892830717e-05	cluster_0_1_mixed
490_Y	0	2.7589946735648373e-05	cluster_0_1_mixed
748_S	0	2.7583109784431837e-05	cluster_0_1_mixed
408_F	0	2.7562713870562562e-05	cluster_0_1_mixed
519_M	0	2.7562322400748078e-05	cluster_0_1_mixed
869_D	0	2.7560612862436734e-05	cluster_0_1_mixed
911_S	0	2.7540511945490592e-05	cluster_0_1_mixed
846_Q	0	2.7517615514409922e-05	cluster_0_1_mixed
852_G	0	2.750564606178561e-05	cluster_0_1_mixed
790_R	0	2.7462992311104233e-05	cluster_0_1_mixed
853_A	0	2.744649881571264e-05	cluster_0_1_mixed
811_Q	0	2.7415701522411777e-05	cluster_0_1_mixed
182_A	0	2.740939684296356e-05	cluster_0_1_mixed
714_F	0	2.7389003205463647e-05	cluster_0_1_mixed
834_R	0	2.7346309839265364e-05	cluster_0_1_mixed
179_H	0	2.7332624261562133e-05	cluster_0_1_mixed
917_W	0	2.7322737370628607e-05	cluster_0_1_mixed
424_W	0	2.7316114452417884e-05	cluster_0_1_mixed
242_A	0	2.731457032972162e-05	cluster_0_1_mixed
338_Q	0	2.731445853261735e-05	cluster_0_1_mixed
496_D	0	2.7306075673012147e-05	cluster_0_1_mixed
249_C	0	2.7253304568407978e-05	cluster_0_1_mixed
515_L	0	2.7246408755861322e-05	cluster_0_1_mixed
530_R	0	2.7222475757764142e-05	cluster_0_1_mixed
341_S	0	2.7219198736594562e-05	cluster_0_1_mixed
682_L	0	2.721506435509491e-05	cluster_0_1_mixed
780_Q	0	2.721352851956169e-05	cluster_0_1_mixed
435_K	0	2.720947920956914e-05	cluster_0_1_mixed
894_T	0	2.719836034302724e-05	cluster_0_1_mixed
263_R	0	2.7177675123568057e-05	cluster_0_1_mixed
831_N	0	2.7171263093216346e-05	cluster_0_1_mixed
414_L	0	2.7141857825348542e-05	cluster_0_1_mixed
517_V	0	2.7139042615170123e-05	cluster_0_1_mixed
438_S	0	2.7111110683297375e-05	cluster_0_1_mixed
493_Y	0	2.710850534763122e-05	cluster_0_1_mixed
423_V	0	2.7101335501348197e-05	cluster_0_1_mixed
162_F	0	2.7092590573945007e-05	cluster_0_1_mixed
534_D	0	2.70925612839626e-05	cluster_0_1_mixed
537_F	0	2.7070264711890208e-05	cluster_0_1_mixed
668_I	0	2.705239675469778e-05	cluster_0_1_mixed
186_I	0	2.7041418835081937e-05	cluster_0_1_mixed
591_P	0	2.7038161385272453e-05	cluster_0_1_mixed
404_M	0	2.7021195202145193e-05	cluster_0_1_mixed
207_C	0	2.7006340955780833e-05	cluster_0_1_mixed
379_S	0	2.7003481586803475e-05	cluster_0_1_mixed
865_A	0	2.6973079116140862e-05	cluster_0_1_mixed
840_M	0	2.696749131635473e-05	cluster_0_1_mixed
446_N	0	2.69574755745218e-05	cluster_0_1_mixed
650_T	0	2.693891635628306e-05	cluster_0_1_mixed
325_F	0	2.6933880950518657e-05	cluster_0_1_mixed
346_D	0	2.6881848959299093e-05	cluster_0_1_mixed
883_N	0	2.686824001430701e-05	cluster_0_1_mixed
644_N	0	2.6862542141107836e-05	cluster_0_1_mixed
653_T	0	2.6842199453187244e-05	cluster_0_1_mixed
337_I	0	2.682588782859422e-05	cluster_0_1_mixed
781_S	0	2.6801060302866653e-05	cluster_0_1_mixed
869_Q	0	2.6783763384525482e-05	cluster_0_1_mixed
358_F	0	2.6774710199595898e-05	cluster_0_1_mixed
223_V	0	2.6757099366953046e-05	cluster_0_1_mixed
519_E	0	2.6751444778402512e-05	cluster_0_1_mixed
649_K	0	2.6749888339333216e-05	cluster_0_1_mixed
466_V	0	2.668226543118346e-05	cluster_0_1_mixed
721_H	0	2.6654971038990026e-05	cluster_0_1_mixed
493_E	0	2.6637414501556945e-05	cluster_0_1_mixed
339_D	0	2.663671147672104e-05	cluster_0_1_mixed
227_G	0	2.6601663388218244e-05	cluster_0_1_mixed
479_Q	0	2.6589769344225468e-05	cluster_0_1_mixed
910_I	0	2.6580557327700903e-05	cluster_0_1_mixed
216_M	0	2.6572669446359064e-05	cluster_0_1_mixed
306_L	0	2.656757891058752e-05	cluster_0_1_mixed
911_A	0	2.654450530152704e-05	cluster_0_1_mixed
648_S	0	2.6541743051161804e-05	cluster_0_1_mixed
472_F	0	2.6540383497467655e-05	cluster_0_1_mixed
64_C	0	2.6537975019963378e-05	cluster_0_1_mixed
217_W	0	2.6533583746322288e-05	cluster_0_1_mixed
883_F	0	2.6526758349744532e-05	cluster_0_1_mixed
433_Q	0	2.6526235370673425e-05	cluster_0_1_mixed
482_N	0	2.650719644240087e-05	cluster_0_1_mixed
363_V	0	2.6498827905367068e-05	cluster_0_1_mixed
495_T	0	2.649489300802348e-05	cluster_0_1_mixed
574_R	0	2.6467735276098832e-05	cluster_0_1_mixed
528_D	0	2.644534969768766e-05	cluster_0_1_mixed
437_V	0	2.6438215667381353e-05	cluster_0_1_mixed
340_I	0	2.6428658945120892e-05	cluster_0_1_mixed
647_K	0	2.6422954270250905e-05	cluster_0_1_mixed
574_I	0	2.641194171018486e-05	cluster_0_1_mixed
784_E	0	2.64071803267193e-05	cluster_0_1_mixed
631_F	0	2.6401637555202066e-05	cluster_0_1_mixed
900_W	0	2.6393391451898497e-05	cluster_0_1_mixed
207_W	0	2.637559902744189e-05	cluster_0_1_mixed
496_P	0	2.637423906828162e-05	cluster_0_1_mixed
181_I	0	2.6371252529608968e-05	cluster_0_1_mixed
345_N	0	2.6369071780323816e-05	cluster_0_1_mixed
464_R	0	2.635766360967472e-05	cluster_0_1_mixed
655_I	0	2.6357035830434213e-05	cluster_0_1_mixed
179_P	0	2.6349532889624427e-05	cluster_0_1_mixed
244_S	0	2.634760785295095e-05	cluster_0_1_mixed
815_R	0	2.634086076972248e-05	cluster_0_1_mixed
778_G	0	2.633196674901781e-05	cluster_0_1_mixed
430_K	0	2.630732192275138e-05	cluster_0_1_mixed
851_D	0	2.6281536570487946e-05	cluster_0_1_mixed
517_T	0	2.6263208758248673e-05	cluster_0_1_mixed
57_T	0	2.6259865273672893e-05	cluster_0_1_mixed
911_F	0	2.6255549757624646e-05	cluster_0_1_mixed
599_K	0	2.6254363265934867e-05	cluster_0_1_mixed
686_Q	0	2.6244560193314298e-05	cluster_0_1_mixed
557_Q	0	2.623985218331975e-05	cluster_0_1_mixed
165_M	0	2.622040765035516e-05	cluster_0_1_mixed
565_I	0	2.6214321189146626e-05	cluster_0_1_mixed
623_T	0	2.620684385129515e-05	cluster_0_1_mixed
575_R	0	2.62046411469057e-05	cluster_0_1_mixed
244_P	0	2.6192479381954366e-05	cluster_0_1_mixed
67_K	0	2.6164191573457644e-05	cluster_0_1_mixed
635_W	0	2.6161515228757532e-05	cluster_0_1_mixed
462_E	0	2.615792469862041e-05	cluster_0_1_mixed
559_F	0	2.6148680152660715e-05	cluster_0_1_mixed
430_E	0	2.6147256435099147e-05	cluster_0_1_mixed
540_L	0	2.610927355564274e-05	cluster_0_1_mixed
434_L	0	2.6099362086893057e-05	cluster_0_1_mixed
793_T	0	2.6096065967567477e-05	cluster_0_1_mixed
444_Q	0	2.608566223575428e-05	cluster_0_1_mixed
379_G	0	2.607299596765404e-05	cluster_0_1_mixed
184_K	0	2.6064719142918578e-05	cluster_0_1_mixed
609_I	0	2.604685553597598e-05	cluster_0_1_mixed
283_V	0	2.6033255219708424e-05	cluster_0_1_mixed
486_I	0	2.6023165624813226e-05	cluster_0_1_mixed
59_D	0	2.601141238916836e-05	cluster_0_1_mixed
885_L	0	2.5962697038809355e-05	cluster_0_1_mixed
532_L	0	2.5957494872879243e-05	cluster_0_1_mixed
440_G	0	2.595647271025564e-05	cluster_0_1_mixed
675_K	0	2.5955479828241923e-05	cluster_0_1_mixed
481_S	0	2.5949800755801356e-05	cluster_0_1_mixed
737_L	0	2.5947113708272725e-05	cluster_0_1_mixed
566_P	0	2.5919842656752827e-05	cluster_0_1_mixed
446_C	0	2.590618430480191e-05	cluster_0_1_mixed
414_P	0	2.5882731459937125e-05	cluster_0_1_mixed
673_N	0	2.587023018600309e-05	cluster_0_1_mixed
533_R	0	2.5842814961566185e-05	cluster_0_1_mixed
813_T	0	2.581817937084058e-05	cluster_0_1_mixed
204_V	0	2.5816172406891753e-05	cluster_0_1_mixed
209_I	0	2.5799084746999713e-05	cluster_0_1_mixed
332_Y	0	2.5764045799582408e-05	cluster_0_1_mixed
92_L	0	2.5756714931949632e-05	cluster_0_1_mixed
205_S	0	2.5749340839712974e-05	cluster_0_1_mixed
847_E	0	2.574920168269028e-05	cluster_0_1_mixed
914_C	0	2.5738763588390827e-05	cluster_0_1_mixed
115_Q	0	2.5709069453694095e-05	cluster_0_1_mixed
321_P	0	2.5681623633438937e-05	cluster_0_1_mixed
848_L	0	2.566762115047517e-05	cluster_0_1_mixed
332_H	0	2.5641373629055396e-05	cluster_0_1_mixed
337_L	0	2.560949518842722e-05	cluster_0_1_mixed
774_I	0	2.553429979281644e-05	cluster_0_1_mixed
185_G	0	2.5522499362446312e-05	cluster_0_1_mixed
556_Y	0	2.551689535419307e-05	cluster_0_1_mixed
580_V	0	2.5507596672944182e-05	cluster_0_1_mixed
886_S	0	2.550701926023977e-05	cluster_0_1_mixed
402_F	0	2.5493535460840104e-05	cluster_0_1_mixed
590_V	0	2.5491129719333606e-05	cluster_0_1_mixed
562_E	0	2.5486096231590845e-05	cluster_0_1_mixed
540_E	0	2.5463173475993417e-05	cluster_0_1_mixed
483_D	0	2.5431993083031574e-05	cluster_0_1_mixed
552_F	0	2.5422494604068586e-05	cluster_0_1_mixed
543_H	0	2.541885026738151e-05	cluster_0_1_mixed
654_S	0	2.5418745013841454e-05	cluster_0_1_mixed
879_R	0	2.54181328171251e-05	cluster_0_1_mixed
727_E	0	2.5413402337371504e-05	cluster_0_1_mixed
632_G	0	2.5405253801002738e-05	cluster_0_1_mixed
541_F	0	2.539797650847014e-05	cluster_0_1_mixed
32_S	0	2.5356963815657902e-05	cluster_0_1_mixed
617_L	0	2.5353770702513696e-05	cluster_0_1_mixed
345_Y	0	2.5353002580095357e-05	cluster_0_1_mixed
183_I	0	2.5305762687459543e-05	cluster_0_1_mixed
544_I	0	2.530142837196218e-05	cluster_0_1_mixed
485_V	0	2.527347808451559e-05	cluster_0_1_mixed
597_V	0	2.5266127465265348e-05	cluster_0_1_mixed
622_H	0	2.5250782072826856e-05	cluster_0_1_mixed
241_A	0	2.524759353049539e-05	cluster_0_1_mixed
880_S	0	2.524684998545468e-05	cluster_0_1_mixed
251_A	0	2.520686689457192e-05	cluster_0_1_mixed
776_A	0	2.5205393550187166e-05	cluster_0_1_mixed
107_D	0	2.52014499419148e-05	cluster_0_1_mixed
491_N	0	2.5138180992513693e-05	cluster_0_1_mixed
646_N	0	2.5131107510914214e-05	cluster_0_1_mixed
904_E	0	2.5118371163379e-05	cluster_0_1_mixed
437_A	0	2.508069592452044e-05	cluster_0_1_mixed
489_P	0	2.5079086762592185e-05	cluster_0_1_mixed
226_Q	0	2.5077816572333833e-05	cluster_0_1_mixed
643_T	0	2.5052959350944697e-05	cluster_0_1_mixed
697_N	0	2.5052441275561634e-05	cluster_0_1_mixed
780_K	0	2.504991613729638e-05	cluster_0_1_mixed
645_G	0	2.5046994208357955e-05	cluster_0_1_mixed
836_N	0	2.503646304156999e-05	cluster_0_1_mixed
877_R	0	2.5028080558203925e-05	cluster_0_1_mixed
336_D	0	2.49838762147755e-05	cluster_0_1_mixed
678_M	0	2.497938703040895e-05	cluster_0_1_mixed
896_I	0	2.4974320364102747e-05	cluster_0_1_mixed
572_E	0	2.4933523800963263e-05	cluster_0_1_mixed
429_V	0	2.492506119132307e-05	cluster_0_1_mixed
548_R	0	2.4919163934788612e-05	cluster_0_1_mixed
624_Q	0	2.4918357579318133e-05	cluster_0_1_mixed
822_N	0	2.490787504363504e-05	cluster_0_1_mixed
631_E	0	2.490436488799761e-05	cluster_0_1_mixed
575_M	0	2.4892971378228676e-05	cluster_0_1_mixed
305_N	0	2.487399429227525e-05	cluster_0_1_mixed
419_D	0	2.4868481601882722e-05	cluster_0_1_mixed
895_A	0	2.4860488644219366e-05	cluster_0_1_mixed
652_T	0	2.4854198700357837e-05	cluster_0_1_mixed
364_V	0	2.4851621267341713e-05	cluster_0_1_mixed
703_R	0	2.4790696299383865e-05	cluster_0_1_mixed
23_N	0	2.478493542187308e-05	cluster_0_1_mixed
433_W	0	2.478377669174332e-05	cluster_0_1_mixed
525_I	0	2.477334823749967e-05	cluster_0_1_mixed
737_W	0	2.4760068134668436e-05	cluster_0_1_mixed
424_F	0	2.4754919841416635e-05	cluster_0_1_mixed
320_T	0	2.4738993526352188e-05	cluster_0_1_mixed
662_V	0	2.472331210469459e-05	cluster_0_1_mixed
487_W	0	2.4716840379260567e-05	cluster_0_1_mixed
427_V	0	2.4708906754646162e-05	cluster_0_1_mixed
801_S	0	2.4702420507977694e-05	cluster_0_1_mixed
839_V	0	2.4699107455125234e-05	cluster_0_1_mixed
435_D	0	2.4684850635604536e-05	cluster_0_1_mixed
435_R	0	2.466545290179059e-05	cluster_0_1_mixed
332_D	0	2.4665105756875667e-05	cluster_0_1_mixed
854_L	0	2.4660365696072384e-05	cluster_0_1_mixed
490_T	0	2.4651080053043176e-05	cluster_0_1_mixed
910_L	0	2.4647479789165706e-05	cluster_0_1_mixed
649_L	0	2.4642287225890715e-05	cluster_0_1_mixed
389_I	0	2.463510114615741e-05	cluster_0_1_mixed
204_R	0	2.4631614803616093e-05	cluster_0_1_mixed
417_R	0	2.462854071024377e-05	cluster_0_1_mixed
527_E	0	2.4622862819743064e-05	cluster_0_1_mixed
198_H	0	2.458506922629409e-05	cluster_0_1_mixed
427_K	0	2.4584781186516604e-05	cluster_0_1_mixed
82_Q	0	2.4557698499461578e-05	cluster_0_1_mixed
381_S	0	2.455721524626624e-05	cluster_0_1_mixed
496_F	0	2.455495287678363e-05	cluster_0_1_mixed
777_P	0	2.4543778821980708e-05	cluster_0_1_mixed
389_L	0	2.451961853166262e-05	cluster_0_1_mixed
489_E	0	2.450853387071887e-05	cluster_0_1_mixed
541_H	0	2.448355887571832e-05	cluster_0_1_mixed
823_D	0	2.446848245284763e-05	cluster_0_1_mixed
713_Q	0	2.443534080279191e-05	cluster_0_1_mixed
912_M	0	2.4422561438036755e-05	cluster_0_1_mixed
641_G	0	2.4417257270125763e-05	cluster_0_1_mixed
698_I	0	2.441470854287499e-05	cluster_0_1_mixed
542_M	0	2.43991699246131e-05	cluster_0_1_mixed
85_V	0	2.4379690323276866e-05	cluster_0_1_mixed
377_H	0	2.4366890361008564e-05	cluster_0_1_mixed
65_D	0	2.4350614312740477e-05	cluster_0_1_mixed
562_K	0	2.4346631926656734e-05	cluster_0_1_mixed
421_F	0	2.4323099320518566e-05	cluster_0_1_mixed
536_F	0	2.4299181116911893e-05	cluster_0_1_mixed
835_V	0	2.4297461596956176e-05	cluster_0_1_mixed
39_M	0	2.4279812126138324e-05	cluster_0_1_mixed
548_Q	0	2.427889206108449e-05	cluster_0_1_mixed
188_G	0	2.4265770250037453e-05	cluster_0_1_mixed
418_G	0	2.4258448321743486e-05	cluster_0_1_mixed
924_F	0	2.4254092736426552e-05	cluster_0_1_mixed
639_Q	0	2.4247094719954272e-05	cluster_0_1_mixed
781_P	0	2.4216556970231224e-05	cluster_0_1_mixed
589_S	0	2.4212624249251332e-05	cluster_0_1_mixed
837_N	0	2.4209784569796956e-05	cluster_0_1_mixed
782_I	0	2.420505566377884e-05	cluster_0_1_mixed
562_Y	0	2.418934550310549e-05	cluster_0_1_mixed
841_E	0	2.4173578421096993e-05	cluster_0_1_mixed
565_Q	0	2.4171965028827817e-05	cluster_0_1_mixed
542_F	0	2.41686154162551e-05	cluster_0_1_mixed
671_Q	0	2.4165998575906964e-05	cluster_0_1_mixed
242_T	0	2.4164771199767042e-05	cluster_0_1_mixed
924_V	0	2.4164231509896507e-05	cluster_0_1_mixed
367_C	0	2.411697652846946e-05	cluster_0_1_mixed
331_E	0	2.4112857024739494e-05	cluster_0_1_mixed
341_P	0	2.4108490158874206e-05	cluster_0_1_mixed
850_Q	0	2.409940249798469e-05	cluster_0_1_mixed
680_G	0	2.4080048208770627e-05	cluster_0_1_mixed
838_A	0	2.4077433523897126e-05	cluster_0_1_mixed
702_I	0	2.4065388412662626e-05	cluster_0_1_mixed
690_H	0	2.405218616421811e-05	cluster_0_1_mixed
374_I	0	2.4042602326353864e-05	cluster_0_1_mixed
174_Y	0	2.4039780171794384e-05	cluster_0_1_mixed
719_M	0	2.403236327642019e-05	cluster_0_1_mixed
480_M	0	2.402540578932673e-05	cluster_0_1_mixed
340_M	0	2.4013863839930992e-05	cluster_0_1_mixed
592_T	0	2.399006866443034e-05	cluster_0_1_mixed
178_H	0	2.3986931753554077e-05	cluster_0_1_mixed
483_Y	0	2.3951615026352236e-05	cluster_0_1_mixed
458_S	0	2.3944482543172202e-05	cluster_0_1_mixed
179_R	0	2.3940486701652638e-05	cluster_0_1_mixed
421_L	0	2.393656962165941e-05	cluster_0_1_mixed
411_A	0	2.3932137814756234e-05	cluster_0_1_mixed
322_D	0	2.390503472185489e-05	cluster_0_1_mixed
780_L	0	2.3872021369089953e-05	cluster_0_1_mixed
544_Q	0	2.3868864942742198e-05	cluster_0_1_mixed
149_R	0	2.3868076793094838e-05	cluster_0_1_mixed
727_R	0	2.385084796125993e-05	cluster_0_1_mixed
242_G	0	2.3849134391746736e-05	cluster_0_1_mixed
849_Y	0	2.3845140149160567e-05	cluster_0_1_mixed
536_M	0	2.3843792175102325e-05	cluster_0_1_mixed
485_I	0	2.3840867639373246e-05	cluster_0_1_mixed
363_E	0	2.3818737273080285e-05	cluster_0_1_mixed
691_L	0	2.380885320926807e-05	cluster_0_1_mixed
526_L	0	2.380734201295916e-05	cluster_0_1_mixed
533_K	0	2.379198630673801e-05	cluster_0_1_mixed
320_A	0	2.3782722226322008e-05	cluster_0_1_mixed
316_G	0	2.3747921008109593e-05	cluster_0_1_mixed
698_N	0	2.3734270337578e-05	cluster_0_1_mixed
322_F	0	2.3722819331320493e-05	cluster_0_1_mixed
494_V	0	2.3718431124095376e-05	cluster_0_1_mixed
195_E	0	2.3714270255563697e-05	cluster_0_1_mixed
655_Y	0	2.3710187118735733e-05	cluster_0_1_mixed
527_Y	0	2.368523371447107e-05	cluster_0_1_mixed
543_K	0	2.3676634656591375e-05	cluster_0_1_mixed
795_I	0	2.367470496652753e-05	cluster_0_1_mixed
379_D	0	2.3669732945740365e-05	cluster_0_1_mixed
839_A	0	2.3647802554051308e-05	cluster_0_1_mixed
816_F	0	2.36390457654413e-05	cluster_0_1_mixed
917_Q	0	2.3629253171315828e-05	cluster_0_1_mixed
412_F	0	2.3624947322750273e-05	cluster_0_1_mixed
572_Q	0	2.3615786676959062e-05	cluster_0_1_mixed
209_N	0	2.3612090275455904e-05	cluster_0_1_mixed
420_F	0	2.3591176139838522e-05	cluster_0_1_mixed
901_F	0	2.358035608102107e-05	cluster_0_1_mixed
927_R	0	2.356068241050272e-05	cluster_0_1_mixed
437_P	0	2.3553673293864028e-05	cluster_0_1_mixed
374_L	0	2.353370045302931e-05	cluster_0_1_mixed
24_Y	0	2.3530131104310646e-05	cluster_0_1_mixed
694_V	0	2.3513042866103235e-05	cluster_0_1_mixed
443_A	0	2.350736688765992e-05	cluster_0_1_mixed
925_K	0	2.3506568433932277e-05	cluster_0_1_mixed
717_E	0	2.34829781447541e-05	cluster_0_1_mixed
912_A	0	2.3480745510829047e-05	cluster_0_1_mixed
524_E	0	2.346967735469655e-05	cluster_0_1_mixed
814_N	0	2.346091765411092e-05	cluster_0_1_mixed
756_P	0	2.343792639277582e-05	cluster_0_1_mixed
342_A	0	2.3430427805316716e-05	cluster_0_1_mixed
528_R	0	2.3421983363852568e-05	cluster_0_1_mixed
467_Q	0	2.341237516619514e-05	cluster_0_1_mixed
437_Q	0	2.339229772204355e-05	cluster_0_1_mixed
372_I	0	2.3386818885304024e-05	cluster_0_1_mixed
488_Q	0	2.3384885459868288e-05	cluster_0_1_mixed
383_M	0	2.3367607309254977e-05	cluster_0_1_mixed
844_H	0	2.3334710052613122e-05	cluster_0_1_mixed
558_R	0	2.3274366077747137e-05	cluster_0_1_mixed
933_M	0	2.3241493881817082e-05	cluster_0_1_mixed
651_I	0	2.3239403983031552e-05	cluster_0_1_mixed
718_Y	0	2.3228786821609523e-05	cluster_0_1_mixed
492_L	0	2.3228232297307402e-05	cluster_0_1_mixed
524_F	0	2.3219118491569586e-05	cluster_0_1_mixed
362_N	0	2.3200044369086765e-05	cluster_0_1_mixed
268_A	0	2.3199173503844775e-05	cluster_0_1_mixed
535_Q	0	2.318272180999287e-05	cluster_0_1_mixed
920_A	0	2.3178983033504483e-05	cluster_0_1_mixed
855_E	0	2.3136719513139038e-05	cluster_0_1_mixed
280_K	0	2.3126007453087676e-05	cluster_0_1_mixed
159_A	0	2.3114619478101787e-05	cluster_0_1_mixed
881_R	0	2.3098024051936317e-05	cluster_0_1_mixed
400_T	0	2.306328161873853e-05	cluster_0_1_mixed
924_I	0	2.3044552569090963e-05	cluster_0_1_mixed
427_S	0	2.3040015705016677e-05	cluster_0_1_mixed
390_D	0	2.3024063839977306e-05	cluster_0_1_mixed
826_P	0	2.302382299005517e-05	cluster_0_1_mixed
625_L	0	2.300198526429896e-05	cluster_0_1_mixed
676_G	0	2.2969031995064143e-05	cluster_0_1_mixed
432_P	0	2.2966495324354354e-05	cluster_0_1_mixed
413_R	0	2.2955977195927434e-05	cluster_0_1_mixed
253_L	0	2.2945544669629858e-05	cluster_0_1_mixed
482_I	0	2.2945018606631692e-05	cluster_0_1_mixed
444_P	0	2.294252418255223e-05	cluster_0_1_mixed
591_N	0	2.2912403202158785e-05	cluster_0_1_mixed
532_P	0	2.2906458883799924e-05	cluster_0_1_mixed
668_Q	0	2.288473997141637e-05	cluster_0_1_mixed
494_F	0	2.2870402894245672e-05	cluster_0_1_mixed
789_S	0	2.287037369132291e-05	cluster_0_1_mixed
774_N	0	2.2869558569779362e-05	cluster_0_1_mixed
913_K	0	2.284836771347992e-05	cluster_0_1_mixed
550_Q	0	2.2845569956795284e-05	cluster_0_1_mixed
579_K	0	2.284480729878646e-05	cluster_0_1_mixed
533_Q	0	2.279141553309593e-05	cluster_0_1_mixed
369_N	0	2.2787290418737152e-05	cluster_0_1_mixed
248_V	0	2.2767870648249765e-05	cluster_0_1_mixed
558_E	0	2.2755038422289684e-05	cluster_0_1_mixed
823_V	0	2.2744425539680273e-05	cluster_0_1_mixed
526_K	0	2.2742754362726883e-05	cluster_0_1_mixed
369_K	0	2.2719274115139946e-05	cluster_0_1_mixed
576_Q	0	2.271279561122282e-05	cluster_0_1_mixed
4_T	0	2.270260495417049e-05	cluster_0_1_mixed
675_L	0	2.2701865334647564e-05	cluster_0_1_mixed
526_Q	0	2.2686425759095317e-05	cluster_0_1_mixed
264_C	0	2.267187406753483e-05	cluster_0_1_mixed
185_K	0	2.2658892139876153e-05	cluster_0_1_mixed
473_T	0	2.2655113023109385e-05	cluster_0_1_mixed
336_F	0	2.2648991256728312e-05	cluster_0_1_mixed
725_S	0	2.2643644192102446e-05	cluster_0_1_mixed
531_M	0	2.263919072167632e-05	cluster_0_1_mixed
525_P	0	2.2625908606819057e-05	cluster_0_1_mixed
476_S	0	2.2618046097460832e-05	cluster_0_1_mixed
75_L	0	2.2616682454830882e-05	cluster_0_1_mixed
424_N	0	2.2589958572955695e-05	cluster_0_1_mixed
101_M	0	2.2573312666423316e-05	cluster_0_1_mixed
885_G	0	2.2572858610504798e-05	cluster_0_1_mixed
936_Q	0	2.257284774500564e-05	cluster_0_1_mixed
306_P	0	2.2569443583090422e-05	cluster_0_1_mixed
323_F	0	2.255101945616457e-05	cluster_0_1_mixed
529_L	0	2.2549545781380102e-05	cluster_0_1_mixed
698_Y	0	2.2520153539748242e-05	cluster_0_1_mixed
207_A	0	2.2519387311529388e-05	cluster_0_1_mixed
879_C	0	2.251220684752972e-05	cluster_0_1_mixed
605_I	0	2.2502037112932714e-05	cluster_0_1_mixed
856_R	0	2.2478040336792467e-05	cluster_0_1_mixed
694_F	0	2.246777284132093e-05	cluster_0_1_mixed
876_E	0	2.2439605403350067e-05	cluster_0_1_mixed
136_S	0	2.243183181525419e-05	cluster_0_1_mixed
269_W	0	2.2419150950300785e-05	cluster_0_1_mixed
572_R	0	2.2410222012498426e-05	cluster_0_1_mixed
493_V	0	2.2405040761546634e-05	cluster_0_1_mixed
433_T	0	2.2380583508499493e-05	cluster_0_1_mixed
872_C	0	2.2376368072589504e-05	cluster_0_1_mixed
176_N	0	2.2331164790956448e-05	cluster_0_1_mixed
422_E	0	2.2285900472331036e-05	cluster_0_1_mixed
433_R	0	2.2267945070753872e-05	cluster_0_1_mixed
322_S	0	2.2265861617955644e-05	cluster_0_1_mixed
871_L	0	2.22605606771844e-05	cluster_0_1_mixed
535_F	0	2.222865555629904e-05	cluster_0_1_mixed
782_T	0	2.222736136217054e-05	cluster_0_1_mixed
545_W	0	2.2218383166124717e-05	cluster_0_1_mixed
681_N	0	2.2212658739520587e-05	cluster_0_1_mixed
630_D	0	2.219211098901132e-05	cluster_0_1_mixed
782_D	0	2.218762561794763e-05	cluster_0_1_mixed
896_M	0	2.218094375199003e-05	cluster_0_1_mixed
448_K	0	2.218091219767401e-05	cluster_0_1_mixed
217_Y	0	2.217730412586591e-05	cluster_0_1_mixed
561_R	0	2.2168967356017255e-05	cluster_0_1_mixed
567_M	0	2.2149012662381076e-05	cluster_0_1_mixed
672_V	0	2.212134298823674e-05	cluster_0_1_mixed
728_M	0	2.211795264008513e-05	cluster_0_1_mixed
897_R	0	2.2117696285885684e-05	cluster_0_1_mixed
576_I	0	2.20700298562504e-05	cluster_0_1_mixed
421_E	0	2.205227922439799e-05	cluster_0_1_mixed
852_F	0	2.2044505839656302e-05	cluster_0_1_mixed
351_Q	0	2.204079296696772e-05	cluster_0_1_mixed
472_V	0	2.199594760401345e-05	cluster_0_1_mixed
416_G	0	2.19870822876074e-05	cluster_0_1_mixed
663_T	0	2.1984175246472605e-05	cluster_0_1_mixed
839_K	0	2.196885692566576e-05	cluster_0_1_mixed
496_R	0	2.196560986784285e-05	cluster_0_1_mixed
127_L	0	2.195455638656549e-05	cluster_0_1_mixed
423_Q	0	2.1952382637146685e-05	cluster_0_1_mixed
431_W	0	2.194819278947564e-05	cluster_0_1_mixed
926_A	0	2.1939664202456925e-05	cluster_0_1_mixed
544_H	0	2.1938558310470205e-05	cluster_0_1_mixed
494_H	0	2.191157026358528e-05	cluster_0_1_mixed
431_P	0	2.1908344434237873e-05	cluster_0_1_mixed
649_G	0	2.1869249279911343e-05	cluster_0_1_mixed
898_A	0	2.1866634830184504e-05	cluster_0_1_mixed
200_T	0	2.1863644019414567e-05	cluster_0_1_mixed
925_I	0	2.1858542054381408e-05	cluster_0_1_mixed
896_T	0	2.1858256644942355e-05	cluster_0_1_mixed
565_M	0	2.183049722455497e-05	cluster_0_1_mixed
484_Q	0	2.182285915343832e-05	cluster_0_1_mixed
326_S	0	2.1817953737213765e-05	cluster_0_1_mixed
887_Y	0	2.1806386465833955e-05	cluster_0_1_mixed
364_D	0	2.1785484815189333e-05	cluster_0_1_mixed
747_D	0	2.178208968747922e-05	cluster_0_1_mixed
668_N	0	2.1779968847284283e-05	cluster_0_1_mixed
379_K	0	2.175343863968003e-05	cluster_0_1_mixed
577_K	0	2.1751030491159188e-05	cluster_0_1_mixed
100_N	0	2.1738522644506094e-05	cluster_0_1_mixed
174_K	0	2.1733334910019483e-05	cluster_0_1_mixed
480_R	0	2.1729483108413586e-05	cluster_0_1_mixed
694_Y	0	2.170706346089324e-05	cluster_0_1_mixed
379_H	0	2.169391811356866e-05	cluster_0_1_mixed
524_Y	0	2.1690491954439883e-05	cluster_0_1_mixed
635_N	0	2.169047085804543e-05	cluster_0_1_mixed
492_V	0	2.1680052238507603e-05	cluster_0_1_mixed
346_N	0	2.167275562118802e-05	cluster_0_1_mixed
25_S	0	2.1671044448309724e-05	cluster_0_1_mixed
431_F	0	2.166960011446181e-05	cluster_0_1_mixed
335_H	0	2.165767296225776e-05	cluster_0_1_mixed
345_I	0	2.165356237111665e-05	cluster_0_1_mixed
177_Q	0	2.1651583479358576e-05	cluster_0_1_mixed
442_M	0	2.1651521665308153e-05	cluster_0_1_mixed
645_Y	0	2.164577890321151e-05	cluster_0_1_mixed
348_Q	0	2.164256097218072e-05	cluster_0_1_mixed
326_F	0	2.1627096678042672e-05	cluster_0_1_mixed
471_S	0	2.160462981614159e-05	cluster_0_1_mixed
354_N	0	2.1572908579954823e-05	cluster_0_1_mixed
563_K	0	2.1551229468876054e-05	cluster_0_1_mixed
871_A	0	2.1545809762896542e-05	cluster_0_1_mixed
597_F	0	2.1533785301664217e-05	cluster_0_1_mixed
583_G	0	2.1529977480500492e-05	cluster_0_1_mixed
492_Y	0	2.1524700537565785e-05	cluster_0_1_mixed
462_K	0	2.1500039582421305e-05	cluster_0_1_mixed
59_E	0	2.147776061674301e-05	cluster_0_1_mixed
855_V	0	2.1477033547155066e-05	cluster_0_1_mixed
681_V	0	2.1461778459379305e-05	cluster_0_1_mixed
669_E	0	2.1445839129082062e-05	cluster_0_1_mixed
124_P	0	2.142833803572361e-05	cluster_0_1_mixed
263_I	0	2.141330649739166e-05	cluster_0_1_mixed
411_K	0	2.14096569576303e-05	cluster_0_1_mixed
342_F	0	2.1409318979198223e-05	cluster_0_1_mixed
539_K	0	2.139934203023694e-05	cluster_0_1_mixed
582_M	0	2.1398941893882968e-05	cluster_0_1_mixed
516_Q	0	2.138236622977407e-05	cluster_0_1_mixed
244_C	0	2.1380181709049824e-05	cluster_0_1_mixed
688_S	0	2.1377779713661406e-05	cluster_0_1_mixed
458_N	0	2.1367949889575756e-05	cluster_0_1_mixed
246_R	0	2.1343900644608052e-05	cluster_0_1_mixed
215_Y	0	2.1330786391123156e-05	cluster_0_1_mixed
192_A	0	2.1318193198179085e-05	cluster_0_1_mixed
601_Y	0	2.1305188823155767e-05	cluster_0_1_mixed
175_E	0	2.1300456659059487e-05	cluster_0_1_mixed
389_H	0	2.128539872922957e-05	cluster_0_1_mixed
408_T	0	2.1284096609258298e-05	cluster_0_1_mixed
528_Y	0	2.1283770713485846e-05	cluster_0_1_mixed
629_P	0	2.128025183460785e-05	cluster_0_1_mixed
235_Q	0	2.12670918856118e-05	cluster_0_1_mixed
796_S	0	2.1260979132456943e-05	cluster_0_1_mixed
629_Q	0	2.123659724754142e-05	cluster_0_1_mixed
844_M	0	2.1214058061159427e-05	cluster_0_1_mixed
53_L	0	2.120345876486262e-05	cluster_0_1_mixed
379_Y	0	2.1200910083525658e-05	cluster_0_1_mixed
428_A	0	2.1196443483845033e-05	cluster_0_1_mixed
530_V	0	2.1148892011736737e-05	cluster_0_1_mixed
373_E	0	2.1146970096344066e-05	cluster_0_1_mixed
568_R	0	2.114576742057172e-05	cluster_0_1_mixed
124_G	0	2.1140367723157467e-05	cluster_0_1_mixed
541_K	0	2.112850412976664e-05	cluster_0_1_mixed
49_S	0	2.112507442027184e-05	cluster_0_1_mixed
366_S	0	2.111352496170707e-05	cluster_0_1_mixed
636_I	0	2.1091805952142445e-05	cluster_0_1_mixed
170_Y	0	2.1075481749931048e-05	cluster_0_1_mixed
902_I	0	2.1059690481301383e-05	cluster_0_1_mixed
756_T	0	2.1044852586938336e-05	cluster_0_1_mixed
686_Y	0	2.1041180174300624e-05	cluster_0_1_mixed
582_H	0	2.1017678339329774e-05	cluster_0_1_mixed
187_E	0	2.101735097608235e-05	cluster_0_1_mixed
487_K	0	2.0982562497013892e-05	cluster_0_1_mixed
678_A	0	2.0979733061977586e-05	cluster_0_1_mixed
558_K	0	2.0963365704724908e-05	cluster_0_1_mixed
186_Y	0	2.095031748026143e-05	cluster_0_1_mixed
408_V	0	2.0944515418000463e-05	cluster_0_1_mixed
465_L	0	2.0941473885737967e-05	cluster_0_1_mixed
923_H	0	2.093152305148386e-05	cluster_0_1_mixed
606_V	0	2.0882825930755745e-05	cluster_0_1_mixed
815_V	0	2.0862771376092038e-05	cluster_0_1_mixed
929_L	0	2.0835933371334326e-05	cluster_0_1_mixed
692_I	0	2.0823965481186922e-05	cluster_0_1_mixed
714_S	0	2.0808682517176834e-05	cluster_0_1_mixed
189_V	0	2.0794425059591038e-05	cluster_0_1_mixed
137_S	0	2.0789777949311063e-05	cluster_0_1_mixed
539_P	0	2.078760033250315e-05	cluster_0_1_mixed
657_A	0	2.0775042316865768e-05	cluster_0_1_mixed
894_K	0	2.0774596920018288e-05	cluster_0_1_mixed
347_H	0	2.0771992930230514e-05	cluster_0_1_mixed
206_P	0	2.0752915142378714e-05	cluster_0_1_mixed
209_K	0	2.074397927622377e-05	cluster_0_1_mixed
540_K	0	2.0741891411291658e-05	cluster_0_1_mixed
225_I	0	2.073996571592442e-05	cluster_0_1_mixed
436_W	0	2.0739164528155534e-05	cluster_0_1_mixed
377_F	0	2.073401495056403e-05	cluster_0_1_mixed
526_V	0	2.0717956320994777e-05	cluster_0_1_mixed
816_Q	0	2.0711555033486126e-05	cluster_0_1_mixed
768_V	0	2.069057189365255e-05	cluster_0_1_mixed
672_F	0	2.0682711941252956e-05	cluster_0_1_mixed
553_R	0	2.0679886951849114e-05	cluster_0_1_mixed
222_L	0	2.0666295823432575e-05	cluster_0_1_mixed
631_Y	0	2.0665497747441774e-05	cluster_0_1_mixed
373_Q	0	2.063188736800689e-05	cluster_0_1_mixed
372_L	0	2.06017059262309e-05	cluster_0_1_mixed
665_P	0	2.055497157885706e-05	cluster_0_1_mixed
179_Q	0	2.0539621993178846e-05	cluster_0_1_mixed
226_F	0	2.0535697168251706e-05	cluster_0_1_mixed
99_M	0	2.051486325466559e-05	cluster_0_1_mixed
820_G	0	2.0507597443709124e-05	cluster_0_1_mixed
434_M	0	2.047442434553767e-05	cluster_0_1_mixed
682_R	0	2.0447235502008644e-05	cluster_0_1_mixed
897_E	0	2.043534265398008e-05	cluster_0_1_mixed
383_L	0	2.03830597381298e-05	cluster_0_1_mixed
222_M	0	2.0381633487926724e-05	cluster_0_1_mixed
213_S	0	2.037922999445033e-05	cluster_0_1_mixed
41_S	0	2.0373002383503957e-05	cluster_0_1_mixed
372_E	0	2.037230575441375e-05	cluster_0_1_mixed
387_S	0	2.0335023187469686e-05	cluster_0_1_mixed
404_N	0	2.031841123531086e-05	cluster_0_1_mixed
742_G	0	2.031540366871348e-05	cluster_0_1_mixed
827_A	0	2.0306665707352143e-05	cluster_0_1_mixed
537_W	0	2.0306569137048923e-05	cluster_0_1_mixed
460_F	0	2.0292715173714024e-05	cluster_0_1_mixed
106_M	0	2.0284429963772354e-05	cluster_0_1_mixed
477_A	0	2.0279981091953e-05	cluster_0_1_mixed
249_I	0	2.0277457473073267e-05	cluster_0_1_mixed
712_G	0	2.0271311334227414e-05	cluster_0_1_mixed
186_K	0	2.026745843052381e-05	cluster_0_1_mixed
823_H	0	2.026229404032853e-05	cluster_0_1_mixed
922_N	0	2.0248249241724034e-05	cluster_0_1_mixed
61_D	0	2.021300623507883e-05	cluster_0_1_mixed
243_A	0	2.021057642688166e-05	cluster_0_1_mixed
223_T	0	2.0209506344016255e-05	cluster_0_1_mixed
347_W	0	2.0209381426042276e-05	cluster_0_1_mixed
624_F	0	2.0206933163547586e-05	cluster_0_1_mixed
831_T	0	2.0169244961147473e-05	cluster_0_1_mixed
835_N	0	2.0168469528836503e-05	cluster_0_1_mixed
661_S	0	2.0143384164817325e-05	cluster_0_1_mixed
527_F	0	2.011767453229486e-05	cluster_0_1_mixed
919_R	0	2.0096913190302258e-05	cluster_0_1_mixed
574_Y	0	2.0093455498724604e-05	cluster_0_1_mixed
237_Y	0	2.007799485308648e-05	cluster_0_1_mixed
436_P	0	2.007677614405321e-05	cluster_0_1_mixed
433_E	0	2.0053354358702567e-05	cluster_0_1_mixed
650_N	0	2.0047337052904422e-05	cluster_0_1_mixed
518_I	0	2.0042901134753056e-05	cluster_0_1_mixed
672_E	0	2.0034777410334625e-05	cluster_0_1_mixed
540_H	0	2.0026776181207456e-05	cluster_0_1_mixed
184_G	0	1.99977784826744e-05	cluster_0_1_mixed
324_D	0	1.9995515774306383e-05	cluster_0_1_mixed
856_V	0	1.997593871695275e-05	cluster_0_1_mixed
223_C	0	1.9958781495553103e-05	cluster_0_1_mixed
324_G	0	1.9957144887454413e-05	cluster_0_1_mixed
491_F	0	1.9952328368947455e-05	cluster_0_1_mixed
415_V	0	1.9915115202007186e-05	cluster_0_1_mixed
521_Q	0	1.990303440352724e-05	cluster_0_1_mixed
691_R	0	1.9899958732779137e-05	cluster_0_1_mixed
84_D	0	1.9890345605459735e-05	cluster_0_1_mixed
670_E	0	1.9862742998155128e-05	cluster_0_1_mixed
495_I	0	1.9845776434747053e-05	cluster_0_1_mixed
219_M	0	1.9840585452871275e-05	cluster_0_1_mixed
684_S	0	1.983730993002636e-05	cluster_0_1_mixed
556_M	0	1.9816807040719536e-05	cluster_0_1_mixed
900_C	0	1.9811469773164624e-05	cluster_0_1_mixed
637_M	0	1.9809561167840247e-05	cluster_0_1_mixed
884_E	0	1.9807977630787277e-05	cluster_0_1_mixed
541_R	0	1.9796248012256184e-05	cluster_0_1_mixed
89_P	0	1.9787051849520414e-05	cluster_0_1_mixed
780_N	0	1.9774957568345442e-05	cluster_0_1_mixed
97_L	0	1.977073251219983e-05	cluster_0_1_mixed
473_D	0	1.9769444422373773e-05	cluster_0_1_mixed
405_T	0	1.9758528994150966e-05	cluster_0_1_mixed
14_G	0	1.9744122879002583e-05	cluster_0_1_mixed
492_Q	0	1.973496119599899e-05	cluster_0_1_mixed
404_A	0	1.9719516920060466e-05	cluster_0_1_mixed
263_Q	0	1.9706687646190844e-05	cluster_0_1_mixed
677_H	0	1.9699754074255975e-05	cluster_0_1_mixed
374_S	0	1.9699739787883763e-05	cluster_0_1_mixed
746_N	0	1.9696392258176782e-05	cluster_0_1_mixed
360_T	0	1.9695349371772866e-05	cluster_0_1_mixed
573_R	0	1.968861556999485e-05	cluster_0_1_mixed
576_Y	0	1.968725884935259e-05	cluster_0_1_mixed
581_A	0	1.968367585334367e-05	cluster_0_1_mixed
31_L	0	1.966960785890742e-05	cluster_0_1_mixed
226_M	0	1.9660640790596774e-05	cluster_0_1_mixed
398_S	0	1.9658836584438325e-05	cluster_0_1_mixed
419_Y	0	1.964254016113054e-05	cluster_0_1_mixed
416_Q	0	1.963112404526264e-05	cluster_0_1_mixed
249_F	0	1.9630264874930935e-05	cluster_0_1_mixed
666_V	0	1.9607884254638885e-05	cluster_0_1_mixed
664_F	0	1.959997947399382e-05	cluster_0_1_mixed
378_L	0	1.9592404482912033e-05	cluster_0_1_mixed
865_I	0	1.9577509311916137e-05	cluster_0_1_mixed
436_C	0	1.9556045698019784e-05	cluster_0_1_mixed
414_A	0	1.954931769371056e-05	cluster_0_1_mixed
913_Y	0	1.954655313784679e-05	cluster_0_1_mixed
215_Q	0	1.9543261681079e-05	cluster_0_1_mixed
869_P	0	1.9541889269874604e-05	cluster_0_1_mixed
702_S	0	1.951670771416567e-05	cluster_0_1_mixed
362_T	0	1.9489030966566492e-05	cluster_0_1_mixed
419_N	0	1.947670795965283e-05	cluster_0_1_mixed
815_F	0	1.9474525150523108e-05	cluster_0_1_mixed
60_I	0	1.947053528081069e-05	cluster_0_1_mixed
725_Q	0	1.9457151764118847e-05	cluster_0_1_mixed
663_E	0	1.9428862044742817e-05	cluster_0_1_mixed
667_M	0	1.941935210759994e-05	cluster_0_1_mixed
870_D	0	1.9393826474701362e-05	cluster_0_1_mixed
466_G	0	1.938751046903244e-05	cluster_0_1_mixed
191_E	0	1.937983844509318e-05	cluster_0_1_mixed
639_V	0	1.9371355694289823e-05	cluster_0_1_mixed
680_S	0	1.9355339958087082e-05	cluster_0_1_mixed
242_F	0	1.9354751747723544e-05	cluster_0_1_mixed
420_N	0	1.935406768603586e-05	cluster_0_1_mixed
336_Y	0	1.9348651187620816e-05	cluster_0_1_mixed
628_D	0	1.932108385402556e-05	cluster_0_1_mixed
479_R	0	1.9321073680492046e-05	cluster_0_1_mixed
392_G	0	1.9318344034659865e-05	cluster_0_1_mixed
171_A	0	1.9313310715008193e-05	cluster_0_1_mixed
335_D	0	1.9311473353466875e-05	cluster_0_1_mixed
909_F	0	1.929953752701751e-05	cluster_0_1_mixed
848_M	0	1.928300446951578e-05	cluster_0_1_mixed
422_L	0	1.9281518649393697e-05	cluster_0_1_mixed
214_T	0	1.928028013771965e-05	cluster_0_1_mixed
183_A	0	1.928023048404833e-05	cluster_0_1_mixed
852_K	0	1.9279935909725607e-05	cluster_0_1_mixed
423_M	0	1.927871086870187e-05	cluster_0_1_mixed
437_M	0	1.9277887731706032e-05	cluster_0_1_mixed
531_I	0	1.9274303150838097e-05	cluster_0_1_mixed
52_A	0	1.9265457689897788e-05	cluster_0_1_mixed
639_M	0	1.925579712958298e-05	cluster_0_1_mixed
817_E	0	1.923643742274667e-05	cluster_0_1_mixed
817_R	0	1.923633292730727e-05	cluster_0_1_mixed
781_K	0	1.9231073189570123e-05	cluster_0_1_mixed
685_T	0	1.9223783280850075e-05	cluster_0_1_mixed
556_F	0	1.9220715489561172e-05	cluster_0_1_mixed
252_M	0	1.9212024518636306e-05	cluster_0_1_mixed
431_Q	0	1.9209566441267042e-05	cluster_0_1_mixed
852_Q	0	1.9182409098369703e-05	cluster_0_1_mixed
339_Q	0	1.918240607441199e-05	cluster_0_1_mixed
718_V	0	1.917660291446064e-05	cluster_0_1_mixed
449_G	0	1.916852880592807e-05	cluster_0_1_mixed
563_W	0	1.9165571575692504e-05	cluster_0_1_mixed
800_H	0	1.9156529169090126e-05	cluster_0_1_mixed
517_M	0	1.9148110332235925e-05	cluster_0_1_mixed
12_G	0	1.91389355588735e-05	cluster_0_1_mixed
489_W	0	1.911375817971476e-05	cluster_0_1_mixed
517_F	0	1.909273269623709e-05	cluster_0_1_mixed
629_N	0	1.909132014022951e-05	cluster_0_1_mixed
672_Y	0	1.9075918610336547e-05	cluster_0_1_mixed
577_V	0	1.9059903872209208e-05	cluster_0_1_mixed
435_Y	0	1.9054039923445284e-05	cluster_0_1_mixed
354_Q	0	1.905273239843e-05	cluster_0_1_mixed
420_S	0	1.9044360671631845e-05	cluster_0_1_mixed
333_I	0	1.9035218143546944e-05	cluster_0_1_mixed
314_W	0	1.9027970917355665e-05	cluster_0_1_mixed
836_V	0	1.9020073007267608e-05	cluster_0_1_mixed
450_N	0	1.9005504405830643e-05	cluster_0_1_mixed
54_P	0	1.8976598000999003e-05	cluster_0_1_mixed
919_M	0	1.8969598187163087e-05	cluster_0_1_mixed
882_E	0	1.8959777958564335e-05	cluster_0_1_mixed
560_W	0	1.895960900419934e-05	cluster_0_1_mixed
539_R	0	1.8955887575990167e-05	cluster_0_1_mixed
585_G	0	1.8943298736657365e-05	cluster_0_1_mixed
842_M	0	1.8933813103425515e-05	cluster_0_1_mixed
474_N	0	1.8901271008943044e-05	cluster_0_1_mixed
350_H	0	1.8899651747806464e-05	cluster_0_1_mixed
816_M	0	1.889548484144389e-05	cluster_0_1_mixed
769_Y	0	1.8866730984794076e-05	cluster_0_1_mixed
570_R	0	1.8865716248055962e-05	cluster_0_1_mixed
855_N	0	1.8852030699130922e-05	cluster_0_1_mixed
469_L	0	1.8834820589450065e-05	cluster_0_1_mixed
526_E	0	1.8794443281944022e-05	cluster_0_1_mixed
571_F	0	1.8794064466789495e-05	cluster_0_1_mixed
536_K	0	1.879215664106404e-05	cluster_0_1_mixed
414_N	0	1.878441845811024e-05	cluster_0_1_mixed
171_W	0	1.8776899965814695e-05	cluster_0_1_mixed
245_R	0	1.876508458862717e-05	cluster_0_1_mixed
523_I	0	1.876144792718771e-05	cluster_0_1_mixed
202_H	0	1.8760151454449778e-05	cluster_0_1_mixed
574_F	0	1.8752912211090894e-05	cluster_0_1_mixed
748_G	0	1.874900628124599e-05	cluster_0_1_mixed
167_K	0	1.8745510019855783e-05	cluster_0_1_mixed
375_E	0	1.8736317496242653e-05	cluster_0_1_mixed
240_C	0	1.873469549074987e-05	cluster_0_1_mixed
515_G	0	1.8730404045678654e-05	cluster_0_1_mixed
557_F	0	1.8719415980278853e-05	cluster_0_1_mixed
465_S	0	1.8719181994587953e-05	cluster_0_1_mixed
346_L	0	1.8707482907929474e-05	cluster_0_1_mixed
922_T	0	1.8706321883556207e-05	cluster_0_1_mixed
553_Q	0	1.870120459481385e-05	cluster_0_1_mixed
318_I	0	1.8697483234901452e-05	cluster_0_1_mixed
196_K	0	1.86960630109108e-05	cluster_0_1_mixed
183_G	0	1.86825091626611e-05	cluster_0_1_mixed
734_D	0	1.8652104498334082e-05	cluster_0_1_mixed
669_P	0	1.8646397695231528e-05	cluster_0_1_mixed
532_Q	0	1.862519808237939e-05	cluster_0_1_mixed
113_L	0	1.861811882811195e-05	cluster_0_1_mixed
516_Y	0	1.861168634549947e-05	cluster_0_1_mixed
20_S	0	1.8584397181256675e-05	cluster_0_1_mixed
93_Y	0	1.858180738763522e-05	cluster_0_1_mixed
656_L	0	1.8569651250465334e-05	cluster_0_1_mixed
523_V	0	1.855626962015248e-05	cluster_0_1_mixed
454_A	0	1.855274772699605e-05	cluster_0_1_mixed
731_M	0	1.854835099170873e-05	cluster_0_1_mixed
617_I	0	1.8546248117285898e-05	cluster_0_1_mixed
519_K	0	1.8539223623264667e-05	cluster_0_1_mixed
532_M	0	1.851967329517901e-05	cluster_0_1_mixed
571_Y	0	1.851624555290348e-05	cluster_0_1_mixed
907_A	0	1.8507405232591204e-05	cluster_0_1_mixed
735_Q	0	1.8496216826614183e-05	cluster_0_1_mixed
769_M	0	1.8480649550223615e-05	cluster_0_1_mixed
380_F	0	1.8473947363586112e-05	cluster_0_1_mixed
218_V	0	1.8468126756833586e-05	cluster_0_1_mixed
875_Q	0	1.8467273181667427e-05	cluster_0_1_mixed
173_N	0	1.8466871413677964e-05	cluster_0_1_mixed
656_S	0	1.845998707784368e-05	cluster_0_1_mixed
490_I	0	1.843618391427197e-05	cluster_0_1_mixed
187_I	0	1.842855936927105e-05	cluster_0_1_mixed
690_M	0	1.8421029018121184e-05	cluster_0_1_mixed
424_M	0	1.8417999469769846e-05	cluster_0_1_mixed
688_A	0	1.8414791305785403e-05	cluster_0_1_mixed
433_A	0	1.8413187294991455e-05	cluster_0_1_mixed
550_I	0	1.8393148661157865e-05	cluster_0_1_mixed
211_K	0	1.8388539446695475e-05	cluster_0_1_mixed
103_N	0	1.835671847860137e-05	cluster_0_1_mixed
639_G	0	1.833677914170659e-05	cluster_0_1_mixed
324_L	0	1.8320891208956365e-05	cluster_0_1_mixed
563_M	0	1.83145450215806e-05	cluster_0_1_mixed
490_V	0	1.830514575243446e-05	cluster_0_1_mixed
872_L	0	1.829002256435317e-05	cluster_0_1_mixed
323_I	0	1.8286775854706907e-05	cluster_0_1_mixed
187_D	0	1.8278214305818595e-05	cluster_0_1_mixed
96_K	0	1.827700482551311e-05	cluster_0_1_mixed
178_K	0	1.8276534264837668e-05	cluster_0_1_mixed
315_S	0	1.8273238734118645e-05	cluster_0_1_mixed
397_H	0	1.8258606430204115e-05	cluster_0_1_mixed
412_M	0	1.824171010253145e-05	cluster_0_1_mixed
265_F	0	1.8234832827088846e-05	cluster_0_1_mixed
192_D	0	1.820829595454143e-05	cluster_0_1_mixed
612_Q	0	1.820283454824692e-05	cluster_0_1_mixed
329_K	0	1.8200220812761578e-05	cluster_0_1_mixed
469_M	0	1.819331518185408e-05	cluster_0_1_mixed
871_R	0	1.81857322059848e-05	cluster_0_1_mixed
578_I	0	1.8184751046185524e-05	cluster_0_1_mixed
850_N	0	1.8171709350823746e-05	cluster_0_1_mixed
410_A	0	1.815115557499638e-05	cluster_0_1_mixed
646_K	0	1.8136355400914865e-05	cluster_0_1_mixed
581_G	0	1.8133557336954735e-05	cluster_0_1_mixed
535_K	0	1.8116807259061525e-05	cluster_0_1_mixed
788_A	0	1.8114384548571344e-05	cluster_0_1_mixed
693_K	0	1.8101313914273314e-05	cluster_0_1_mixed
674_I	0	1.8094675361853156e-05	cluster_0_1_mixed
555_H	0	1.808361713177497e-05	cluster_0_1_mixed
397_Q	0	1.8081624462131204e-05	cluster_0_1_mixed
661_D	0	1.8072012487734414e-05	cluster_0_1_mixed
835_H	0	1.8068244469124713e-05	cluster_0_1_mixed
928_A	0	1.8060640614465812e-05	cluster_0_1_mixed
482_L	0	1.8059535343049378e-05	cluster_0_1_mixed
473_L	0	1.8041043477101756e-05	cluster_0_1_mixed
365_Q	0	1.8031887599478766e-05	cluster_0_1_mixed
337_W	0	1.8025645409408837e-05	cluster_0_1_mixed
876_R	0	1.8010982968827576e-05	cluster_0_1_mixed
649_R	0	1.8004352525306763e-05	cluster_0_1_mixed
470_N	0	1.7994478771762416e-05	cluster_0_1_mixed
379_R	0	1.7991509117461413e-05	cluster_0_1_mixed
429_I	0	1.7973162136717672e-05	cluster_0_1_mixed
540_W	0	1.7961508450924128e-05	cluster_0_1_mixed
886_N	0	1.7939023549113152e-05	cluster_0_1_mixed
523_E	0	1.7936772812096407e-05	cluster_0_1_mixed
413_E	0	1.7927328082987145e-05	cluster_0_1_mixed
375_Q	0	1.7923656705566467e-05	cluster_0_1_mixed
475_A	0	1.7923336930070328e-05	cluster_0_1_mixed
644_A	0	1.7916019153404126e-05	cluster_0_1_mixed
176_S	0	1.79158781979355e-05	cluster_0_1_mixed
255_T	0	1.789540727453158e-05	cluster_0_1_mixed
208_Y	0	1.7893626209127165e-05	cluster_0_1_mixed
848_R	0	1.7880055865848333e-05	cluster_0_1_mixed
817_I	0	1.784054061674236e-05	cluster_0_1_mixed
569_F	0	1.782726926954075e-05	cluster_0_1_mixed
612_M	0	1.782534222123079e-05	cluster_0_1_mixed
715_D	0	1.781049797918238e-05	cluster_0_1_mixed
464_Y	0	1.7798824009453923e-05	cluster_0_1_mixed
469_V	0	1.7794685831184906e-05	cluster_0_1_mixed
220_P	0	1.7792060688990636e-05	cluster_0_1_mixed
464_T	0	1.7791476909666377e-05	cluster_0_1_mixed
919_S	0	1.7788116291951024e-05	cluster_0_1_mixed
224_D	0	1.7772850349217068e-05	cluster_0_1_mixed
489_F	0	1.7750835895617716e-05	cluster_0_1_mixed
325_Y	0	1.7737341826698884e-05	cluster_0_1_mixed
870_M	0	1.772271854478304e-05	cluster_0_1_mixed
480_P	0	1.771307924470457e-05	cluster_0_1_mixed
138_I	0	1.7711380200001108e-05	cluster_0_1_mixed
26_R	0	1.770839538485886e-05	cluster_0_1_mixed
672_Q	0	1.7689400362428532e-05	cluster_0_1_mixed
693_T	0	1.7684387492896042e-05	cluster_0_1_mixed
446_S	0	1.7656366381889422e-05	cluster_0_1_mixed
647_I	0	1.7654866151933658e-05	cluster_0_1_mixed
91_R	0	1.7653083417491368e-05	cluster_0_1_mixed
432_I	0	1.7632441437270215e-05	cluster_0_1_mixed
524_I	0	1.7624356594423544e-05	cluster_0_1_mixed
465_T	0	1.7595359689449805e-05	cluster_0_1_mixed
464_D	0	1.759458260266752e-05	cluster_0_1_mixed
427_F	0	1.7569359194651054e-05	cluster_0_1_mixed
663_P	0	1.7569235748120628e-05	cluster_0_1_mixed
905_R	0	1.7567336963495185e-05	cluster_0_1_mixed
268_V	0	1.7558069262316023e-05	cluster_0_1_mixed
81_V	0	1.7554823320180934e-05	cluster_0_1_mixed
887_P	0	1.7548175182835867e-05	cluster_0_1_mixed
607_I	0	1.7537231416018985e-05	cluster_0_1_mixed
355_G	0	1.753026047847673e-05	cluster_0_1_mixed
746_F	0	1.7529572756125247e-05	cluster_0_1_mixed
329_N	0	1.7524638923003948e-05	cluster_0_1_mixed
412_Q	0	1.7524517103284302e-05	cluster_0_1_mixed
36_R	0	1.7523991328001067e-05	cluster_0_1_mixed
489_Y	0	1.7521147342518558e-05	cluster_0_1_mixed
329_C	0	1.7504231346073284e-05	cluster_0_1_mixed
673_V	0	1.750415094914759e-05	cluster_0_1_mixed
876_K	0	1.7497998037327873e-05	cluster_0_1_mixed
685_Y	0	1.7489845118301385e-05	cluster_0_1_mixed
332_F	0	1.7485419488732524e-05	cluster_0_1_mixed
395_P	0	1.7484858034942163e-05	cluster_0_1_mixed
549_R	0	1.7484199696169127e-05	cluster_0_1_mixed
685_F	0	1.7477855829189247e-05	cluster_0_1_mixed
865_M	0	1.7463901770716407e-05	cluster_0_1_mixed
196_S	0	1.7450808494273927e-05	cluster_0_1_mixed
551_W	0	1.744456491410002e-05	cluster_0_1_mixed
531_V	0	1.74383375456499e-05	cluster_0_1_mixed
881_E	0	1.7432526479354008e-05	cluster_0_1_mixed
317_F	0	1.7417001493636665e-05	cluster_0_1_mixed
649_Y	0	1.7388390540841088e-05	cluster_0_1_mixed
759_R	0	1.73609443662726e-05	cluster_0_1_mixed
465_F	0	1.7354706525721907e-05	cluster_0_1_mixed
542_I	0	1.7349953652221762e-05	cluster_0_1_mixed
125_S	0	1.7342476450081266e-05	cluster_0_1_mixed
554_P	0	1.733952626556671e-05	cluster_0_1_mixed
382_R	0	1.7335355429970225e-05	cluster_0_1_mixed
836_I	0	1.733491588861612e-05	cluster_0_1_mixed
535_W	0	1.7326187966241252e-05	cluster_0_1_mixed
208_N	0	1.732352671531236e-05	cluster_0_1_mixed
265_R	0	1.730604710219741e-05	cluster_0_1_mixed
627_Q	0	1.7294725587922364e-05	cluster_0_1_mixed
573_Q	0	1.7291424846963908e-05	cluster_0_1_mixed
315_K	0	1.7285335451049088e-05	cluster_0_1_mixed
729_R	0	1.7285233032937102e-05	cluster_0_1_mixed
560_K	0	1.7282129802938493e-05	cluster_0_1_mixed
367_S	0	1.726309917169637e-05	cluster_0_1_mixed
736_I	0	1.7235680093585686e-05	cluster_0_1_mixed
782_P	0	1.7231534073999508e-05	cluster_0_1_mixed
816_L	0	1.7230683384362702e-05	cluster_0_1_mixed
669_N	0	1.722764441099969e-05	cluster_0_1_mixed
187_Y	0	1.722556120235466e-05	cluster_0_1_mixed
189_L	0	1.7218237877407252e-05	cluster_0_1_mixed
938_R	0	1.7209399678389184e-05	cluster_0_1_mixed
247_H	0	1.7199414344330923e-05	cluster_0_1_mixed
648_M	0	1.719813027818625e-05	cluster_0_1_mixed
678_I	0	1.7170798598720935e-05	cluster_0_1_mixed
199_S	0	1.717013834315748e-05	cluster_0_1_mixed
110_E	0	1.7165338605315613e-05	cluster_0_1_mixed
688_I	0	1.7155423363720682e-05	cluster_0_1_mixed
517_S	0	1.714779559775626e-05	cluster_0_1_mixed
457_A	0	1.7147020226002395e-05	cluster_0_1_mixed
772_E	0	1.714395152989317e-05	cluster_0_1_mixed
256_S	0	1.7143710647985796e-05	cluster_0_1_mixed
163_N	0	1.71395390031534e-05	cluster_0_1_mixed
428_I	0	1.7135634853060934e-05	cluster_0_1_mixed
526_N	0	1.7127925024267247e-05	cluster_0_1_mixed
45_V	0	1.710445930634983e-05	cluster_0_1_mixed
857_N	0	1.7091588536647994e-05	cluster_0_1_mixed
647_D	0	1.706222361613931e-05	cluster_0_1_mixed
387_T	0	1.7062045836107744e-05	cluster_0_1_mixed
255_F	0	1.7054515951424566e-05	cluster_0_1_mixed
833_P	0	1.7018695763275958e-05	cluster_0_1_mixed
665_V	0	1.7007506655691985e-05	cluster_0_1_mixed
557_M	0	1.700328011330163e-05	cluster_0_1_mixed
426_I	0	1.6989970984810963e-05	cluster_0_1_mixed
525_E	0	1.6980371752447405e-05	cluster_0_1_mixed
797_P	0	1.6975124894876687e-05	cluster_0_1_mixed
518_P	0	1.697488423857345e-05	cluster_0_1_mixed
254_A	0	1.6960271088637524e-05	cluster_0_1_mixed
851_G	0	1.695967105625991e-05	cluster_0_1_mixed
790_Q	0	1.6952693993981687e-05	cluster_0_1_mixed
359_I	0	1.6945661947085678e-05	cluster_0_1_mixed
178_G	0	1.6937850870278637e-05	cluster_0_1_mixed
834_G	0	1.6910327137210695e-05	cluster_0_1_mixed
527_Q	0	1.6896702162483453e-05	cluster_0_1_mixed
881_S	0	1.688624367417445e-05	cluster_0_1_mixed
793_E	0	1.688481275027217e-05	cluster_0_1_mixed
426_P	0	1.687517341441193e-05	cluster_0_1_mixed
427_L	0	1.685284866808531e-05	cluster_0_1_mixed
525_M	0	1.683942992841092e-05	cluster_0_1_mixed
697_T	0	1.6834901176143503e-05	cluster_0_1_mixed
449_Q	0	1.6832818840351618e-05	cluster_0_1_mixed
773_V	0	1.6829985622548483e-05	cluster_0_1_mixed
206_N	0	1.6800216706619543e-05	cluster_0_1_mixed
701_H	0	1.679014328067063e-05	cluster_0_1_mixed
475_P	0	1.6788211186668853e-05	cluster_0_1_mixed
891_Q	0	1.675600515337856e-05	cluster_0_1_mixed
468_P	0	1.6755483750649975e-05	cluster_0_1_mixed
797_L	0	1.675309439502964e-05	cluster_0_1_mixed
490_M	0	1.6751103962272096e-05	cluster_0_1_mixed
181_A	0	1.6744423833824544e-05	cluster_0_1_mixed
837_E	0	1.6731940365557276e-05	cluster_0_1_mixed
859_E	0	1.673133513292207e-05	cluster_0_1_mixed
630_K	0	1.671548051765004e-05	cluster_0_1_mixed
925_Q	0	1.6713574926540123e-05	cluster_0_1_mixed
304_P	0	1.6706195169053366e-05	cluster_0_1_mixed
655_F	0	1.669473020013602e-05	cluster_0_1_mixed
914_V	0	1.6693133579963996e-05	cluster_0_1_mixed
196_R	0	1.66860705101681e-05	cluster_0_1_mixed
711_Y	0	1.6668117222759023e-05	cluster_0_1_mixed
696_K	0	1.665540997675186e-05	cluster_0_1_mixed
840_K	0	1.6650841927844263e-05	cluster_0_1_mixed
529_D	0	1.6648948751328497e-05	cluster_0_1_mixed
438_T	0	1.664804689392094e-05	cluster_0_1_mixed
168_N	0	1.663649093730611e-05	cluster_0_1_mixed
336_E	0	1.6634901716790137e-05	cluster_0_1_mixed
864_G	0	1.6617371392295813e-05	cluster_0_1_mixed
487_H	0	1.661089025692757e-05	cluster_0_1_mixed
875_D	0	1.6610780863976116e-05	cluster_0_1_mixed
649_P	0	1.659806241017962e-05	cluster_0_1_mixed
111_V	0	1.65918495345623e-05	cluster_0_1_mixed
337_G	0	1.6590193609960392e-05	cluster_0_1_mixed
179_L	0	1.6589246145046823e-05	cluster_0_1_mixed
891_N	0	1.65887742201016e-05	cluster_0_1_mixed
798_I	0	1.656399635116422e-05	cluster_0_1_mixed
496_Q	0	1.6562713733868853e-05	cluster_0_1_mixed
251_V	0	1.6545580696847356e-05	cluster_0_1_mixed
873_G	0	1.654080136685002e-05	cluster_0_1_mixed
183_V	0	1.6528690251843013e-05	cluster_0_1_mixed
297_H	0	1.652019135001235e-05	cluster_0_1_mixed
906_T	0	1.651951328967444e-05	cluster_0_1_mixed
658_T	0	1.651071347261949e-05	cluster_0_1_mixed
572_F	0	1.6498802857720617e-05	cluster_0_1_mixed
562_P	0	1.646875641164986e-05	cluster_0_1_mixed
324_T	0	1.6465201006777963e-05	cluster_0_1_mixed
181_H	0	1.645495285261997e-05	cluster_0_1_mixed
374_P	0	1.644285278264187e-05	cluster_0_1_mixed
710_V	0	1.643162133860727e-05	cluster_0_1_mixed
488_M	0	1.6423489341517412e-05	cluster_0_1_mixed
782_H	0	1.6412315309280304e-05	cluster_0_1_mixed
515_T	0	1.6408920080384866e-05	cluster_0_1_mixed
406_W	0	1.6390834088566553e-05	cluster_0_1_mixed
532_W	0	1.6385932649213396e-05	cluster_0_1_mixed
417_I	0	1.637373694361516e-05	cluster_0_1_mixed
365_Y	0	1.635534675937036e-05	cluster_0_1_mixed
421_I	0	1.635403244486251e-05	cluster_0_1_mixed
217_Q	0	1.6351832842444572e-05	cluster_0_1_mixed
356_V	0	1.6343721556473394e-05	cluster_0_1_mixed
184_A	0	1.6332857703126718e-05	cluster_0_1_mixed
15_N	0	1.63308967689279e-05	cluster_0_1_mixed
664_V	0	1.6324355558600908e-05	cluster_0_1_mixed
575_W	0	1.631342276990589e-05	cluster_0_1_mixed
923_M	0	1.6307208388355103e-05	cluster_0_1_mixed
580_I	0	1.6292592719027396e-05	cluster_0_1_mixed
95_G	0	1.628915234540088e-05	cluster_0_1_mixed
734_V	0	1.628240899514495e-05	cluster_0_1_mixed
239_P	0	1.628068697988681e-05	cluster_0_1_mixed
6_L	0	1.626909788968227e-05	cluster_0_1_mixed
713_E	0	1.6267855838598797e-05	cluster_0_1_mixed
770_I	0	1.626197912946095e-05	cluster_0_1_mixed
104_I	0	1.626123627859115e-05	cluster_0_1_mixed
386_I	0	1.623655017114491e-05	cluster_0_1_mixed
441_N	0	1.621449688181328e-05	cluster_0_1_mixed
873_E	0	1.6200242044122017e-05	cluster_0_1_mixed
825_M	0	1.6198866171355618e-05	cluster_0_1_mixed
686_A	0	1.6183852081155163e-05	cluster_0_1_mixed
418_E	0	1.6164303603591672e-05	cluster_0_1_mixed
676_R	0	1.6112087531214906e-05	cluster_0_1_mixed
384_Y	0	1.6111937162285033e-05	cluster_0_1_mixed
847_T	0	1.610457055578263e-05	cluster_0_1_mixed
897_T	0	1.6100955281424973e-05	cluster_0_1_mixed
842_A	0	1.6094148489969244e-05	cluster_0_1_mixed
444_Y	0	1.606209034845759e-05	cluster_0_1_mixed
436_E	0	1.6056223403115922e-05	cluster_0_1_mixed
68_T	0	1.60535863366088e-05	cluster_0_1_mixed
896_E	0	1.6028665293390457e-05	cluster_0_1_mixed
326_E	0	1.60274081761439e-05	cluster_0_1_mixed
692_M	0	1.601857761811532e-05	cluster_0_1_mixed
484_V	0	1.600388645454549e-05	cluster_0_1_mixed
218_S	0	1.6001411022406636e-05	cluster_0_1_mixed
921_A	0	1.5996008688637497e-05	cluster_0_1_mixed
676_N	0	1.598229055125392e-05	cluster_0_1_mixed
344_D	0	1.5975743148514167e-05	cluster_0_1_mixed
33_Y	0	1.5970434063630425e-05	cluster_0_1_mixed
199_H	0	1.596797717029121e-05	cluster_0_1_mixed
453_Q	0	1.5958028848022917e-05	cluster_0_1_mixed
90_I	0	1.591995297478625e-05	cluster_0_1_mixed
774_Q	0	1.5914119390821584e-05	cluster_0_1_mixed
669_V	0	1.5912502322380932e-05	cluster_0_1_mixed
200_Y	0	1.5906343504643224e-05	cluster_0_1_mixed
122_A	0	1.5899211262785963e-05	cluster_0_1_mixed
852_P	0	1.5898835453080986e-05	cluster_0_1_mixed
441_R	0	1.5893339918112485e-05	cluster_0_1_mixed
701_N	0	1.5879349634130596e-05	cluster_0_1_mixed
342_H	0	1.587179366792844e-05	cluster_0_1_mixed
111_I	0	1.5863017691904094e-05	cluster_0_1_mixed
240_K	0	1.586109535023196e-05	cluster_0_1_mixed
545_I	0	1.585361748904594e-05	cluster_0_1_mixed
5_Q	0	1.5810250448727044e-05	cluster_0_1_mixed
219_V	0	1.580613470332049e-05	cluster_0_1_mixed
795_R	0	1.5800554628547534e-05	cluster_0_1_mixed
878_T	0	1.5791293290747478e-05	cluster_0_1_mixed
445_V	0	1.5785531893573845e-05	cluster_0_1_mixed
449_Y	0	1.577842925185992e-05	cluster_0_1_mixed
932_Q	0	1.5750855224867554e-05	cluster_0_1_mixed
529_F	0	1.575061498993024e-05	cluster_0_1_mixed
368_N	0	1.5734380641636705e-05	cluster_0_1_mixed
874_L	0	1.5729771391379593e-05	cluster_0_1_mixed
442_S	0	1.5724736245243293e-05	cluster_0_1_mixed
662_G	0	1.572392349417474e-05	cluster_0_1_mixed
491_Y	0	1.5718391233360247e-05	cluster_0_1_mixed
87_S	0	1.5709698902035768e-05	cluster_0_1_mixed
261_R	0	1.5693195968786903e-05	cluster_0_1_mixed
892_G	0	1.5686676928234565e-05	cluster_0_1_mixed
532_E	0	1.5681486772908332e-05	cluster_0_1_mixed
766_V	0	1.5678686080489846e-05	cluster_0_1_mixed
454_D	0	1.5655905480448066e-05	cluster_0_1_mixed
35_W	0	1.5650175044462633e-05	cluster_0_1_mixed
527_M	0	1.563472884416797e-05	cluster_0_1_mixed
632_M	0	1.561762688700409e-05	cluster_0_1_mixed
850_D	0	1.560298118246784e-05	cluster_0_1_mixed
216_V	0	1.5593959657148674e-05	cluster_0_1_mixed
117_Q	0	1.5583963658144062e-05	cluster_0_1_mixed
835_K	0	1.5579604690960154e-05	cluster_0_1_mixed
15_K	0	1.557395552253127e-05	cluster_0_1_mixed
561_M	0	1.556393258224194e-05	cluster_0_1_mixed
547_W	0	1.5559459790726154e-05	cluster_0_1_mixed
386_S	0	1.5558954029429965e-05	cluster_0_1_mixed
380_W	0	1.5554839465078492e-05	cluster_0_1_mixed
169_K	0	1.5550254921907837e-05	cluster_0_1_mixed
411_D	0	1.5550105723930335e-05	cluster_0_1_mixed
396_G	0	1.5547976595618544e-05	cluster_0_1_mixed
896_V	0	1.5544726616197145e-05	cluster_0_1_mixed
244_E	0	1.5531273134238e-05	cluster_0_1_mixed
551_I	0	1.552494935206853e-05	cluster_0_1_mixed
283_I	0	1.5519067750700837e-05	cluster_0_1_mixed
694_A	0	1.5508252475819817e-05	cluster_0_1_mixed
579_W	0	1.5501114019100604e-05	cluster_0_1_mixed
570_W	0	1.549248976549955e-05	cluster_0_1_mixed
766_G	0	1.5491359817769043e-05	cluster_0_1_mixed
70_P	0	1.5487002155171437e-05	cluster_0_1_mixed
122_Y	0	1.5476721282689993e-05	cluster_0_1_mixed
677_T	0	1.5473372194733874e-05	cluster_0_1_mixed
334_E	0	1.547217524621659e-05	cluster_0_1_mixed
382_I	0	1.546881912544877e-05	cluster_0_1_mixed
427_A	0	1.5466085256651708e-05	cluster_0_1_mixed
417_E	0	1.5442119726852834e-05	cluster_0_1_mixed
534_H	0	1.544044152033145e-05	cluster_0_1_mixed
654_H	0	1.5429075842054975e-05	cluster_0_1_mixed
171_P	0	1.54213597197324e-05	cluster_0_1_mixed
858_E	0	1.5418088020103542e-05	cluster_0_1_mixed
729_Q	0	1.5414159211607987e-05	cluster_0_1_mixed
321_F	0	1.5394481346716248e-05	cluster_0_1_mixed
719_G	0	1.5385537411181395e-05	cluster_0_1_mixed
914_T	0	1.536569906765526e-05	cluster_0_1_mixed
898_Y	0	1.5348571226835218e-05	cluster_0_1_mixed
407_T	0	1.5346848017106814e-05	cluster_0_1_mixed
563_Q	0	1.534276017101255e-05	cluster_0_1_mixed
862_A	0	1.5342331547092596e-05	cluster_0_1_mixed
51_L	0	1.533672703708569e-05	cluster_0_1_mixed
893_P	0	1.530944002672448e-05	cluster_0_1_mixed
433_P	0	1.5296713341926765e-05	cluster_0_1_mixed
338_D	0	1.5290415110043417e-05	cluster_0_1_mixed
331_L	0	1.528971844302172e-05	cluster_0_1_mixed
682_Y	0	1.527996148834757e-05	cluster_0_1_mixed
464_Q	0	1.52677322162941e-05	cluster_0_1_mixed
673_F	0	1.5264116262970996e-05	cluster_0_1_mixed
789_P	0	1.5261701102903403e-05	cluster_0_1_mixed
716_T	0	1.5261239192495605e-05	cluster_0_1_mixed
716_C	0	1.5240076408254522e-05	cluster_0_1_mixed
878_G	0	1.5233025048071596e-05	cluster_0_1_mixed
369_S	0	1.5232532901115509e-05	cluster_0_1_mixed
480_W	0	1.522939058803213e-05	cluster_0_1_mixed
900_F	0	1.5209642980334743e-05	cluster_0_1_mixed
522_M	0	1.5199203471597003e-05	cluster_0_1_mixed
367_A	0	1.5197649406653063e-05	cluster_0_1_mixed
368_L	0	1.519281434098983e-05	cluster_0_1_mixed
629_A	0	1.5161624980815763e-05	cluster_0_1_mixed
816_E	0	1.5159409098515877e-05	cluster_0_1_mixed
579_V	0	1.5124184963823716e-05	cluster_0_1_mixed
297_S	0	1.5123299059923853e-05	cluster_0_1_mixed
926_S	0	1.5120596807071066e-05	cluster_0_1_mixed
900_Y	0	1.5107041209340483e-05	cluster_0_1_mixed
465_A	0	1.509990484007916e-05	cluster_0_1_mixed
906_A	0	1.509024098057557e-05	cluster_0_1_mixed
875_S	0	1.5089082465559869e-05	cluster_0_1_mixed
601_S	0	1.5084474387763508e-05	cluster_0_1_mixed
789_I	0	1.5074626511338795e-05	cluster_0_1_mixed
936_H	0	1.5073172150283884e-05	cluster_0_1_mixed
870_V	0	1.5065170340857156e-05	cluster_0_1_mixed
631_A	0	1.5064397910780922e-05	cluster_0_1_mixed
913_M	0	1.5044078805399696e-05	cluster_0_1_mixed
646_R	0	1.5033666120837215e-05	cluster_0_1_mixed
727_T	0	1.5028479708763334e-05	cluster_0_1_mixed
469_Y	0	1.5023406595270358e-05	cluster_0_1_mixed
0_M	0	1.5008967099092397e-05	cluster_0_1_mixed
589_G	0	1.5005982686386285e-05	cluster_0_1_mixed
410_E	0	1.5001096684708082e-05	cluster_0_1_mixed
544_K	0	1.4998867225046816e-05	cluster_0_1_mixed
727_G	0	1.4995724412878436e-05	cluster_0_1_mixed
555_E	0	1.4988905114198859e-05	cluster_0_1_mixed
455_T	0	1.4988265210294916e-05	cluster_0_1_mixed
392_C	0	1.4987597486643908e-05	cluster_0_1_mixed
778_L	0	1.4975721305894987e-05	cluster_0_1_mixed
431_E	0	1.4966388901488396e-05	cluster_0_1_mixed
773_N	0	1.4962910485264468e-05	cluster_0_1_mixed
73_G	0	1.4953153383292211e-05	cluster_0_1_mixed
427_I	0	1.4946306102559392e-05	cluster_0_1_mixed
409_V	0	1.494196867040766e-05	cluster_0_1_mixed
378_H	0	1.4941015631751933e-05	cluster_0_1_mixed
595_S	0	1.4925971482542522e-05	cluster_0_1_mixed
346_Q	0	1.4924138902718793e-05	cluster_0_1_mixed
893_N	0	1.4919373867795796e-05	cluster_0_1_mixed
391_K	0	1.4917387380382996e-05	cluster_0_1_mixed
306_K	0	1.4909407153552146e-05	cluster_0_1_mixed
58_F	0	1.4901875179430737e-05	cluster_0_1_mixed
667_F	0	1.489855143141562e-05	cluster_0_1_mixed
253_N	0	1.4888692065666068e-05	cluster_0_1_mixed
430_M	0	1.487939051474479e-05	cluster_0_1_mixed
433_H	0	1.4877981569014049e-05	cluster_0_1_mixed
550_W	0	1.4874625925374055e-05	cluster_0_1_mixed
149_Y	0	1.4868362090232737e-05	cluster_0_1_mixed
599_S	0	1.4868260579253017e-05	cluster_0_1_mixed
301_Q	0	1.4868218135998338e-05	cluster_0_1_mixed
200_N	0	1.4865771346899457e-05	cluster_0_1_mixed
207_M	0	1.4865141388655511e-05	cluster_0_1_mixed
779_V	0	1.4864010949873343e-05	cluster_0_1_mixed
845_F	0	1.4849082876455273e-05	cluster_0_1_mixed
643_S	0	1.4827906169120012e-05	cluster_0_1_mixed
679_L	0	1.4825748462802701e-05	cluster_0_1_mixed
367_F	0	1.4820503991273955e-05	cluster_0_1_mixed
666_Q	0	1.4812822853993768e-05	cluster_0_1_mixed
908_H	0	1.4808730070012535e-05	cluster_0_1_mixed
647_F	0	1.4808009131737438e-05	cluster_0_1_mixed
929_M	0	1.480404372285932e-05	cluster_0_1_mixed
661_T	0	1.4803229695644085e-05	cluster_0_1_mixed
774_S	0	1.4802408150417613e-05	cluster_0_1_mixed
420_E	0	1.4791110319475939e-05	cluster_0_1_mixed
911_Y	0	1.4750161958013025e-05	cluster_0_1_mixed
209_A	0	1.474095510024315e-05	cluster_0_1_mixed
647_V	0	1.4725665131992698e-05	cluster_0_1_mixed
520_E	0	1.4718160730190485e-05	cluster_0_1_mixed
389_M	0	1.4714938059503393e-05	cluster_0_1_mixed
492_M	0	1.4712405037892087e-05	cluster_0_1_mixed
405_F	0	1.4707019380204564e-05	cluster_0_1_mixed
851_V	0	1.4701729653836046e-05	cluster_0_1_mixed
676_H	0	1.4699077788559544e-05	cluster_0_1_mixed
413_S	0	1.469640479360971e-05	cluster_0_1_mixed
227_T	0	1.468816279475886e-05	cluster_0_1_mixed
8_G	0	1.4680980253740894e-05	cluster_0_1_mixed
785_S	0	1.4673585414867176e-05	cluster_0_1_mixed
367_K	0	1.467269832840367e-05	cluster_0_1_mixed
886_G	0	1.4648414734264681e-05	cluster_0_1_mixed
924_Q	0	1.4644367711068323e-05	cluster_0_1_mixed
530_I	0	1.4630295123093634e-05	cluster_0_1_mixed
320_N	0	1.462367656765585e-05	cluster_0_1_mixed
577_I	0	1.4620278669725915e-05	cluster_0_1_mixed
252_V	0	1.4617850693481923e-05	cluster_0_1_mixed
677_Q	0	1.4616985514915392e-05	cluster_0_1_mixed
216_E	0	1.4610944477702257e-05	cluster_0_1_mixed
280_A	0	1.4601507242667358e-05	cluster_0_1_mixed
387_K	0	1.4597907539457006e-05	cluster_0_1_mixed
640_L	0	1.45878192698184e-05	cluster_0_1_mixed
663_Q	0	1.4586046627842914e-05	cluster_0_1_mixed
935_N	0	1.4583150656364077e-05	cluster_0_1_mixed
903_S	0	1.4582350587106357e-05	cluster_0_1_mixed
524_D	0	1.4573663205523488e-05	cluster_0_1_mixed
185_R	0	1.4568352297975659e-05	cluster_0_1_mixed
538_F	0	1.456601605169085e-05	cluster_0_1_mixed
457_D	0	1.4556650314092853e-05	cluster_0_1_mixed
791_L	0	1.4547985657563858e-05	cluster_0_1_mixed
18_K	0	1.453251975554243e-05	cluster_0_1_mixed
479_D	0	1.451203557752083e-05	cluster_0_1_mixed
302_F	0	1.4505008707519776e-05	cluster_0_1_mixed
351_P	0	1.44964174926124e-05	cluster_0_1_mixed
223_N	0	1.4496279343736107e-05	cluster_0_1_mixed
339_F	0	1.4492137589508966e-05	cluster_0_1_mixed
817_K	0	1.447645743580899e-05	cluster_0_1_mixed
350_W	0	1.4465105737070383e-05	cluster_0_1_mixed
225_F	0	1.4460594312361338e-05	cluster_0_1_mixed
407_S	0	1.4457071588185164e-05	cluster_0_1_mixed
618_A	0	1.4434725142953938e-05	cluster_0_1_mixed
924_D	0	1.4432294003160359e-05	cluster_0_1_mixed
730_Q	0	1.443224003950209e-05	cluster_0_1_mixed
101_L	0	1.4427604626039991e-05	cluster_0_1_mixed
610_F	0	1.4420892481484138e-05	cluster_0_1_mixed
607_E	0	1.4411274711037724e-05	cluster_0_1_mixed
651_V	0	1.4410548038670195e-05	cluster_0_1_mixed
493_K	0	1.4407613015828469e-05	cluster_0_1_mixed
684_Q	0	1.4405220102973887e-05	cluster_0_1_mixed
577_M	0	1.4401284276635496e-05	cluster_0_1_mixed
314_I	0	1.4399388456382006e-05	cluster_0_1_mixed
443_V	0	1.439206986677247e-05	cluster_0_1_mixed
390_M	0	1.4386561366274225e-05	cluster_0_1_mixed
872_N	0	1.438556767392696e-05	cluster_0_1_mixed
668_D	0	1.438515185334867e-05	cluster_0_1_mixed
221_I	0	1.436871099576881e-05	cluster_0_1_mixed
867_K	0	1.4331243995896272e-05	cluster_0_1_mixed
127_T	0	1.4317435654541427e-05	cluster_0_1_mixed
380_Y	0	1.4310948008715474e-05	cluster_0_1_mixed
303_W	0	1.4310238438553814e-05	cluster_0_1_mixed
477_S	0	1.4306716785494711e-05	cluster_0_1_mixed
98_H	0	1.4305518344343618e-05	cluster_0_1_mixed
489_K	0	1.4289268225575284e-05	cluster_0_1_mixed
690_N	0	1.4287636770960163e-05	cluster_0_1_mixed
574_Q	0	1.4271886993232955e-05	cluster_0_1_mixed
525_R	0	1.4269028872096307e-05	cluster_0_1_mixed
386_R	0	1.4259394582932783e-05	cluster_0_1_mixed
538_K	0	1.4251874637627152e-05	cluster_0_1_mixed
343_P	0	1.4251529961593518e-05	cluster_0_1_mixed
529_Q	0	1.4247655467187372e-05	cluster_0_1_mixed
547_K	0	1.4239056400497615e-05	cluster_0_1_mixed
29_H	0	1.4235644055740382e-05	cluster_0_1_mixed
405_N	0	1.4235543522470443e-05	cluster_0_1_mixed
865_T	0	1.4220589089535774e-05	cluster_0_1_mixed
850_V	0	1.421934788967023e-05	cluster_0_1_mixed
680_R	0	1.4217074586544412e-05	cluster_0_1_mixed
401_H	0	1.4215481849790174e-05	cluster_0_1_mixed
768_Q	0	1.4194116785001296e-05	cluster_0_1_mixed
477_V	0	1.4190615577389065e-05	cluster_0_1_mixed
880_K	0	1.417903850532601e-05	cluster_0_1_mixed
229_A	0	1.4171212946887215e-05	cluster_0_1_mixed
786_S	0	1.4170390970610606e-05	cluster_0_1_mixed
175_P	0	1.4143576436727325e-05	cluster_0_1_mixed
669_I	0	1.4142919323529418e-05	cluster_0_1_mixed
693_H	0	1.4122067247429596e-05	cluster_0_1_mixed
780_E	0	1.4121489411945579e-05	cluster_0_1_mixed
177_I	0	1.4120676356168555e-05	cluster_0_1_mixed
335_M	0	1.411753367829669e-05	cluster_0_1_mixed
785_P	0	1.4101975567488878e-05	cluster_0_1_mixed
842_S	0	1.409733712329818e-05	cluster_0_1_mixed
172_P	0	1.4092827241975762e-05	cluster_0_1_mixed
867_F	0	1.4079068666998318e-05	cluster_0_1_mixed
399_H	0	1.4072254593191364e-05	cluster_0_1_mixed
920_L	0	1.4072095423265166e-05	cluster_0_1_mixed
933_K	0	1.4065073770770261e-05	cluster_0_1_mixed
249_M	0	1.406131630131449e-05	cluster_0_1_mixed
494_Y	0	1.4050915603690118e-05	cluster_0_1_mixed
879_M	0	1.4048829692745324e-05	cluster_0_1_mixed
376_H	0	1.404528232645187e-05	cluster_0_1_mixed
315_P	0	1.4029056924546945e-05	cluster_0_1_mixed
253_V	0	1.4020284778194139e-05	cluster_0_1_mixed
495_P	0	1.401577840149544e-05	cluster_0_1_mixed
675_I	0	1.4012998583344305e-05	cluster_0_1_mixed
675_F	0	1.4010838879429158e-05	cluster_0_1_mixed
360_L	0	1.4007094200985845e-05	cluster_0_1_mixed
681_G	0	1.400469408100768e-05	cluster_0_1_mixed
10_R	0	1.3998410388635191e-05	cluster_0_1_mixed
362_A	0	1.3996072132196249e-05	cluster_0_1_mixed
331_C	0	1.3988469233119613e-05	cluster_0_1_mixed
381_M	0	1.3976924533274004e-05	cluster_0_1_mixed
74_P	0	1.3975340042949777e-05	cluster_0_1_mixed
670_Y	0	1.3973082119562457e-05	cluster_0_1_mixed
785_N	0	1.396899457213843e-05	cluster_0_1_mixed
931_G	0	1.3960808062057912e-05	cluster_0_1_mixed
43_T	0	1.3950551713086009e-05	cluster_0_1_mixed
577_H	0	1.3943804557573513e-05	cluster_0_1_mixed
372_F	0	1.3939183426751903e-05	cluster_0_1_mixed
912_G	0	1.393552507418304e-05	cluster_0_1_mixed
843_D	0	1.3933299458176731e-05	cluster_0_1_mixed
515_Q	0	1.3929983392705005e-05	cluster_0_1_mixed
729_D	0	1.392793220548332e-05	cluster_0_1_mixed
559_R	0	1.3927432845489918e-05	cluster_0_1_mixed
316_S	0	1.3926552678919139e-05	cluster_0_1_mixed
706_M	0	1.392269929888576e-05	cluster_0_1_mixed
313_S	0	1.3918150758469073e-05	cluster_0_1_mixed
18_E	0	1.3907815759889043e-05	cluster_0_1_mixed
180_L	0	1.3891377520285259e-05	cluster_0_1_mixed
482_V	0	1.3874517354370991e-05	cluster_0_1_mixed
354_F	0	1.3866231217550324e-05	cluster_0_1_mixed
568_Q	0	1.3862189349568794e-05	cluster_0_1_mixed
898_M	0	1.385076855209247e-05	cluster_0_1_mixed
424_E	0	1.3846445920566886e-05	cluster_0_1_mixed
649_A	0	1.3837581872474289e-05	cluster_0_1_mixed
576_F	0	1.3830312623478802e-05	cluster_0_1_mixed
192_F	0	1.382887921291413e-05	cluster_0_1_mixed
629_F	0	1.3819671678604103e-05	cluster_0_1_mixed
259_G	0	1.381938316415845e-05	cluster_0_1_mixed
555_Q	0	1.3809392042723791e-05	cluster_0_1_mixed
42_G	0	1.3807922852541283e-05	cluster_0_1_mixed
892_A	0	1.380463016256464e-05	cluster_0_1_mixed
715_S	0	1.3803346340978224e-05	cluster_0_1_mixed
365_H	0	1.3795115226373682e-05	cluster_0_1_mixed
833_Q	0	1.3794196640475067e-05	cluster_0_1_mixed
596_V	0	1.3793025732174814e-05	cluster_0_1_mixed
911_G	0	1.3773884473067726e-05	cluster_0_1_mixed
630_G	0	1.3770778830457417e-05	cluster_0_1_mixed
80_K	0	1.3764033682484794e-05	cluster_0_1_mixed
895_P	0	1.3762454827854634e-05	cluster_0_1_mixed
683_T	0	1.3749078484843494e-05	cluster_0_1_mixed
240_A	0	1.3742363796613216e-05	cluster_0_1_mixed
623_V	0	1.3728065125071564e-05	cluster_0_1_mixed
76_F	0	1.3723260054828212e-05	cluster_0_1_mixed
840_L	0	1.3717212314333111e-05	cluster_0_1_mixed
334_W	0	1.3715706450270429e-05	cluster_0_1_mixed
731_A	0	1.3713310965719441e-05	cluster_0_1_mixed
465_V	0	1.371280494291342e-05	cluster_0_1_mixed
640_V	0	1.3710638792568769e-05	cluster_0_1_mixed
573_K	0	1.3680794770371636e-05	cluster_0_1_mixed
370_Q	0	1.3679188684282556e-05	cluster_0_1_mixed
556_H	0	1.3663973849900834e-05	cluster_0_1_mixed
422_G	0	1.3658820783130923e-05	cluster_0_1_mixed
530_F	0	1.3638957214957731e-05	cluster_0_1_mixed
567_R	0	1.3638674122490721e-05	cluster_0_1_mixed
719_H	0	1.3637455842016135e-05	cluster_0_1_mixed
456_M	0	1.3636844466582663e-05	cluster_0_1_mixed
415_A	0	1.3622334552357159e-05	cluster_0_1_mixed
441_A	0	1.3621153074224246e-05	cluster_0_1_mixed
215_F	0	1.3618674082412797e-05	cluster_0_1_mixed
131_D	0	1.361691556832124e-05	cluster_0_1_mixed
665_K	0	1.3610266065034688e-05	cluster_0_1_mixed
342_L	0	1.3600884593987884e-05	cluster_0_1_mixed
657_G	0	1.3590904768725632e-05	cluster_0_1_mixed
155_G	0	1.3588294848385681e-05	cluster_0_1_mixed
380_H	0	1.3575614864728917e-05	cluster_0_1_mixed
631_N	0	1.3568640034895078e-05	cluster_0_1_mixed
878_V	0	1.3567606031992172e-05	cluster_0_1_mixed
366_W	0	1.351988255040146e-05	cluster_0_1_mixed
598_Q	0	1.3507689684158267e-05	cluster_0_1_mixed
169_T	0	1.3506087384941601e-05	cluster_0_1_mixed
350_K	0	1.3503180885251189e-05	cluster_0_1_mixed
870_S	0	1.3502444908324785e-05	cluster_0_1_mixed
185_E	0	1.3493259633874002e-05	cluster_0_1_mixed
715_K	0	1.3472661116433795e-05	cluster_0_1_mixed
57_N	0	1.3465758697623766e-05	cluster_0_1_mixed
273_Y	0	1.3443144863515155e-05	cluster_0_1_mixed
141_Y	0	1.343631011416297e-05	cluster_0_1_mixed
78_S	0	1.3432590474575511e-05	cluster_0_1_mixed
436_I	0	1.3426661348048242e-05	cluster_0_1_mixed
66_I	0	1.3413081975507068e-05	cluster_0_1_mixed
345_V	0	1.3402087370239781e-05	cluster_0_1_mixed
770_A	0	1.3398560400371976e-05	cluster_0_1_mixed
688_M	0	1.3392426619622851e-05	cluster_0_1_mixed
902_N	0	1.337504489085359e-05	cluster_0_1_mixed
129_D	0	1.336850887569742e-05	cluster_0_1_mixed
71_T	0	1.3322819361803175e-05	cluster_0_1_mixed
328_S	0	1.3317618217599183e-05	cluster_0_1_mixed
420_T	0	1.33157476253899e-05	cluster_0_1_mixed
635_I	0	1.3314552824832664e-05	cluster_0_1_mixed
382_M	0	1.3301623701320864e-05	cluster_0_1_mixed
933_N	0	1.3298751206194819e-05	cluster_0_1_mixed
671_P	0	1.3283867246391801e-05	cluster_0_1_mixed
13_S	0	1.3276061024314972e-05	cluster_0_1_mixed
374_H	0	1.3271434491855416e-05	cluster_0_1_mixed
112_K	0	1.3259213467632618e-05	cluster_0_1_mixed
340_Q	0	1.3245138086992137e-05	cluster_0_1_mixed
431_L	0	1.3243404103220042e-05	cluster_0_1_mixed
173_A	0	1.3239404668770579e-05	cluster_0_1_mixed
473_A	0	1.3237408416624875e-05	cluster_0_1_mixed
365_N	0	1.323171591751535e-05	cluster_0_1_mixed
148_G	0	1.3226887142228753e-05	cluster_0_1_mixed
160_R	0	1.3203885944052196e-05	cluster_0_1_mixed
109_D	0	1.3201952106052098e-05	cluster_0_1_mixed
406_G	0	1.3200406366776194e-05	cluster_0_1_mixed
582_D	0	1.3191102171804193e-05	cluster_0_1_mixed
655_M	0	1.3188480065342217e-05	cluster_0_1_mixed
479_E	0	1.318753554762587e-05	cluster_0_1_mixed
893_D	0	1.3178029742810055e-05	cluster_0_1_mixed
482_E	0	1.3177570866766959e-05	cluster_0_1_mixed
886_T	0	1.3167768160780338e-05	cluster_0_1_mixed
366_Y	0	1.3155377321119326e-05	cluster_0_1_mixed
239_A	0	1.315523884959627e-05	cluster_0_1_mixed
471_G	0	1.3145660932477276e-05	cluster_0_1_mixed
179_F	0	1.3143506707884393e-05	cluster_0_1_mixed
215_T	0	1.3134620920142112e-05	cluster_0_1_mixed
889_D	0	1.3133851366354629e-05	cluster_0_1_mixed
353_R	0	1.313054301941393e-05	cluster_0_1_mixed
472_G	0	1.3126120589195967e-05	cluster_0_1_mixed
169_G	0	1.312459135498755e-05	cluster_0_1_mixed
914_G	0	1.3121257645002865e-05	cluster_0_1_mixed
533_E	0	1.3113655515984416e-05	cluster_0_1_mixed
916_C	0	1.3097777172221892e-05	cluster_0_1_mixed
215_K	0	1.3093060216617013e-05	cluster_0_1_mixed
233_I	0	1.3091447121064815e-05	cluster_0_1_mixed
491_V	0	1.30899584469336e-05	cluster_0_1_mixed
237_T	0	1.3089093737573582e-05	cluster_0_1_mixed
421_G	0	1.3079674918923754e-05	cluster_0_1_mixed
364_S	0	1.3077890177250197e-05	cluster_0_1_mixed
361_V	0	1.3076941688428383e-05	cluster_0_1_mixed
917_H	0	1.3073980944974866e-05	cluster_0_1_mixed
894_S	0	1.3064059134045294e-05	cluster_0_1_mixed
446_D	0	1.30576906826357e-05	cluster_0_1_mixed
790_I	0	1.3056364216930853e-05	cluster_0_1_mixed
369_F	0	1.305030347943077e-05	cluster_0_1_mixed
317_S	0	1.3048120928081614e-05	cluster_0_1_mixed
669_Y	0	1.3047544904904587e-05	cluster_0_1_mixed
824_Y	0	1.3043529774196709e-05	cluster_0_1_mixed
523_W	0	1.3037658759818743e-05	cluster_0_1_mixed
155_D	0	1.3027341326019273e-05	cluster_0_1_mixed
933_S	0	1.3006160495375186e-05	cluster_0_1_mixed
857_G	0	1.2992707044175639e-05	cluster_0_1_mixed
357_Q	0	1.2987459688102309e-05	cluster_0_1_mixed
470_F	0	1.2985534863569932e-05	cluster_0_1_mixed
179_D	0	1.2984263311575953e-05	cluster_0_1_mixed
209_W	0	1.2981439493277588e-05	cluster_0_1_mixed
332_K	0	1.2979131977060901e-05	cluster_0_1_mixed
939_Y	0	1.2974730518412336e-05	cluster_0_1_mixed
443_F	0	1.2970278192764473e-05	cluster_0_1_mixed
936_K	0	1.2964680421942238e-05	cluster_0_1_mixed
194_S	0	1.2959697547196813e-05	cluster_0_1_mixed
554_H	0	1.2952152071281922e-05	cluster_0_1_mixed
843_F	0	1.294279914932121e-05	cluster_0_1_mixed
920_Y	0	1.2940916410628004e-05	cluster_0_1_mixed
622_A	0	1.2939999020939097e-05	cluster_0_1_mixed
824_A	0	1.2938819059884193e-05	cluster_0_1_mixed
647_G	0	1.2935630521382558e-05	cluster_0_1_mixed
573_Y	0	1.2931204919845265e-05	cluster_0_1_mixed
901_H	0	1.2925612183447907e-05	cluster_0_1_mixed
382_A	0	1.2919797119087857e-05	cluster_0_1_mixed
385_K	0	1.291779117348322e-05	cluster_0_1_mixed
190_S	0	1.2902575204850911e-05	cluster_0_1_mixed
410_K	0	1.2895085895789487e-05	cluster_0_1_mixed
818_G	0	1.2893237924801834e-05	cluster_0_1_mixed
897_A	0	1.2868957730830532e-05	cluster_0_1_mixed
810_H	0	1.2860068562023528e-05	cluster_0_1_mixed
425_Y	0	1.2855482060119058e-05	cluster_0_1_mixed
56_D	0	1.2854528655301548e-05	cluster_0_1_mixed
530_E	0	1.2853317043156809e-05	cluster_0_1_mixed
774_G	0	1.2842400285696135e-05	cluster_0_1_mixed
184_Q	0	1.2823555703831127e-05	cluster_0_1_mixed
924_P	0	1.2806107115179596e-05	cluster_0_1_mixed
34_L	0	1.2805891115842683e-05	cluster_0_1_mixed
435_N	0	1.280069256661995e-05	cluster_0_1_mixed
134_N	0	1.2799648650837541e-05	cluster_0_1_mixed
473_E	0	1.2798340688567152e-05	cluster_0_1_mixed
488_E	0	1.279478484279816e-05	cluster_0_1_mixed
665_D	0	1.2794533325744961e-05	cluster_0_1_mixed
192_H	0	1.2779834129581744e-05	cluster_0_1_mixed
545_K	0	1.2772092520233117e-05	cluster_0_1_mixed
485_F	0	1.2772061664214112e-05	cluster_0_1_mixed
908_S	0	1.27667636499622e-05	cluster_0_1_mixed
940_I	0	1.2765841807234404e-05	cluster_0_1_mixed
476_L	0	1.2764736663131266e-05	cluster_0_1_mixed
319_Q	0	1.2755649965735822e-05	cluster_0_1_mixed
341_V	0	1.2751394853525002e-05	cluster_0_1_mixed
417_L	0	1.2747949441287255e-05	cluster_0_1_mixed
203_A	0	1.2747726653050372e-05	cluster_0_1_mixed
804_G	0	1.2742220356225845e-05	cluster_0_1_mixed
565_W	0	1.2740713817647259e-05	cluster_0_1_mixed
438_F	0	1.2740661033078537e-05	cluster_0_1_mixed
133_I	0	1.274061743215438e-05	cluster_0_1_mixed
776_I	0	1.2729359706843651e-05	cluster_0_1_mixed
575_I	0	1.269155093783207e-05	cluster_0_1_mixed
781_N	0	1.2691092603004562e-05	cluster_0_1_mixed
486_M	0	1.2688488256671188e-05	cluster_0_1_mixed
390_S	0	1.2684381494534386e-05	cluster_0_1_mixed
632_A	0	1.2681665678207038e-05	cluster_0_1_mixed
845_V	0	1.2664201798263564e-05	cluster_0_1_mixed
386_Q	0	1.2653205729914799e-05	cluster_0_1_mixed
835_D	0	1.2652534166442175e-05	cluster_0_1_mixed
411_G	0	1.2647703362597673e-05	cluster_0_1_mixed
748_N	0	1.2645726684275522e-05	cluster_0_1_mixed
742_N	0	1.2643682682687952e-05	cluster_0_1_mixed
911_D	0	1.2635709656311036e-05	cluster_0_1_mixed
209_M	0	1.2633370438491365e-05	cluster_0_1_mixed
646_H	0	1.2617631114246536e-05	cluster_0_1_mixed
783_V	0	1.261198769796197e-05	cluster_0_1_mixed
391_H	0	1.2601272187314663e-05	cluster_0_1_mixed
322_P	0	1.2600748306419968e-05	cluster_0_1_mixed
888_G	0	1.2599812627216961e-05	cluster_0_1_mixed
471_L	0	1.2596337452332795e-05	cluster_0_1_mixed
20_D	0	1.2595713584159065e-05	cluster_0_1_mixed
318_V	0	1.2591162177499888e-05	cluster_0_1_mixed
443_E	0	1.2587447451886024e-05	cluster_0_1_mixed
383_E	0	1.2580724642768188e-05	cluster_0_1_mixed
486_H	0	1.2572498623998332e-05	cluster_0_1_mixed
22_K	0	1.25712907978766e-05	cluster_0_1_mixed
416_E	0	1.2565238795967532e-05	cluster_0_1_mixed
407_W	0	1.256447131183285e-05	cluster_0_1_mixed
628_M	0	1.2545133795783935e-05	cluster_0_1_mixed
395_L	0	1.253898773649998e-05	cluster_0_1_mixed
137_A	0	1.2538057412010978e-05	cluster_0_1_mixed
419_P	0	1.2537603961817131e-05	cluster_0_1_mixed
854_I	0	1.2535673853681575e-05	cluster_0_1_mixed
128_T	0	1.2524417650837407e-05	cluster_0_1_mixed
338_R	0	1.2499675841664205e-05	cluster_0_1_mixed
202_M	0	1.2497950036648247e-05	cluster_0_1_mixed
682_K	0	1.2491877073884919e-05	cluster_0_1_mixed
897_F	0	1.2486770823739648e-05	cluster_0_1_mixed
345_Q	0	1.2486555448400037e-05	cluster_0_1_mixed
311_Y	0	1.2464370505589687e-05	cluster_0_1_mixed
364_L	0	1.2453230549008421e-05	cluster_0_1_mixed
837_G	0	1.2445553071068907e-05	cluster_0_1_mixed
108_M	0	1.2441063609988779e-05	cluster_0_1_mixed
172_H	0	1.2440590881380841e-05	cluster_0_1_mixed
800_G	0	1.243521469591215e-05	cluster_0_1_mixed
465_I	0	1.2429845685519369e-05	cluster_0_1_mixed
350_Y	0	1.2418739561117615e-05	cluster_0_1_mixed
920_C	0	1.2410556316549434e-05	cluster_0_1_mixed
392_N	0	1.240801365086667e-05	cluster_0_1_mixed
246_M	0	1.2403362359375619e-05	cluster_0_1_mixed
618_Q	0	1.2401239138356729e-05	cluster_0_1_mixed
396_K	0	1.2396386910177545e-05	cluster_0_1_mixed
653_L	0	1.239483863138056e-05	cluster_0_1_mixed
907_Y	0	1.2390637297567612e-05	cluster_0_1_mixed
180_I	0	1.2386469370071631e-05	cluster_0_1_mixed
361_G	0	1.2384264636398431e-05	cluster_0_1_mixed
904_V	0	1.23779649814581e-05	cluster_0_1_mixed
794_Y	0	1.2368351774750214e-05	cluster_0_1_mixed
174_G	0	1.236418045629475e-05	cluster_0_1_mixed
894_E	0	1.2363063510085549e-05	cluster_0_1_mixed
626_W	0	1.2355627208274619e-05	cluster_0_1_mixed
664_P	0	1.235556492420217e-05	cluster_0_1_mixed
877_N	0	1.2350189855110737e-05	cluster_0_1_mixed
239_I	0	1.2339262768691985e-05	cluster_0_1_mixed
903_M	0	1.231861232053829e-05	cluster_0_1_mixed
474_L	0	1.2317661655052244e-05	cluster_0_1_mixed
366_D	0	1.230785449803106e-05	cluster_0_1_mixed
390_Y	0	1.2307796515287311e-05	cluster_0_1_mixed
868_Q	0	1.230433279573813e-05	cluster_0_1_mixed
539_E	0	1.2299437619336651e-05	cluster_0_1_mixed
906_C	0	1.2297817763523795e-05	cluster_0_1_mixed
855_Q	0	1.2292870415082289e-05	cluster_0_1_mixed
466_H	0	1.2287719474924661e-05	cluster_0_1_mixed
665_R	0	1.2273035953264314e-05	cluster_0_1_mixed
255_K	0	1.2268813787819965e-05	cluster_0_1_mixed
409_Y	0	1.2264850622630123e-05	cluster_0_1_mixed
400_R	0	1.2250450743706982e-05	cluster_0_1_mixed
217_K	0	1.2226774146819655e-05	cluster_0_1_mixed
634_S	0	1.222337355379697e-05	cluster_0_1_mixed
77_G	0	1.2219779954229273e-05	cluster_0_1_mixed
699_A	0	1.2204526519641905e-05	cluster_0_1_mixed
448_Y	0	1.2195200441776584e-05	cluster_0_1_mixed
334_L	0	1.2193433531473446e-05	cluster_0_1_mixed
574_M	0	1.2157619257261554e-05	cluster_0_1_mixed
513_L	0	1.2157611167814959e-05	cluster_0_1_mixed
440_S	0	1.2146328129454689e-05	cluster_0_1_mixed
922_A	0	1.2146296828251655e-05	cluster_0_1_mixed
385_N	0	1.2140656182879023e-05	cluster_0_1_mixed
378_M	0	1.213532437370619e-05	cluster_0_1_mixed
184_E	0	1.212126519011431e-05	cluster_0_1_mixed
637_V	0	1.2114143654243933e-05	cluster_0_1_mixed
245_C	0	1.2103285652334505e-05	cluster_0_1_mixed
462_L	0	1.2098255265326836e-05	cluster_0_1_mixed
432_E	0	1.2097181664284987e-05	cluster_0_1_mixed
215_L	0	1.2093887087428968e-05	cluster_0_1_mixed
355_L	0	1.2074756464927414e-05	cluster_0_1_mixed
893_A	0	1.2072973852809968e-05	cluster_0_1_mixed
197_T	0	1.2071418291585248e-05	cluster_0_1_mixed
312_K	0	1.2070707180503067e-05	cluster_0_1_mixed
520_F	0	1.2064679563627076e-05	cluster_0_1_mixed
518_K	0	1.2063865120523047e-05	cluster_0_1_mixed
94_N	0	1.2061008324472649e-05	cluster_0_1_mixed
153_G	0	1.2059365225150412e-05	cluster_0_1_mixed
447_R	0	1.2058780104377138e-05	cluster_0_1_mixed
338_E	0	1.205183013119324e-05	cluster_0_1_mixed
368_D	0	1.2050501249613927e-05	cluster_0_1_mixed
347_M	0	1.2047023355370196e-05	cluster_0_1_mixed
923_V	0	1.2046179561630782e-05	cluster_0_1_mixed
553_M	0	1.2036912094698581e-05	cluster_0_1_mixed
395_A	0	1.2036169837304674e-05	cluster_0_1_mixed
800_V	0	1.2029451679827239e-05	cluster_0_1_mixed
601_M	0	1.20150629615663e-05	cluster_0_1_mixed
384_A	0	1.200541081106314e-05	cluster_0_1_mixed
79_Y	0	1.1996419143711545e-05	cluster_0_1_mixed
620_Q	0	1.199409772401446e-05	cluster_0_1_mixed
756_G	0	1.1992463819996275e-05	cluster_0_1_mixed
706_N	0	1.19849949986906e-05	cluster_0_1_mixed
535_H	0	1.1981558313879925e-05	cluster_0_1_mixed
299_T	0	1.1979290207594296e-05	cluster_0_1_mixed
881_L	0	1.1970356255269587e-05	cluster_0_1_mixed
480_L	0	1.1966496902225587e-05	cluster_0_1_mixed
459_G	0	1.1956118146538102e-05	cluster_0_1_mixed
791_F	0	1.1944075402691043e-05	cluster_0_1_mixed
800_S	0	1.1925937781313817e-05	cluster_0_1_mixed
714_P	0	1.1922025342656402e-05	cluster_0_1_mixed
374_E	0	1.1921869827498304e-05	cluster_0_1_mixed
822_F	0	1.191699169232197e-05	cluster_0_1_mixed
387_I	0	1.190714538425993e-05	cluster_0_1_mixed
396_Y	0	1.1902914231320955e-05	cluster_0_1_mixed
569_W	0	1.1894761414172523e-05	cluster_0_1_mixed
210_Y	0	1.1865574706091323e-05	cluster_0_1_mixed
880_D	0	1.186021523675719e-05	cluster_0_1_mixed
916_Y	0	1.1856051344092604e-05	cluster_0_1_mixed
887_H	0	1.185084958906399e-05	cluster_0_1_mixed
513_I	0	1.183831675786863e-05	cluster_0_1_mixed
466_Q	0	1.1836145718698052e-05	cluster_0_1_mixed
837_I	0	1.1833158793685456e-05	cluster_0_1_mixed
226_L	0	1.1810295515935043e-05	cluster_0_1_mixed
343_E	0	1.1806202463414019e-05	cluster_0_1_mixed
418_L	0	1.1800010362810631e-05	cluster_0_1_mixed
593_N	0	1.1796280132948597e-05	cluster_0_1_mixed
48_M	0	1.1780171553804319e-05	cluster_0_1_mixed
931_A	0	1.1778721219594127e-05	cluster_0_1_mixed
823_R	0	1.177734612394265e-05	cluster_0_1_mixed
833_R	0	1.1774620659570325e-05	cluster_0_1_mixed
475_Y	0	1.1749670681202033e-05	cluster_0_1_mixed
326_M	0	1.170772995223916e-05	cluster_0_1_mixed
442_P	0	1.1706761774576757e-05	cluster_0_1_mixed
460_A	0	1.1700414219294984e-05	cluster_0_1_mixed
645_V	0	1.1695961482212443e-05	cluster_0_1_mixed
259_V	0	1.1687395336927696e-05	cluster_0_1_mixed
630_N	0	1.1683759106644507e-05	cluster_0_1_mixed
374_V	0	1.1672445999783843e-05	cluster_0_1_mixed
177_S	0	1.1662170318025992e-05	cluster_0_1_mixed
524_R	0	1.1653587070783962e-05	cluster_0_1_mixed
914_N	0	1.1644048073675529e-05	cluster_0_1_mixed
418_Q	0	1.1634331502160465e-05	cluster_0_1_mixed
811_G	0	1.1625058013806119e-05	cluster_0_1_mixed
372_W	0	1.1621026623069158e-05	cluster_0_1_mixed
175_R	0	1.1606818003248576e-05	cluster_0_1_mixed
655_V	0	1.1594371151926434e-05	cluster_0_1_mixed
392_A	0	1.1588924684328595e-05	cluster_0_1_mixed
523_F	0	1.1586335106844275e-05	cluster_0_1_mixed
157_D	0	1.158364175037646e-05	cluster_0_1_mixed
420_K	0	1.1582129818462292e-05	cluster_0_1_mixed
139_L	0	1.157941957810748e-05	cluster_0_1_mixed
484_I	0	1.1577459055275578e-05	cluster_0_1_mixed
381_Q	0	1.1572784175976463e-05	cluster_0_1_mixed
467_T	0	1.1556700369390346e-05	cluster_0_1_mixed
773_D	0	1.1554614325060353e-05	cluster_0_1_mixed
685_H	0	1.1543954788683896e-05	cluster_0_1_mixed
489_I	0	1.1539512249822256e-05	cluster_0_1_mixed
893_T	0	1.1527122111345927e-05	cluster_0_1_mixed
470_S	0	1.1516398452368798e-05	cluster_0_1_mixed
435_A	0	1.1513047810814486e-05	cluster_0_1_mixed
156_D	0	1.1512695307408035e-05	cluster_0_1_mixed
344_T	0	1.1511323476350934e-05	cluster_0_1_mixed
417_P	0	1.1503645954688769e-05	cluster_0_1_mixed
410_V	0	1.1494642710724423e-05	cluster_0_1_mixed
270_S	0	1.148428743113867e-05	cluster_0_1_mixed
363_T	0	1.1473842097992634e-05	cluster_0_1_mixed
290_S	0	1.147234031853658e-05	cluster_0_1_mixed
566_W	0	1.1470506004725198e-05	cluster_0_1_mixed
177_L	0	1.1467595096554592e-05	cluster_0_1_mixed
2_A	0	1.1454387492881424e-05	cluster_0_1_mixed
259_S	0	1.1449090346900535e-05	cluster_0_1_mixed
425_A	0	1.1425032713038394e-05	cluster_0_1_mixed
577_R	0	1.1416385657792365e-05	cluster_0_1_mixed
212_G	0	1.1410530089270719e-05	cluster_0_1_mixed
378_P	0	1.1371960643281035e-05	cluster_0_1_mixed
218_T	0	1.136847870263008e-05	cluster_0_1_mixed
795_V	0	1.1362337370603468e-05	cluster_0_1_mixed
876_A	0	1.134517511415209e-05	cluster_0_1_mixed
873_K	0	1.1338589943787193e-05	cluster_0_1_mixed
176_D	0	1.1338060645975218e-05	cluster_0_1_mixed
681_Y	0	1.131741016799197e-05	cluster_0_1_mixed
572_W	0	1.1287370419299137e-05	cluster_0_1_mixed
543_W	0	1.1286724368727444e-05	cluster_0_1_mixed
523_H	0	1.1280013985649785e-05	cluster_0_1_mixed
488_K	0	1.127171079180323e-05	cluster_0_1_mixed
592_P	0	1.1268222380177586e-05	cluster_0_1_mixed
786_E	0	1.1262096974110802e-05	cluster_0_1_mixed
173_I	0	1.125903114017147e-05	cluster_0_1_mixed
518_F	0	1.1247465889190126e-05	cluster_0_1_mixed
782_Q	0	1.1245089245225456e-05	cluster_0_1_mixed
634_L	0	1.1238388604193532e-05	cluster_0_1_mixed
589_N	0	1.1237678060030434e-05	cluster_0_1_mixed
46_P	0	1.1237073657876686e-05	cluster_0_1_mixed
313_T	0	1.1220588775093215e-05	cluster_0_1_mixed
176_Y	0	1.1218287055852289e-05	cluster_0_1_mixed
605_T	0	1.1204380599131841e-05	cluster_0_1_mixed
911_T	0	1.1199018894011075e-05	cluster_0_1_mixed
596_N	0	1.1188641494344066e-05	cluster_0_1_mixed
925_G	0	1.1186193045946534e-05	cluster_0_1_mixed
667_V	0	1.1185334570861037e-05	cluster_0_1_mixed
522_P	0	1.1184076176954566e-05	cluster_0_1_mixed
318_E	0	1.1183983289695324e-05	cluster_0_1_mixed
63_D	0	1.1183768323315405e-05	cluster_0_1_mixed
571_R	0	1.1155023604753237e-05	cluster_0_1_mixed
237_E	0	1.1153230760004348e-05	cluster_0_1_mixed
657_Q	0	1.1150001836610552e-05	cluster_0_1_mixed
800_L	0	1.1139826515180538e-05	cluster_0_1_mixed
609_T	0	1.1138845532523333e-05	cluster_0_1_mixed
590_E	0	1.113884231645089e-05	cluster_0_1_mixed
375_M	0	1.1138010517878737e-05	cluster_0_1_mixed
296_L	0	1.1133983139829723e-05	cluster_0_1_mixed
547_M	0	1.113237008747601e-05	cluster_0_1_mixed
630_L	0	1.1117925207060488e-05	cluster_0_1_mixed
874_N	0	1.1111383394825455e-05	cluster_0_1_mixed
935_V	0	1.1094269152426784e-05	cluster_0_1_mixed
886_K	0	1.1077980118313735e-05	cluster_0_1_mixed
211_M	0	1.1074197085806716e-05	cluster_0_1_mixed
55_G	0	1.1074169617080617e-05	cluster_0_1_mixed
479_P	0	1.1069224759270496e-05	cluster_0_1_mixed
428_Q	0	1.106074738046468e-05	cluster_0_1_mixed
631_M	0	1.1036210801635112e-05	cluster_0_1_mixed
328_Y	0	1.1025292873192e-05	cluster_0_1_mixed
69_S	0	1.102211536478815e-05	cluster_0_1_mixed
460_V	0	1.1000629745060828e-05	cluster_0_1_mixed
672_N	0	1.0996058976575715e-05	cluster_0_1_mixed
307_T	0	1.0978118481870713e-05	cluster_0_1_mixed
165_V	0	1.0964851994093142e-05	cluster_0_1_mixed
37_S	0	1.0962178988359185e-05	cluster_0_1_mixed
329_E	0	1.0956275024877512e-05	cluster_0_1_mixed
471_A	0	1.095499208920675e-05	cluster_0_1_mixed
742_V	0	1.0953407182469684e-05	cluster_0_1_mixed
378_F	0	1.0951168286148745e-05	cluster_0_1_mixed
626_K	0	1.0950583424487316e-05	cluster_0_1_mixed
687_I	0	1.0944364833478416e-05	cluster_0_1_mixed
475_I	0	1.0942652379517012e-05	cluster_0_1_mixed
254_E	0	1.0941232706472728e-05	cluster_0_1_mixed
665_L	0	1.0940124573673082e-05	cluster_0_1_mixed
355_I	0	1.0939974020064184e-05	cluster_0_1_mixed
516_W	0	1.0929730468001279e-05	cluster_0_1_mixed
549_H	0	1.0927612282986455e-05	cluster_0_1_mixed
352_P	0	1.0926524648886113e-05	cluster_0_1_mixed
348_I	0	1.0916819900821337e-05	cluster_0_1_mixed
567_W	0	1.0908836253468726e-05	cluster_0_1_mixed
519_Q	0	1.0907314093178957e-05	cluster_0_1_mixed
815_T	0	1.089847790664665e-05	cluster_0_1_mixed
424_R	0	1.0897147676250562e-05	cluster_0_1_mixed
379_M	0	1.0896134287824632e-05	cluster_0_1_mixed
633_N	0	1.0890253813596484e-05	cluster_0_1_mixed
646_G	0	1.0889457906999436e-05	cluster_0_1_mixed
278_M	0	1.0870400820663343e-05	cluster_0_1_mixed
660_A	0	1.0865521922429427e-05	cluster_0_1_mixed
681_A	0	1.086202533870409e-05	cluster_0_1_mixed
151_F	0	1.0860354764647923e-05	cluster_0_1_mixed
938_H	0	1.0858079018499724e-05	cluster_0_1_mixed
270_E	0	1.0854214465780357e-05	cluster_0_1_mixed
318_T	0	1.085396017383609e-05	cluster_0_1_mixed
828_W	0	1.0850384488410126e-05	cluster_0_1_mixed
30_D	0	1.0847351219065004e-05	cluster_0_1_mixed
400_D	0	1.0844093184292895e-05	cluster_0_1_mixed
204_L	0	1.083714567856564e-05	cluster_0_1_mixed
265_V	0	1.0832179523625197e-05	cluster_0_1_mixed
664_E	0	1.0831117194208773e-05	cluster_0_1_mixed
199_N	0	1.0824829353294696e-05	cluster_0_1_mixed
841_Q	0	1.0820512883026617e-05	cluster_0_1_mixed
924_W	0	1.08096087754489e-05	cluster_0_1_mixed
275_T	0	1.0803357109334404e-05	cluster_0_1_mixed
554_K	0	1.0796086557180317e-05	cluster_0_1_mixed
313_Q	0	1.0775375509102318e-05	cluster_0_1_mixed
323_N	0	1.077458135154171e-05	cluster_0_1_mixed
238_Q	0	1.0765070836620735e-05	cluster_0_1_mixed
912_R	0	1.0757992887259939e-05	cluster_0_1_mixed
678_E	0	1.074838623785032e-05	cluster_0_1_mixed
166_P	0	1.0736480104674692e-05	cluster_0_1_mixed
837_Q	0	1.0735541573194435e-05	cluster_0_1_mixed
463_P	0	1.0729643677585914e-05	cluster_0_1_mixed
522_W	0	1.0722146719041106e-05	cluster_0_1_mixed
823_T	0	1.0696923551166503e-05	cluster_0_1_mixed
183_M	0	1.0690528575959902e-05	cluster_0_1_mixed
436_N	0	1.0689646407868766e-05	cluster_0_1_mixed
837_A	0	1.0687666100182327e-05	cluster_0_1_mixed
700_V	0	1.067284157354766e-05	cluster_0_1_mixed
50_E	0	1.0658360086511805e-05	cluster_0_1_mixed
565_Y	0	1.065065105279261e-05	cluster_0_1_mixed
627_K	0	1.0650153958415679e-05	cluster_0_1_mixed
380_P	0	1.0646096412608343e-05	cluster_0_1_mixed
817_F	0	1.0635726241020964e-05	cluster_0_1_mixed
385_T	0	1.0634669120817868e-05	cluster_0_1_mixed
938_T	0	1.0621668218805552e-05	cluster_0_1_mixed
523_C	0	1.0613839333442898e-05	cluster_0_1_mixed
542_P	0	1.0604088971709063e-05	cluster_0_1_mixed
339_L	0	1.0599692767374085e-05	cluster_0_1_mixed
300_L	0	1.0598461852251323e-05	cluster_0_1_mixed
327_Y	0	1.0598336858470675e-05	cluster_0_1_mixed
939_K	0	1.059268768377658e-05	cluster_0_1_mixed
825_L	0	1.0588275971854033e-05	cluster_0_1_mixed
405_A	0	1.0588207266489463e-05	cluster_0_1_mixed
494_I	0	1.0576310755159735e-05	cluster_0_1_mixed
368_W	0	1.0572171374456924e-05	cluster_0_1_mixed
885_R	0	1.0561858872745001e-05	cluster_0_1_mixed
797_I	0	1.0546608534758173e-05	cluster_0_1_mixed
218_I	0	1.0544262474711481e-05	cluster_0_1_mixed
866_T	0	1.0536003944615819e-05	cluster_0_1_mixed
676_P	0	1.053467263004821e-05	cluster_0_1_mixed
915_K	0	1.0525619060464685e-05	cluster_0_1_mixed
853_V	0	1.0524428474248704e-05	cluster_0_1_mixed
518_E	0	1.0523837293269244e-05	cluster_0_1_mixed
937_R	0	1.0520889554407673e-05	cluster_0_1_mixed
145_R	0	1.0520037018221077e-05	cluster_0_1_mixed
602_L	0	1.0505994298048308e-05	cluster_0_1_mixed
298_Y	0	1.050290938271644e-05	cluster_0_1_mixed
463_T	0	1.049852314300431e-05	cluster_0_1_mixed
566_F	0	1.0490390571465538e-05	cluster_0_1_mixed
919_L	0	1.048205482165763e-05	cluster_0_1_mixed
454_Q	0	1.0480203296789023e-05	cluster_0_1_mixed
639_L	0	1.047964422822644e-05	cluster_0_1_mixed
203_L	0	1.0477568565338654e-05	cluster_0_1_mixed
143_N	0	1.0475302017853244e-05	cluster_0_1_mixed
425_L	0	1.0471881834075295e-05	cluster_0_1_mixed
818_N	0	1.0471864072848525e-05	cluster_0_1_mixed
402_H	0	1.046406496087189e-05	cluster_0_1_mixed
194_T	0	1.0460293806640778e-05	cluster_0_1_mixed
645_H	0	1.045666302049456e-05	cluster_0_1_mixed
319_M	0	1.0441761730699606e-05	cluster_0_1_mixed
297_G	0	1.0432857537765301e-05	cluster_0_1_mixed
130_N	0	1.0431652282498953e-05	cluster_0_1_mixed
618_R	0	1.043044605447922e-05	cluster_0_1_mixed
628_G	0	1.0421205219857691e-05	cluster_0_1_mixed
698_C	0	1.0419916854191575e-05	cluster_0_1_mixed
929_V	0	1.0415403940181635e-05	cluster_0_1_mixed
913_T	0	1.041166612440728e-05	cluster_0_1_mixed
533_M	0	1.040996127682942e-05	cluster_0_1_mixed
331_M	0	1.0404289276758157e-05	cluster_0_1_mixed
568_K	0	1.0398181802544926e-05	cluster_0_1_mixed
622_F	0	1.0362511945729585e-05	cluster_0_1_mixed
571_W	0	1.0354063688512732e-05	cluster_0_1_mixed
423_K	0	1.0331363221514035e-05	cluster_0_1_mixed
477_K	0	1.032849059409491e-05	cluster_0_1_mixed
418_Y	0	1.0325731342645049e-05	cluster_0_1_mixed
456_G	0	1.0318807798471965e-05	cluster_0_1_mixed
743_G	0	1.0307337725355814e-05	cluster_0_1_mixed
366_P	0	1.0293937813813942e-05	cluster_0_1_mixed
652_I	0	1.0283361968324944e-05	cluster_0_1_mixed
298_H	0	1.0280273348647265e-05	cluster_0_1_mixed
242_Y	0	1.0279210319299387e-05	cluster_0_1_mixed
680_V	0	1.0270713773823504e-05	cluster_0_1_mixed
649_H	0	1.0260379373218317e-05	cluster_0_1_mixed
224_R	0	1.026012044951099e-05	cluster_0_1_mixed
166_V	0	1.0251829687129007e-05	cluster_0_1_mixed
553_Y	0	1.024480874643036e-05	cluster_0_1_mixed
580_M	0	1.0237080047974915e-05	cluster_0_1_mixed
170_K	0	1.0233189946722402e-05	cluster_0_1_mixed
135_P	0	1.0223432419757108e-05	cluster_0_1_mixed
676_F	0	1.0215054810914113e-05	cluster_0_1_mixed
427_D	0	1.0185803526485636e-05	cluster_0_1_mixed
468_Q	0	1.018508644867191e-05	cluster_0_1_mixed
542_H	0	1.0179117656071997e-05	cluster_0_1_mixed
328_R	0	1.0172045877387084e-05	cluster_0_1_mixed
865_N	0	1.0169886516083282e-05	cluster_0_1_mixed
573_I	0	1.0168239170884705e-05	cluster_0_1_mixed
198_N	0	1.0168049336623264e-05	cluster_0_1_mixed
931_W	0	1.0162426393173857e-05	cluster_0_1_mixed
670_F	0	1.0154006894014622e-05	cluster_0_1_mixed
648_P	0	1.0149517024670604e-05	cluster_0_1_mixed
388_K	0	1.0145905580411498e-05	cluster_0_1_mixed
262_Q	0	1.014232311095008e-05	cluster_0_1_mixed
651_Y	0	1.0138255341726709e-05	cluster_0_1_mixed
553_W	0	1.0133962709536102e-05	cluster_0_1_mixed
351_F	0	1.0131866017135938e-05	cluster_0_1_mixed
261_A	0	1.013007505628731e-05	cluster_0_1_mixed
360_D	0	1.0117692458435896e-05	cluster_0_1_mixed
370_H	0	1.0107464597327156e-05	cluster_0_1_mixed
832_E	0	1.0106857422170273e-05	cluster_0_1_mixed
450_A	0	1.0100647158417844e-05	cluster_0_1_mixed
47_F	0	1.0092969370259206e-05	cluster_0_1_mixed
897_Y	0	1.00908161857812e-05	cluster_0_1_mixed
433_I	0	1.0088289526300247e-05	cluster_0_1_mixed
884_L	0	1.0085619923230514e-05	cluster_0_1_mixed
255_E	0	1.0083819784592633e-05	cluster_0_1_mixed
568_F	0	1.0081579017161897e-05	cluster_0_1_mixed
17_Q	0	1.0065923148391706e-05	cluster_0_1_mixed
878_F	0	1.005921000009289e-05	cluster_0_1_mixed
439_I	0	1.0049652803137969e-05	cluster_0_1_mixed
903_N	0	1.0033637333380556e-05	cluster_0_1_mixed
517_I	0	1.0031025366296579e-05	cluster_0_1_mixed
436_G	0	1.0029919762585383e-05	cluster_0_1_mixed
560_M	0	1.0013914098021979e-05	cluster_0_1_mixed
423_H	0	1.0010759900353826e-05	cluster_0_1_mixed
916_A	0	1.0008858134445906e-05	cluster_0_1_mixed
40_A	0	1.0004174475274571e-05	cluster_0_1_mixed
161_E	0	9.991251464676747e-06	cluster_0_1_mixed
900_V	0	9.989250553090164e-06	cluster_0_1_mixed
86_F	0	9.983969006319315e-06	cluster_0_1_mixed
374_W	0	9.983073771351413e-06	cluster_0_1_mixed
662_N	0	9.981684229988777e-06	cluster_0_1_mixed
442_V	0	9.97703791683797e-06	cluster_0_1_mixed
179_V	0	9.964276498967704e-06	cluster_0_1_mixed
567_K	0	9.957560510953096e-06	cluster_0_1_mixed
336_R	0	9.945292412219037e-06	cluster_0_1_mixed
422_F	0	9.945100578371781e-06	cluster_0_1_mixed
429_Y	0	9.944296378745051e-06	cluster_0_1_mixed
520_R	0	9.943938400402625e-06	cluster_0_1_mixed
840_D	0	9.939376845213904e-06	cluster_0_1_mixed
882_R	0	9.925026078534166e-06	cluster_0_1_mixed
391_C	0	9.918092260112865e-06	cluster_0_1_mixed
803_D	0	9.912950554966312e-06	cluster_0_1_mixed
531_F	0	9.90791894178475e-06	cluster_0_1_mixed
549_F	0	9.907122121734198e-06	cluster_0_1_mixed
696_R	0	9.905965344442603e-06	cluster_0_1_mixed
106_L	0	9.902000006797474e-06	cluster_0_1_mixed
300_Q	0	9.898163331346887e-06	cluster_0_1_mixed
848_Q	0	9.896483285577959e-06	cluster_0_1_mixed
180_V	0	9.894137901718535e-06	cluster_0_1_mixed
221_G	0	9.875882932708076e-06	cluster_0_1_mixed
396_T	0	9.875706957288638e-06	cluster_0_1_mixed
384_V	0	9.856599866233731e-06	cluster_0_1_mixed
333_W	0	9.855669058685978e-06	cluster_0_1_mixed
520_Y	0	9.85432449225857e-06	cluster_0_1_mixed
400_W	0	9.849888675485396e-06	cluster_0_1_mixed
459_L	0	9.843322637443584e-06	cluster_0_1_mixed
821_V	0	9.840848363324905e-06	cluster_0_1_mixed
880_H	0	9.838714542100288e-06	cluster_0_1_mixed
540_M	0	9.837232121698721e-06	cluster_0_1_mixed
578_R	0	9.827338486768004e-06	cluster_0_1_mixed
259_F	0	9.818962443473139e-06	cluster_0_1_mixed
449_L	0	9.812983942809708e-06	cluster_0_1_mixed
418_A	0	9.811497515626293e-06	cluster_0_1_mixed
624_R	0	9.808301341608987e-06	cluster_0_1_mixed
880_N	0	9.797411679460242e-06	cluster_0_1_mixed
194_E	0	9.79506159313673e-06	cluster_0_1_mixed
327_Q	0	9.762741859551646e-06	cluster_0_1_mixed
377_Y	0	9.758934950500346e-06	cluster_0_1_mixed
692_H	0	9.757409347218421e-06	cluster_0_1_mixed
435_S	0	9.754393900235085e-06	cluster_0_1_mixed
173_H	0	9.75274019715781e-06	cluster_0_1_mixed
446_Y	0	9.718840784385708e-06	cluster_0_1_mixed
242_Q	0	9.717727473494855e-06	cluster_0_1_mixed
461_L	0	9.715334188304448e-06	cluster_0_1_mixed
205_N	0	9.698976414048e-06	cluster_0_1_mixed
302_W	0	9.689042436608108e-06	cluster_0_1_mixed
436_D	0	9.687891588111484e-06	cluster_0_1_mixed
466_L	0	9.68223596462048e-06	cluster_0_1_mixed
224_H	0	9.659785462777012e-06	cluster_0_1_mixed
413_K	0	9.656243535074396e-06	cluster_0_1_mixed
239_D	0	9.654027636150515e-06	cluster_0_1_mixed
549_W	0	9.638745109744915e-06	cluster_0_1_mixed
899_N	0	9.637833839705638e-06	cluster_0_1_mixed
521_I	0	9.61182440674593e-06	cluster_0_1_mixed
146_G	0	9.604741692607711e-06	cluster_0_1_mixed
485_K	0	9.60452770820472e-06	cluster_0_1_mixed
913_E	0	9.603235520782082e-06	cluster_0_1_mixed
920_R	0	9.596576546982847e-06	cluster_0_1_mixed
935_K	0	9.595864807283298e-06	cluster_0_1_mixed
907_F	0	9.595092301935897e-06	cluster_0_1_mixed
910_Y	0	9.58950183043055e-06	cluster_0_1_mixed
699_D	0	9.58919000089951e-06	cluster_0_1_mixed
827_S	0	9.583874108383267e-06	cluster_0_1_mixed
280_C	0	9.570488778301856e-06	cluster_0_1_mixed
496_M	0	9.560747659573831e-06	cluster_0_1_mixed
219_G	0	9.54126559268827e-06	cluster_0_1_mixed
598_I	0	9.540841976632399e-06	cluster_0_1_mixed
363_N	0	9.531208386258083e-06	cluster_0_1_mixed
206_I	0	9.525602228698678e-06	cluster_0_1_mixed
768_F	0	9.523168139111034e-06	cluster_0_1_mixed
320_E	0	9.518856038005258e-06	cluster_0_1_mixed
371_L	0	9.513122132701906e-06	cluster_0_1_mixed
659_L	0	9.511714458154726e-06	cluster_0_1_mixed
570_M	0	9.50904328256576e-06	cluster_0_1_mixed
786_P	0	9.505289764843143e-06	cluster_0_1_mixed
528_P	0	9.503716889934213e-06	cluster_0_1_mixed
494_E	0	9.501844209993382e-06	cluster_0_1_mixed
558_Q	0	9.499325730761518e-06	cluster_0_1_mixed
279_A	0	9.496882900499306e-06	cluster_0_1_mixed
758_Y	0	9.490887550831862e-06	cluster_0_1_mixed
184_D	0	9.488086225066e-06	cluster_0_1_mixed
315_Y	0	9.485049114915166e-06	cluster_0_1_mixed
590_G	0	9.479970411656061e-06	cluster_0_1_mixed
132_Q	0	9.478695116229545e-06	cluster_0_1_mixed
185_P	0	9.470988287116988e-06	cluster_0_1_mixed
658_E	0	9.46909652060959e-06	cluster_0_1_mixed
490_L	0	9.468255336956306e-06	cluster_0_1_mixed
157_Q	0	9.465035177800748e-06	cluster_0_1_mixed
337_Q	0	9.45482946377904e-06	cluster_0_1_mixed
211_A	0	9.450171374347245e-06	cluster_0_1_mixed
483_L	0	9.43929057985168e-06	cluster_0_1_mixed
671_M	0	9.426639685208884e-06	cluster_0_1_mixed
679_T	0	9.425026395987979e-06	cluster_0_1_mixed
817_L	0	9.424041524770982e-06	cluster_0_1_mixed
337_K	0	9.420363600054058e-06	cluster_0_1_mixed
593_D	0	9.418739398552732e-06	cluster_0_1_mixed
426_S	0	9.417891336783458e-06	cluster_0_1_mixed
220_G	0	9.394595864259716e-06	cluster_0_1_mixed
916_T	0	9.393662269067374e-06	cluster_0_1_mixed
625_H	0	9.391128491023782e-06	cluster_0_1_mixed
574_W	0	9.371009201570396e-06	cluster_0_1_mixed
821_C	0	9.368297249635934e-06	cluster_0_1_mixed
383_G	0	9.362679884395386e-06	cluster_0_1_mixed
553_H	0	9.362070073286845e-06	cluster_0_1_mixed
492_I	0	9.33883210281065e-06	cluster_0_1_mixed
722_D	0	9.335787338993344e-06	cluster_0_1_mixed
303_H	0	9.333220824532617e-06	cluster_0_1_mixed
517_Y	0	9.317924207709992e-06	cluster_0_1_mixed
5_T	0	9.310625715828948e-06	cluster_0_1_mixed
481_P	0	9.301929165495292e-06	cluster_0_1_mixed
64_A	0	9.300807787463604e-06	cluster_0_1_mixed
173_F	0	9.300067099540438e-06	cluster_0_1_mixed
272_A	0	9.294382374558111e-06	cluster_0_1_mixed
576_R	0	9.289002084399934e-06	cluster_0_1_mixed
546_E	0	9.287846436486166e-06	cluster_0_1_mixed
119_S	0	9.285026454013423e-06	cluster_0_1_mixed
52_G	0	9.277626251314972e-06	cluster_0_1_mixed
790_V	0	9.275476889999321e-06	cluster_0_1_mixed
328_M	0	9.263247810376937e-06	cluster_0_1_mixed
683_L	0	9.24991385399323e-06	cluster_0_1_mixed
521_F	0	9.230730539879503e-06	cluster_0_1_mixed
517_P	0	9.226260775699582e-06	cluster_0_1_mixed
486_F	0	9.219030971061676e-06	cluster_0_1_mixed
340_L	0	9.20991152540961e-06	cluster_0_1_mixed
564_W	0	9.208841094704292e-06	cluster_0_1_mixed
792_I	0	9.205075824885717e-06	cluster_0_1_mixed
390_L	0	9.203359933062748e-06	cluster_0_1_mixed
256_E	0	9.196484219831003e-06	cluster_0_1_mixed
900_T	0	9.19201510186072e-06	cluster_0_1_mixed
296_V	0	9.184728290271047e-06	cluster_0_1_mixed
483_Q	0	9.183626891764463e-06	cluster_0_1_mixed
617_M	0	9.180150561089878e-06	cluster_0_1_mixed
215_E	0	9.180073273781213e-06	cluster_0_1_mixed
365_S	0	9.178186444183638e-06	cluster_0_1_mixed
460_N	0	9.162624146435224e-06	cluster_0_1_mixed
488_Y	0	9.138598553628436e-06	cluster_0_1_mixed
583_S	0	9.12713521111667e-06	cluster_0_1_mixed
668_E	0	9.126488121664394e-06	cluster_0_1_mixed
414_Y	0	9.123564040827867e-06	cluster_0_1_mixed
196_N	0	9.11300392942324e-06	cluster_0_1_mixed
666_L	0	9.10874575361952e-06	cluster_0_1_mixed
344_E	0	9.106047622252821e-06	cluster_0_1_mixed
366_E	0	9.104329246154098e-06	cluster_0_1_mixed
886_E	0	9.098679549764241e-06	cluster_0_1_mixed
188_T	0	9.095826247913186e-06	cluster_0_1_mixed
19_I	0	9.090999618481288e-06	cluster_0_1_mixed
173_Q	0	9.076934569595399e-06	cluster_0_1_mixed
438_L	0	9.07511826724616e-06	cluster_0_1_mixed
561_K	0	9.071407051440092e-06	cluster_0_1_mixed
653_Q	0	9.069650469316623e-06	cluster_0_1_mixed
935_E	0	9.058384447246299e-06	cluster_0_1_mixed
709_H	0	9.056069648702964e-06	cluster_0_1_mixed
788_S	0	9.048999436901774e-06	cluster_0_1_mixed
158_V	0	9.047796182522243e-06	cluster_0_1_mixed
526_M	0	9.039981895661332e-06	cluster_0_1_mixed
381_R	0	9.039653270815673e-06	cluster_0_1_mixed
1_M	0	9.036942243725067e-06	cluster_0_1_mixed
677_D	0	9.035812264390305e-06	cluster_0_1_mixed
364_Y	0	9.034232695501944e-06	cluster_0_1_mixed
652_N	0	9.017812094869242e-06	cluster_0_1_mixed
434_Y	0	9.015277224461314e-06	cluster_0_1_mixed
176_K	0	9.009317086755435e-06	cluster_0_1_mixed
842_V	0	9.00807747576015e-06	cluster_0_1_mixed
682_H	0	8.971057473668044e-06	cluster_0_1_mixed
219_N	0	8.963878652000933e-06	cluster_0_1_mixed
245_N	0	8.949009728993717e-06	cluster_0_1_mixed
322_W	0	8.93965160875185e-06	cluster_0_1_mixed
480_K	0	8.935293061616043e-06	cluster_0_1_mixed
531_E	0	8.930175746848538e-06	cluster_0_1_mixed
232_S	0	8.912030685010333e-06	cluster_0_1_mixed
528_W	0	8.902615757320399e-06	cluster_0_1_mixed
209_S	0	8.901154602016698e-06	cluster_0_1_mixed
413_F	0	8.900984022503949e-06	cluster_0_1_mixed
529_R	0	8.894695868901704e-06	cluster_0_1_mixed
737_V	0	8.892980410124091e-06	cluster_0_1_mixed
239_M	0	8.888667518944962e-06	cluster_0_1_mixed
462_N	0	8.886006660240914e-06	cluster_0_1_mixed
274_R	0	8.884796981517928e-06	cluster_0_1_mixed
665_I	0	8.872970959769554e-06	cluster_0_1_mixed
34_I	0	8.870705452580068e-06	cluster_0_1_mixed
915_M	0	8.86975433990625e-06	cluster_0_1_mixed
572_M	0	8.85698477289089e-06	cluster_0_1_mixed
481_Y	0	8.845989481375051e-06	cluster_0_1_mixed
655_P	0	8.841941350306921e-06	cluster_0_1_mixed
365_D	0	8.840297891784187e-06	cluster_0_1_mixed
933_Q	0	8.836011680727203e-06	cluster_0_1_mixed
877_G	0	8.83290322669058e-06	cluster_0_1_mixed
936_F	0	8.823002383437968e-06	cluster_0_1_mixed
245_G	0	8.81345089053806e-06	cluster_0_1_mixed
371_R	0	8.796932863564126e-06	cluster_0_1_mixed
529_W	0	8.790163427288574e-06	cluster_0_1_mixed
475_G	0	8.7820064609173e-06	cluster_0_1_mixed
351_M	0	8.780522770043709e-06	cluster_0_1_mixed
559_H	0	8.780331489330066e-06	cluster_0_1_mixed
204_Q	0	8.778187149815406e-06	cluster_0_1_mixed
898_W	0	8.776301840231622e-06	cluster_0_1_mixed
710_C	0	8.774399137536339e-06	cluster_0_1_mixed
385_M	0	8.770644833942501e-06	cluster_0_1_mixed
562_Q	0	8.770372052266658e-06	cluster_0_1_mixed
211_Q	0	8.767026493058699e-06	cluster_0_1_mixed
393_R	0	8.761574231194666e-06	cluster_0_1_mixed
187_P	0	8.758418410504884e-06	cluster_0_1_mixed
126_S	0	8.7581689716542e-06	cluster_0_1_mixed
449_I	0	8.744740770820527e-06	cluster_0_1_mixed
418_T	0	8.73236848530638e-06	cluster_0_1_mixed
205_G	0	8.727399123766324e-06	cluster_0_1_mixed
402_T	0	8.72684915242489e-06	cluster_0_1_mixed
813_A	0	8.721047773683257e-06	cluster_0_1_mixed
382_Q	0	8.702472282308396e-06	cluster_0_1_mixed
391_R	0	8.702422991243319e-06	cluster_0_1_mixed
485_Y	0	8.693920816522056e-06	cluster_0_1_mixed
318_N	0	8.689851966125384e-06	cluster_0_1_mixed
879_F	0	8.684862783045884e-06	cluster_0_1_mixed
440_P	0	8.68057935693093e-06	cluster_0_1_mixed
599_V	0	8.679755074115113e-06	cluster_0_1_mixed
641_K	0	8.67924925372476e-06	cluster_0_1_mixed
4_V	0	8.672424382339506e-06	cluster_0_1_mixed
414_Q	0	8.666023302212652e-06	cluster_0_1_mixed
216_T	0	8.660558285106384e-06	cluster_0_1_mixed
691_H	0	8.653976782968001e-06	cluster_0_1_mixed
666_F	0	8.650655913530324e-06	cluster_0_1_mixed
479_M	0	8.641350165295517e-06	cluster_0_1_mixed
448_A	0	8.631917281767176e-06	cluster_0_1_mixed
789_E	0	8.628894729741908e-06	cluster_0_1_mixed
180_P	0	8.61665932249285e-06	cluster_0_1_mixed
126_D	0	8.6033897589758e-06	cluster_0_1_mixed
214_C	0	8.602452589343678e-06	cluster_0_1_mixed
689_M	0	8.595154417855454e-06	cluster_0_1_mixed
121_T	0	8.587511565115531e-06	cluster_0_1_mixed
183_E	0	8.567424190393853e-06	cluster_0_1_mixed
533_H	0	8.563803464461663e-06	cluster_0_1_mixed
191_D	0	8.559725613913585e-06	cluster_0_1_mixed
548_H	0	8.559460386837564e-06	cluster_0_1_mixed
919_Q	0	8.558168384015881e-06	cluster_0_1_mixed
415_M	0	8.557314199617009e-06	cluster_0_1_mixed
382_G	0	8.549256000157004e-06	cluster_0_1_mixed
867_G	0	8.548395746319365e-06	cluster_0_1_mixed
317_P	0	8.517399570285882e-06	cluster_0_1_mixed
348_R	0	8.512067284479416e-06	cluster_0_1_mixed
747_M	0	8.509091877971e-06	cluster_0_1_mixed
849_E	0	8.502364128096007e-06	cluster_0_1_mixed
142_L	0	8.500037096980183e-06	cluster_0_1_mixed
557_K	0	8.498512631338206e-06	cluster_0_1_mixed
546_F	0	8.49587057682993e-06	cluster_0_1_mixed
900_G	0	8.491456082237175e-06	cluster_0_1_mixed
729_I	0	8.491052656752923e-06	cluster_0_1_mixed
685_Q	0	8.485426038682785e-06	cluster_0_1_mixed
431_I	0	8.484007636167188e-06	cluster_0_1_mixed
551_K	0	8.480825675018354e-06	cluster_0_1_mixed
469_I	0	8.469888436487894e-06	cluster_0_1_mixed
584_G	0	8.469805455450441e-06	cluster_0_1_mixed
402_G	0	8.464556644816587e-06	cluster_0_1_mixed
257_N	0	8.462759257276335e-06	cluster_0_1_mixed
255_M	0	8.457132167992026e-06	cluster_0_1_mixed
366_I	0	8.452783193619582e-06	cluster_0_1_mixed
300_P	0	8.43443275125183e-06	cluster_0_1_mixed
839_G	0	8.430521070510986e-06	cluster_0_1_mixed
347_E	0	8.426963643579362e-06	cluster_0_1_mixed
480_H	0	8.42045882059755e-06	cluster_0_1_mixed
375_Y	0	8.419606652157923e-06	cluster_0_1_mixed
578_K	0	8.418099158278219e-06	cluster_0_1_mixed
515_N	0	8.41016037464163e-06	cluster_0_1_mixed
935_F	0	8.401716389338293e-06	cluster_0_1_mixed
375_P	0	8.39907491522852e-06	cluster_0_1_mixed
934_N	0	8.396467137584327e-06	cluster_0_1_mixed
885_N	0	8.380985963380038e-06	cluster_0_1_mixed
690_D	0	8.377868723346182e-06	cluster_0_1_mixed
801_G	0	8.376533305855215e-06	cluster_0_1_mixed
516_G	0	8.365686369263255e-06	cluster_0_1_mixed
185_D	0	8.360207440898477e-06	cluster_0_1_mixed
418_V	0	8.359717075602097e-06	cluster_0_1_mixed
525_K	0	8.351405896609094e-06	cluster_0_1_mixed
174_R	0	8.323882461868915e-06	cluster_0_1_mixed
423_E	0	8.320796754865318e-06	cluster_0_1_mixed
488_H	0	8.31976803601389e-06	cluster_0_1_mixed
387_L	0	8.31641295103334e-06	cluster_0_1_mixed
697_A	0	8.310648134696754e-06	cluster_0_1_mixed
476_I	0	8.307254500997181e-06	cluster_0_1_mixed
893_H	0	8.304711844261085e-06	cluster_0_1_mixed
21_L	0	8.303437322709965e-06	cluster_0_1_mixed
846_T	0	8.296252991181146e-06	cluster_0_1_mixed
658_N	0	8.276201001280036e-06	cluster_0_1_mixed
564_H	0	8.273886366195114e-06	cluster_0_1_mixed
363_F	0	8.27226719822282e-06	cluster_0_1_mixed
607_X	0	8.262803076072359e-06	cluster_0_1_mixed
492_K	0	8.262339634073464e-06	cluster_0_1_mixed
11_I	0	8.242588199691395e-06	cluster_0_1_mixed
156_E	0	8.241321078193781e-06	cluster_0_1_mixed
332_E	0	8.23997107448877e-06	cluster_0_1_mixed
784_L	0	8.237294064704701e-06	cluster_0_1_mixed
445_C	0	8.220463189153615e-06	cluster_0_1_mixed
296_A	0	8.216488966351536e-06	cluster_0_1_mixed
208_H	0	8.18921614435361e-06	cluster_0_1_mixed
120_L	0	8.168116760939908e-06	cluster_0_1_mixed
677_N	0	8.164693523612455e-06	cluster_0_1_mixed
874_R	0	8.156749612373042e-06	cluster_0_1_mixed
362_V	0	8.152880729042584e-06	cluster_0_1_mixed
481_M	0	8.138783428324586e-06	cluster_0_1_mixed
896_H	0	8.13776440235905e-06	cluster_0_1_mixed
316_Y	0	8.11169744212446e-06	cluster_0_1_mixed
431_H	0	8.109229292950468e-06	cluster_0_1_mixed
935_M	0	8.10602519117241e-06	cluster_0_1_mixed
714_T	0	8.101570280279943e-06	cluster_0_1_mixed
622_X	0	8.098145473777738e-06	cluster_0_1_mixed
566_H	0	8.097834392816922e-06	cluster_0_1_mixed
821_G	0	8.092154819888876e-06	cluster_0_1_mixed
680_H	0	8.088110341177358e-06	cluster_0_1_mixed
181_G	0	8.072939545241995e-06	cluster_0_1_mixed
292_G	0	8.0638623830978e-06	cluster_0_1_mixed
271_V	0	8.061513576302448e-06	cluster_0_1_mixed
558_W	0	8.055167352961321e-06	cluster_0_1_mixed
934_S	0	8.053588926096254e-06	cluster_0_1_mixed
634_G	0	8.053575473266178e-06	cluster_0_1_mixed
624_E	0	8.027432364579345e-06	cluster_0_1_mixed
448_P	0	8.027340104352985e-06	cluster_0_1_mixed
796_L	0	8.021761497936128e-06	cluster_0_1_mixed
925_E	0	8.021489208944123e-06	cluster_0_1_mixed
412_S	0	8.01738451181934e-06	cluster_0_1_mixed
651_K	0	8.011577754534007e-06	cluster_0_1_mixed
875_R	0	8.005954391019048e-06	cluster_0_1_mixed
840_Q	0	8.000991831181716e-06	cluster_0_1_mixed
312_R	0	7.991535511424316e-06	cluster_0_1_mixed
175_D	0	7.98721706311477e-06	cluster_0_1_mixed
397_T	0	7.976357328220611e-06	cluster_0_1_mixed
818_T	0	7.964810220893458e-06	cluster_0_1_mixed
477_Q	0	7.947314379426419e-06	cluster_0_1_mixed
186_V	0	7.932638867782896e-06	cluster_0_1_mixed
209_C	0	7.922381003115547e-06	cluster_0_1_mixed
488_I	0	7.921678514910794e-06	cluster_0_1_mixed
318_Y	0	7.907376272092296e-06	cluster_0_1_mixed
408_G	0	7.907113386838354e-06	cluster_0_1_mixed
369_M	0	7.903918873602068e-06	cluster_0_1_mixed
438_M	0	7.8985639534899e-06	cluster_0_1_mixed
917_L	0	7.87102617107425e-06	cluster_0_1_mixed
624_N	0	7.863706776247422e-06	cluster_0_1_mixed
522_K	0	7.861799955525002e-06	cluster_0_1_mixed
820_T	0	7.847141381964492e-06	cluster_0_1_mixed
903_V	0	7.845392441331724e-06	cluster_0_1_mixed
394_I	0	7.845103297731192e-06	cluster_0_1_mixed
490_W	0	7.84207733324447e-06	cluster_0_1_mixed
418_P	0	7.836326170039912e-06	cluster_0_1_mixed
7_G	0	7.833192951401082e-06	cluster_0_1_mixed
659_S	0	7.828964185873285e-06	cluster_0_1_mixed
758_K	0	7.82578186640058e-06	cluster_0_1_mixed
491_R	0	7.820761351487771e-06	cluster_0_1_mixed
852_H	0	7.819228657708178e-06	cluster_0_1_mixed
657_E	0	7.817350257403857e-06	cluster_0_1_mixed
655_H	0	7.817233969785474e-06	cluster_0_1_mixed
410_L	0	7.814519705621876e-06	cluster_0_1_mixed
931_H	0	7.805936108211438e-06	cluster_0_1_mixed
841_D	0	7.805770823202887e-06	cluster_0_1_mixed
172_S	0	7.791871016149364e-06	cluster_0_1_mixed
723_C	0	7.789711854100512e-06	cluster_0_1_mixed
871_S	0	7.786740003304828e-06	cluster_0_1_mixed
112_L	0	7.786641551913292e-06	cluster_0_1_mixed
365_R	0	7.784261371229627e-06	cluster_0_1_mixed
643_H	0	7.783759663228684e-06	cluster_0_1_mixed
123_D	0	7.7763253839366e-06	cluster_0_1_mixed
782_E	0	7.770913217633074e-06	cluster_0_1_mixed
611_S	0	7.759155198986842e-06	cluster_0_1_mixed
362_D	0	7.755292764943184e-06	cluster_0_1_mixed
384_D	0	7.74977389993647e-06	cluster_0_1_mixed
583_R	0	7.743189795984202e-06	cluster_0_1_mixed
678_Y	0	7.742382068354657e-06	cluster_0_1_mixed
314_V	0	7.73569979980925e-06	cluster_0_1_mixed
361_T	0	7.734468956278875e-06	cluster_0_1_mixed
384_E	0	7.714672539382128e-06	cluster_0_1_mixed
457_S	0	7.712537597330305e-06	cluster_0_1_mixed
150_T	0	7.699587675302485e-06	cluster_0_1_mixed
819_W	0	7.692678361938567e-06	cluster_0_1_mixed
215_V	0	7.687110066979491e-06	cluster_0_1_mixed
491_P	0	7.682223884558318e-06	cluster_0_1_mixed
420_I	0	7.667947198538612e-06	cluster_0_1_mixed
912_Q	0	7.663437284970315e-06	cluster_0_1_mixed
239_R	0	7.660682559683388e-06	cluster_0_1_mixed
252_I	0	7.653802197305629e-06	cluster_0_1_mixed
701_G	0	7.649566616337048e-06	cluster_0_1_mixed
416_D	0	7.647354721703642e-06	cluster_0_1_mixed
896_G	0	7.645635128576704e-06	cluster_0_1_mixed
844_C	0	7.638024158637915e-06	cluster_0_1_mixed
728_V	0	7.628844474036085e-06	cluster_0_1_mixed
293_Q	0	7.628759559886269e-06	cluster_0_1_mixed
904_I	0	7.622873668698553e-06	cluster_0_1_mixed
428_E	0	7.613641554692173e-06	cluster_0_1_mixed
277_W	0	7.586225654020212e-06	cluster_0_1_mixed
245_F	0	7.584133492444662e-06	cluster_0_1_mixed
601_E	0	7.584054332507213e-06	cluster_0_1_mixed
870_R	0	7.5834302179250285e-06	cluster_0_1_mixed
375_F	0	7.574966632954608e-06	cluster_0_1_mixed
636_M	0	7.571838841014129e-06	cluster_0_1_mixed
102_L	0	7.563202895836496e-06	cluster_0_1_mixed
689_H	0	7.551400776470898e-06	cluster_0_1_mixed
838_T	0	7.549567797507721e-06	cluster_0_1_mixed
679_F	0	7.547813820155704e-06	cluster_0_1_mixed
580_W	0	7.543448776024852e-06	cluster_0_1_mixed
732_V	0	7.542407892994921e-06	cluster_0_1_mixed
937_K	0	7.538665001010775e-06	cluster_0_1_mixed
932_L	0	7.538299896859736e-06	cluster_0_1_mixed
903_D	0	7.5229223345529434e-06	cluster_0_1_mixed
406_Y	0	7.5218715666686625e-06	cluster_0_1_mixed
309_T	0	7.521720838290885e-06	cluster_0_1_mixed
339_M	0	7.521538552267905e-06	cluster_0_1_mixed
745_S	0	7.515402377012731e-06	cluster_0_1_mixed
204_T	0	7.512826172033391e-06	cluster_0_1_mixed
278_L	0	7.509680218165181e-06	cluster_0_1_mixed
579_M	0	7.49449696753231e-06	cluster_0_1_mixed
184_Y	0	7.481413522243466e-06	cluster_0_1_mixed
187_R	0	7.477008222536677e-06	cluster_0_1_mixed
346_I	0	7.470082100701603e-06	cluster_0_1_mixed
924_N	0	7.459619506703012e-06	cluster_0_1_mixed
546_H	0	7.450051027458331e-06	cluster_0_1_mixed
777_I	0	7.446364123542551e-06	cluster_0_1_mixed
527_R	0	7.44448467747552e-06	cluster_0_1_mixed
654_M	0	7.4365414904924305e-06	cluster_0_1_mixed
228_N	0	7.431285196190917e-06	cluster_0_1_mixed
769_L	0	7.421555670337002e-06	cluster_0_1_mixed
202_W	0	7.418411274805644e-06	cluster_0_1_mixed
428_W	0	7.4161665794885045e-06	cluster_0_1_mixed
343_W	0	7.4036302174751655e-06	cluster_0_1_mixed
476_P	0	7.393677103406603e-06	cluster_0_1_mixed
188_D	0	7.391387555937158e-06	cluster_0_1_mixed
938_P	0	7.390341475121634e-06	cluster_0_1_mixed
521_H	0	7.386427596016351e-06	cluster_0_1_mixed
198_S	0	7.385497821698983e-06	cluster_0_1_mixed
461_A	0	7.3782538504369346e-06	cluster_0_1_mixed
516_P	0	7.376736897352737e-06	cluster_0_1_mixed
27_S	0	7.364129078173528e-06	cluster_0_1_mixed
492_F	0	7.356515441436844e-06	cluster_0_1_mixed
919_A	0	7.356051762611891e-06	cluster_0_1_mixed
514_T	0	7.35532024762581e-06	cluster_0_1_mixed
178_F	0	7.330457184278649e-06	cluster_0_1_mixed
894_N	0	7.33008728011538e-06	cluster_0_1_mixed
537_H	0	7.325908963291247e-06	cluster_0_1_mixed
461_S	0	7.312152939221855e-06	cluster_0_1_mixed
667_N	0	7.285760577287391e-06	cluster_0_1_mixed
279_D	0	7.2855349980913865e-06	cluster_0_1_mixed
878_D	0	7.284538195276803e-06	cluster_0_1_mixed
697_F	0	7.2803796314917205e-06	cluster_0_1_mixed
391_F	0	7.2783923602853085e-06	cluster_0_1_mixed
651_G	0	7.274198051935274e-06	cluster_0_1_mixed
237_K	0	7.264156936440983e-06	cluster_0_1_mixed
851_W	0	7.251268782074545e-06	cluster_0_1_mixed
169_A	0	7.246964862461776e-06	cluster_0_1_mixed
417_M	0	7.239587347368881e-06	cluster_0_1_mixed
457_N	0	7.23742055192823e-06	cluster_0_1_mixed
378_E	0	7.227091927555294e-06	cluster_0_1_mixed
800_D	0	7.2112667241948784e-06	cluster_0_1_mixed
440_M	0	7.20567842176779e-06	cluster_0_1_mixed
337_R	0	7.19611144302439e-06	cluster_0_1_mixed
936_P	0	7.181333284874841e-06	cluster_0_1_mixed
354_T	0	7.166511200359526e-06	cluster_0_1_mixed
581_P	0	7.166463029514604e-06	cluster_0_1_mixed
677_Y	0	7.163759422309686e-06	cluster_0_1_mixed
343_D	0	7.16224435553898e-06	cluster_0_1_mixed
242_H	0	7.147498213432556e-06	cluster_0_1_mixed
844_T	0	7.1466010950163805e-06	cluster_0_1_mixed
51_V	0	7.144712395044009e-06	cluster_0_1_mixed
330_G	0	7.131370410378431e-06	cluster_0_1_mixed
731_Y	0	7.125483352307531e-06	cluster_0_1_mixed
493_M	0	7.114968402803094e-06	cluster_0_1_mixed
526_H	0	7.109557278997419e-06	cluster_0_1_mixed
817_T	0	7.109473572974814e-06	cluster_0_1_mixed
367_P	0	7.105491994313179e-06	cluster_0_1_mixed
581_Y	0	7.104860968408913e-06	cluster_0_1_mixed
789_H	0	7.1041181252922305e-06	cluster_0_1_mixed
620_N	0	7.094307494372125e-06	cluster_0_1_mixed
335_Y	0	7.082695943627748e-06	cluster_0_1_mixed
740_Q	0	7.081069556944729e-06	cluster_0_1_mixed
556_I	0	7.080799304594941e-06	cluster_0_1_mixed
872_V	0	7.0668655115523536e-06	cluster_0_1_mixed
254_D	0	7.0646590125838304e-06	cluster_0_1_mixed
159_V	0	7.059176469452917e-06	cluster_0_1_mixed
628_H	0	7.048232198719116e-06	cluster_0_1_mixed
678_G	0	7.046674298029081e-06	cluster_0_1_mixed
615_Q	0	7.044265266724957e-06	cluster_0_1_mixed
83_L	0	7.03499306538508e-06	cluster_0_1_mixed
839_Q	0	7.034600351809435e-06	cluster_0_1_mixed
784_H	0	7.030038951032218e-06	cluster_0_1_mixed
586_L	0	7.029342289369506e-06	cluster_0_1_mixed
612_K	0	7.02422118108806e-06	cluster_0_1_mixed
759_S	0	7.022120802514345e-06	cluster_0_1_mixed
166_G	0	7.020958860536747e-06	cluster_0_1_mixed
934_T	0	7.015481312491176e-06	cluster_0_1_mixed
314_K	0	7.013816839474807e-06	cluster_0_1_mixed
416_M	0	7.0135892301382105e-06	cluster_0_1_mixed
175_Y	0	7.011323446294132e-06	cluster_0_1_mixed
318_K	0	7.0086222053800985e-06	cluster_0_1_mixed
433_M	0	7.0013092792839725e-06	cluster_0_1_mixed
622_E	0	6.995262800106975e-06	cluster_0_1_mixed
194_Q	0	6.989266253455284e-06	cluster_0_1_mixed
171_T	0	6.986852535848163e-06	cluster_0_1_mixed
72_V	0	6.985296079420261e-06	cluster_0_1_mixed
531_R	0	6.982813617940857e-06	cluster_0_1_mixed
363_D	0	6.976159546531298e-06	cluster_0_1_mixed
295_Y	0	6.9730438475218895e-06	cluster_0_1_mixed
889_F	0	6.97244077464056e-06	cluster_0_1_mixed
519_Y	0	6.96894239385165e-06	cluster_0_1_mixed
682_F	0	6.964200574442045e-06	cluster_0_1_mixed
197_Y	0	6.962303424466304e-06	cluster_0_1_mixed
443_W	0	6.960554260047229e-06	cluster_0_1_mixed
899_V	0	6.956961646302352e-06	cluster_0_1_mixed
381_D	0	6.9541076946768685e-06	cluster_0_1_mixed
327_K	0	6.933646928528925e-06	cluster_0_1_mixed
188_R	0	6.928602899853333e-06	cluster_0_1_mixed
870_A	0	6.920592978755312e-06	cluster_0_1_mixed
293_K	0	6.918562053622661e-06	cluster_0_1_mixed
419_L	0	6.914241100170392e-06	cluster_0_1_mixed
299_L	0	6.911168962997755e-06	cluster_0_1_mixed
879_L	0	6.888303220232611e-06	cluster_0_1_mixed
562_F	0	6.88415214549674e-06	cluster_0_1_mixed
428_L	0	6.882285307722322e-06	cluster_0_1_mixed
896_W	0	6.878021772507146e-06	cluster_0_1_mixed
259_Y	0	6.874778492922704e-06	cluster_0_1_mixed
929_A	0	6.8651474253316965e-06	cluster_0_1_mixed
246_G	0	6.86369272606276e-06	cluster_0_1_mixed
437_I	0	6.854593497686818e-06	cluster_0_1_mixed
778_V	0	6.841074002423566e-06	cluster_0_1_mixed
370_S	0	6.840642487566061e-06	cluster_0_1_mixed
880_W	0	6.833724942109739e-06	cluster_0_1_mixed
490_E	0	6.831728886219981e-06	cluster_0_1_mixed
404_Q	0	6.829312618756381e-06	cluster_0_1_mixed
716_H	0	6.828739790539898e-06	cluster_0_1_mixed
133_V	0	6.81813780280809e-06	cluster_0_1_mixed
300_A	0	6.810375346195107e-06	cluster_0_1_mixed
173_L	0	6.807195395930462e-06	cluster_0_1_mixed
243_H	0	6.797639310826925e-06	cluster_0_1_mixed
519_P	0	6.795810239373339e-06	cluster_0_1_mixed
912_H	0	6.794094205138135e-06	cluster_0_1_mixed
875_I	0	6.790839434548118e-06	cluster_0_1_mixed
140_S	0	6.788286018371795e-06	cluster_0_1_mixed
529_K	0	6.783237362280076e-06	cluster_0_1_mixed
415_F	0	6.771589504962577e-06	cluster_0_1_mixed
186_R	0	6.771025270526011e-06	cluster_0_1_mixed
720_F	0	6.764424576866582e-06	cluster_0_1_mixed
933_A	0	6.7555228434056135e-06	cluster_0_1_mixed
633_E	0	6.742442509991794e-06	cluster_0_1_mixed
691_N	0	6.728206584481024e-06	cluster_0_1_mixed
333_R	0	6.727792567103633e-06	cluster_0_1_mixed
478_Y	0	6.727335852824138e-06	cluster_0_1_mixed
345_D	0	6.7251600924735576e-06	cluster_0_1_mixed
538_H	0	6.723741317252713e-06	cluster_0_1_mixed
906_D	0	6.7130908351188125e-06	cluster_0_1_mixed
608_X	0	6.70322659145616e-06	cluster_0_1_mixed
416_W	0	6.6835457464913665e-06	cluster_0_1_mixed
771_L	0	6.679280223139672e-06	cluster_0_1_mixed
449_R	0	6.678616726222033e-06	cluster_0_1_mixed
692_F	0	6.668537108513957e-06	cluster_0_1_mixed
740_D	0	6.653419685371578e-06	cluster_0_1_mixed
854_H	0	6.635779896073718e-06	cluster_0_1_mixed
656_M	0	6.63037364829943e-06	cluster_0_1_mixed
411_R	0	6.620389363981602e-06	cluster_0_1_mixed
236_T	0	6.61795801464699e-06	cluster_0_1_mixed
931_S	0	6.614258719688583e-06	cluster_0_1_mixed
886_Q	0	6.609877473910425e-06	cluster_0_1_mixed
426_A	0	6.606885523220228e-06	cluster_0_1_mixed
704_E	0	6.599821182977304e-06	cluster_0_1_mixed
342_D	0	6.597677115581621e-06	cluster_0_1_mixed
118_L	0	6.596864333781865e-06	cluster_0_1_mixed
788_V	0	6.594700174285398e-06	cluster_0_1_mixed
536_W	0	6.565044898351718e-06	cluster_0_1_mixed
117_K	0	6.562076047799355e-06	cluster_0_1_mixed
547_H	0	6.56175977211106e-06	cluster_0_1_mixed
526_W	0	6.547679258046998e-06	cluster_0_1_mixed
516_N	0	6.543750891757591e-06	cluster_0_1_mixed
679_D	0	6.543442930131908e-06	cluster_0_1_mixed
571_K	0	6.5387154683705875e-06	cluster_0_1_mixed
332_C	0	6.535915034229223e-06	cluster_0_1_mixed
686_M	0	6.53477271572017e-06	cluster_0_1_mixed
458_E	0	6.526373084965466e-06	cluster_0_1_mixed
313_N	0	6.48756843934153e-06	cluster_0_1_mixed
866_P	0	6.4874154304235124e-06	cluster_0_1_mixed
254_S	0	6.48696890933262e-06	cluster_0_1_mixed
908_D	0	6.485251512780495e-06	cluster_0_1_mixed
323_L	0	6.484888072233036e-06	cluster_0_1_mixed
582_G	0	6.484762365441584e-06	cluster_0_1_mixed
518_L	0	6.481731932322005e-06	cluster_0_1_mixed
210_M	0	6.47172531021936e-06	cluster_0_1_mixed
120_A	0	6.453993383984708e-06	cluster_0_1_mixed
442_F	0	6.448408576993557e-06	cluster_0_1_mixed
789_Q	0	6.4484005035451375e-06	cluster_0_1_mixed
343_L	0	6.444926531535085e-06	cluster_0_1_mixed
332_M	0	6.417717066417666e-06	cluster_0_1_mixed
591_T	0	6.416675030903864e-06	cluster_0_1_mixed
327_D	0	6.414557323280358e-06	cluster_0_1_mixed
395_V	0	6.412447581603533e-06	cluster_0_1_mixed
197_A	0	6.401405798262538e-06	cluster_0_1_mixed
468_K	0	6.399420840816438e-06	cluster_0_1_mixed
482_K	0	6.387976608918637e-06	cluster_0_1_mixed
739_M	0	6.385399509651944e-06	cluster_0_1_mixed
784_P	0	6.382107052177036e-06	cluster_0_1_mixed
172_D	0	6.378018665749192e-06	cluster_0_1_mixed
152_T	0	6.375826951949565e-06	cluster_0_1_mixed
915_T	0	6.372696317613073e-06	cluster_0_1_mixed
381_G	0	6.366081644448588e-06	cluster_0_1_mixed
883_R	0	6.35904000812002e-06	cluster_0_1_mixed
860_N	0	6.3547205281152586e-06	cluster_0_1_mixed
217_S	0	6.351672049792657e-06	cluster_0_1_mixed
493_Q	0	6.328619815041145e-06	cluster_0_1_mixed
652_H	0	6.325376941782283e-06	cluster_0_1_mixed
586_Q	0	6.3168880312347144e-06	cluster_0_1_mixed
625_C	0	6.3163556634612814e-06	cluster_0_1_mixed
596_L	0	6.301068277449257e-06	cluster_0_1_mixed
361_S	0	6.2968836764512105e-06	cluster_0_1_mixed
691_M	0	6.290375840351805e-06	cluster_0_1_mixed
686_L	0	6.287610724099463e-06	cluster_0_1_mixed
689_C	0	6.283895768541444e-06	cluster_0_1_mixed
362_L	0	6.276628184224198e-06	cluster_0_1_mixed
386_C	0	6.269081686757535e-06	cluster_0_1_mixed
478_T	0	6.26761430821739e-06	cluster_0_1_mixed
246_Q	0	6.265045704893128e-06	cluster_0_1_mixed
247_C	0	6.264819390615382e-06	cluster_0_1_mixed
710_I	0	6.2535545685062946e-06	cluster_0_1_mixed
357_P	0	6.251733486021509e-06	cluster_0_1_mixed
918_K	0	6.241328927205236e-06	cluster_0_1_mixed
317_V	0	6.233793081559924e-06	cluster_0_1_mixed
361_A	0	6.232739650528633e-06	cluster_0_1_mixed
245_Q	0	6.2174436596493906e-06	cluster_0_1_mixed
347_L	0	6.210931551196433e-06	cluster_0_1_mixed
314_S	0	6.210608422069864e-06	cluster_0_1_mixed
878_K	0	6.2077041760995516e-06	cluster_0_1_mixed
838_K	0	6.197496796976851e-06	cluster_0_1_mixed
298_S	0	6.191294888889541e-06	cluster_0_1_mixed
856_M	0	6.185281947255186e-06	cluster_0_1_mixed
550_M	0	6.181281628853288e-06	cluster_0_1_mixed
692_C	0	6.1757021161140645e-06	cluster_0_1_mixed
340_H	0	6.175019033685667e-06	cluster_0_1_mixed
483_W	0	6.166629980998084e-06	cluster_0_1_mixed
887_T	0	6.152140817219041e-06	cluster_0_1_mixed
418_K	0	6.1475432320700345e-06	cluster_0_1_mixed
234_Q	0	6.145623330709533e-06	cluster_0_1_mixed
277_T	0	6.138785616643812e-06	cluster_0_1_mixed
395_N	0	6.137108702864814e-06	cluster_0_1_mixed
177_N	0	6.1344729464210484e-06	cluster_0_1_mixed
679_S	0	6.130576070720685e-06	cluster_0_1_mixed
289_S	0	6.121141662092509e-06	cluster_0_1_mixed
689_Y	0	6.115674197900356e-06	cluster_0_1_mixed
217_V	0	6.113416185759326e-06	cluster_0_1_mixed
642_S	0	6.098474350585124e-06	cluster_0_1_mixed
915_A	0	6.093719611122906e-06	cluster_0_1_mixed
336_M	0	6.090297483259625e-06	cluster_0_1_mixed
813_H	0	6.080061315442374e-06	cluster_0_1_mixed
349_M	0	6.077722952877449e-06	cluster_0_1_mixed
538_M	0	6.072387310571926e-06	cluster_0_1_mixed
467_V	0	6.060428681863838e-06	cluster_0_1_mixed
781_L	0	6.04857934429413e-06	cluster_0_1_mixed
298_A	0	6.043347414822263e-06	cluster_0_1_mixed
377_Q	0	6.042102015191759e-06	cluster_0_1_mixed
484_L	0	6.03632484933e-06	cluster_0_1_mixed
723_N	0	6.03478825075772e-06	cluster_0_1_mixed
444_V	0	6.0285875455216455e-06	cluster_0_1_mixed
183_L	0	6.02845570286321e-06	cluster_0_1_mixed
855_D	0	6.027339239736578e-06	cluster_0_1_mixed
128_D	0	6.024263967116891e-06	cluster_0_1_mixed
312_F	0	6.019940926471634e-06	cluster_0_1_mixed
28_T	0	6.019436018711385e-06	cluster_0_1_mixed
254_N	0	6.005093704555036e-06	cluster_0_1_mixed
367_D	0	5.9957495340839456e-06	cluster_0_1_mixed
906_S	0	5.978490318102837e-06	cluster_0_1_mixed
422_K	0	5.9756506769632235e-06	cluster_0_1_mixed
807_R	0	5.975363764003505e-06	cluster_0_1_mixed
222_S	0	5.974040519081926e-06	cluster_0_1_mixed
334_K	0	5.9476963273739716e-06	cluster_0_1_mixed
239_H	0	5.9403985133971305e-06	cluster_0_1_mixed
887_G	0	5.931726882258506e-06	cluster_0_1_mixed
839_S	0	5.927497629554722e-06	cluster_0_1_mixed
722_A	0	5.924164861699518e-06	cluster_0_1_mixed
462_V	0	5.923621156853554e-06	cluster_0_1_mixed
911_W	0	5.919977663220737e-06	cluster_0_1_mixed
582_W	0	5.917268575628037e-06	cluster_0_1_mixed
172_T	0	5.914580717466293e-06	cluster_0_1_mixed
603_X	0	5.911895476980068e-06	cluster_0_1_mixed
899_H	0	5.907328186234219e-06	cluster_0_1_mixed
621_Y	0	5.905790846132016e-06	cluster_0_1_mixed
528_K	0	5.903942258448854e-06	cluster_0_1_mixed
482_M	0	5.902305863245976e-06	cluster_0_1_mixed
515_P	0	5.895386716259595e-06	cluster_0_1_mixed
238_T	0	5.885632321822829e-06	cluster_0_1_mixed
792_F	0	5.885358514538968e-06	cluster_0_1_mixed
267_M	0	5.877923763601408e-06	cluster_0_1_mixed
635_Q	0	5.86210721828936e-06	cluster_0_1_mixed
199_G	0	5.859560377825155e-06	cluster_0_1_mixed
445_S	0	5.823160076207498e-06	cluster_0_1_mixed
244_D	0	5.816946793298254e-06	cluster_0_1_mixed
785_D	0	5.813935969759825e-06	cluster_0_1_mixed
340_P	0	5.810727132326745e-06	cluster_0_1_mixed
895_K	0	5.801658757431422e-06	cluster_0_1_mixed
575_Q	0	5.798484979280566e-06	cluster_0_1_mixed
872_G	0	5.796558232373001e-06	cluster_0_1_mixed
904_Y	0	5.793815657970276e-06	cluster_0_1_mixed
255_A	0	5.793792940014039e-06	cluster_0_1_mixed
403_V	0	5.7884921741529576e-06	cluster_0_1_mixed
473_I	0	5.788036322633892e-06	cluster_0_1_mixed
464_F	0	5.7861520576684935e-06	cluster_0_1_mixed
537_M	0	5.776135830022305e-06	cluster_0_1_mixed
236_G	0	5.775989959886544e-06	cluster_0_1_mixed
836_K	0	5.773537547601865e-06	cluster_0_1_mixed
689_N	0	5.767456319193033e-06	cluster_0_1_mixed
214_G	0	5.765082840544166e-06	cluster_0_1_mixed
375_H	0	5.764484350786728e-06	cluster_0_1_mixed
190_R	0	5.7613747600892675e-06	cluster_0_1_mixed
239_N	0	5.759815446085761e-06	cluster_0_1_mixed
861_P	0	5.7528786146898644e-06	cluster_0_1_mixed
119_V	0	5.735999515659207e-06	cluster_0_1_mixed
581_D	0	5.72954438916993e-06	cluster_0_1_mixed
737_M	0	5.725231812936842e-06	cluster_0_1_mixed
485_H	0	5.724297863640807e-06	cluster_0_1_mixed
703_D	0	5.7213129512073315e-06	cluster_0_1_mixed
444_T	0	5.720452368844869e-06	cluster_0_1_mixed
743_L	0	5.71509336308698e-06	cluster_0_1_mixed
541_C	0	5.710903712549517e-06	cluster_0_1_mixed
423_W	0	5.708863581197744e-06	cluster_0_1_mixed
328_F	0	5.708030370848301e-06	cluster_0_1_mixed
321_H	0	5.697089897880797e-06	cluster_0_1_mixed
107_N	0	5.695359288018838e-06	cluster_0_1_mixed
404_G	0	5.689595981174398e-06	cluster_0_1_mixed
238_E	0	5.681748731953642e-06	cluster_0_1_mixed
635_F	0	5.675422149780753e-06	cluster_0_1_mixed
660_G	0	5.671243085948994e-06	cluster_0_1_mixed
928_V	0	5.668708365658044e-06	cluster_0_1_mixed
144_I	0	5.659587413051468e-06	cluster_0_1_mixed
404_F	0	5.6436770133374785e-06	cluster_0_1_mixed
446_P	0	5.642683213347146e-06	cluster_0_1_mixed
493_F	0	5.613120826188384e-06	cluster_0_1_mixed
551_M	0	5.6023046830403085e-06	cluster_0_1_mixed
793_Y	0	5.6014077047340805e-06	cluster_0_1_mixed
409_D	0	5.598027180252366e-06	cluster_0_1_mixed
936_A	0	5.581512922867577e-06	cluster_0_1_mixed
818_D	0	5.576619699917573e-06	cluster_0_1_mixed
409_L	0	5.567647688545711e-06	cluster_0_1_mixed
378_Y	0	5.566036055751939e-06	cluster_0_1_mixed
837_H	0	5.554210069957825e-06	cluster_0_1_mixed
665_Y	0	5.54810265221902e-06	cluster_0_1_mixed
783_E	0	5.543094404218458e-06	cluster_0_1_mixed
922_R	0	5.540926032155413e-06	cluster_0_1_mixed
294_Q	0	5.534529454001696e-06	cluster_0_1_mixed
825_N	0	5.531847490641862e-06	cluster_0_1_mixed
342_M	0	5.531254141325565e-06	cluster_0_1_mixed
419_I	0	5.5310968409780374e-06	cluster_0_1_mixed
437_F	0	5.52513399658584e-06	cluster_0_1_mixed
905_D	0	5.519118719347305e-06	cluster_0_1_mixed
889_H	0	5.515075993655205e-06	cluster_0_1_mixed
423_C	0	5.511552482480039e-06	cluster_0_1_mixed
774_M	0	5.508615913287185e-06	cluster_0_1_mixed
121_Y	0	5.502475873270946e-06	cluster_0_1_mixed
534_W	0	5.497924049147107e-06	cluster_0_1_mixed
135_S	0	5.496535675371215e-06	cluster_0_1_mixed
371_M	0	5.494789682507141e-06	cluster_0_1_mixed
666_G	0	5.491926446518896e-06	cluster_0_1_mixed
917_F	0	5.485629514064155e-06	cluster_0_1_mixed
363_W	0	5.4816589872501855e-06	cluster_0_1_mixed
608_R	0	5.478552439211207e-06	cluster_0_1_mixed
224_Q	0	5.470795554211396e-06	cluster_0_1_mixed
743_Y	0	5.463664823829001e-06	cluster_0_1_mixed
892_E	0	5.457355793650772e-06	cluster_0_1_mixed
899_G	0	5.4573094336422035e-06	cluster_0_1_mixed
277_E	0	5.449864206231321e-06	cluster_0_1_mixed
265_A	0	5.448244492810785e-06	cluster_0_1_mixed
128_N	0	5.445084694700859e-06	cluster_0_1_mixed
384_P	0	5.440013687582815e-06	cluster_0_1_mixed
866_Q	0	5.438293784404647e-06	cluster_0_1_mixed
595_I	0	5.436770933049567e-06	cluster_0_1_mixed
518_Y	0	5.4266198835455765e-06	cluster_0_1_mixed
783_C	0	5.424443030678483e-06	cluster_0_1_mixed
825_H	0	5.4145512273657615e-06	cluster_0_1_mixed
879_E	0	5.410647211344126e-06	cluster_0_1_mixed
706_V	0	5.40937644023254e-06	cluster_0_1_mixed
205_Q	0	5.406589103341261e-06	cluster_0_1_mixed
868_N	0	5.400053166686819e-06	cluster_0_1_mixed
453_A	0	5.399685491089636e-06	cluster_0_1_mixed
840_E	0	5.398870949737337e-06	cluster_0_1_mixed
859_W	0	5.3922249193857245e-06	cluster_0_1_mixed
790_F	0	5.384839679472968e-06	cluster_0_1_mixed
445_I	0	5.375165203378289e-06	cluster_0_1_mixed
250_K	0	5.370163919950364e-06	cluster_0_1_mixed
917_C	0	5.363855798501236e-06	cluster_0_1_mixed
316_F	0	5.362899793484537e-06	cluster_0_1_mixed
732_N	0	5.358620878774639e-06	cluster_0_1_mixed
831_H	0	5.355060133542275e-06	cluster_0_1_mixed
397_D	0	5.340550617610161e-06	cluster_0_1_mixed
904_C	0	5.335695653130737e-06	cluster_0_1_mixed
425_E	0	5.333464547494457e-06	cluster_0_1_mixed
329_D	0	5.3316490631207646e-06	cluster_0_1_mixed
380_C	0	5.326317051757192e-06	cluster_0_1_mixed
121_K	0	5.3253674110572e-06	cluster_0_1_mixed
719_E	0	5.325246358067792e-06	cluster_0_1_mixed
798_E	0	5.31277601486831e-06	cluster_0_1_mixed
327_S	0	5.31060394572223e-06	cluster_0_1_mixed
19_V	0	5.29843472592034e-06	cluster_0_1_mixed
880_A	0	5.297255387728363e-06	cluster_0_1_mixed
192_Y	0	5.282704959574604e-06	cluster_0_1_mixed
291_T	0	5.28254499649193e-06	cluster_0_1_mixed
528_E	0	5.281099069535619e-06	cluster_0_1_mixed
326_C	0	5.279086489101229e-06	cluster_0_1_mixed
385_D	0	5.270834233704636e-06	cluster_0_1_mixed
443_Y	0	5.267886105418129e-06	cluster_0_1_mixed
263_D	0	5.261687812654344e-06	cluster_0_1_mixed
278_F	0	5.258106661673298e-06	cluster_0_1_mixed
195_I	0	5.251424276904007e-06	cluster_0_1_mixed
88_C	0	5.245489335413819e-06	cluster_0_1_mixed
778_K	0	5.243868343642979e-06	cluster_0_1_mixed
152_N	0	5.2417862359518834e-06	cluster_0_1_mixed
351_R	0	5.227999686656951e-06	cluster_0_1_mixed
725_W	0	5.225407605526527e-06	cluster_0_1_mixed
239_V	0	5.223104751836126e-06	cluster_0_1_mixed
584_A	0	5.223074569875167e-06	cluster_0_1_mixed
429_Q	0	5.220343164742966e-06	cluster_0_1_mixed
872_M	0	5.213669201625544e-06	cluster_0_1_mixed
435_C	0	5.211608937965138e-06	cluster_0_1_mixed
110_K	0	5.210389383529636e-06	cluster_0_1_mixed
496_Y	0	5.2082145232256485e-06	cluster_0_1_mixed
375_C	0	5.202994089299809e-06	cluster_0_1_mixed
694_I	0	5.200030355069986e-06	cluster_0_1_mixed
317_Q	0	5.194913615360589e-06	cluster_0_1_mixed
440_R	0	5.1945926326139275e-06	cluster_0_1_mixed
428_T	0	5.194106393920306e-06	cluster_0_1_mixed
777_C	0	5.193477154733098e-06	cluster_0_1_mixed
871_M	0	5.1848817311559185e-06	cluster_0_1_mixed
218_H	0	5.180289985235619e-06	cluster_0_1_mixed
154_S	0	5.177926996111212e-06	cluster_0_1_mixed
802_V	0	5.174277354244808e-06	cluster_0_1_mixed
34_V	0	5.174162701261067e-06	cluster_0_1_mixed
388_N	0	5.168969184170902e-06	cluster_0_1_mixed
263_W	0	5.163020598892097e-06	cluster_0_1_mixed
403_S	0	5.15847875925327e-06	cluster_0_1_mixed
216_P	0	5.157682769901388e-06	cluster_0_1_mixed
422_Y	0	5.154066427924461e-06	cluster_0_1_mixed
837_D	0	5.154011868909773e-06	cluster_0_1_mixed
426_M	0	5.1523585552913434e-06	cluster_0_1_mixed
827_H	0	5.151452706186738e-06	cluster_0_1_mixed
316_Q	0	5.149294741378789e-06	cluster_0_1_mixed
783_L	0	5.149241149234993e-06	cluster_0_1_mixed
700_G	0	5.143877011650601e-06	cluster_0_1_mixed
370_R	0	5.125777433515806e-06	cluster_0_1_mixed
461_W	0	5.118489772075165e-06	cluster_0_1_mixed
279_N	0	5.115211757676137e-06	cluster_0_1_mixed
915_S	0	5.105697157741795e-06	cluster_0_1_mixed
352_N	0	5.080765385704025e-06	cluster_0_1_mixed
492_R	0	5.064216764757557e-06	cluster_0_1_mixed
3_Q	0	5.063905146656354e-06	cluster_0_1_mixed
331_R	0	5.059058427348352e-06	cluster_0_1_mixed
721_A	0	5.0564407681331596e-06	cluster_0_1_mixed
568_C	0	5.051983024270609e-06	cluster_0_1_mixed
514_P	0	5.042984872327975e-06	cluster_0_1_mixed
602_S	0	5.042529934144184e-06	cluster_0_1_mixed
419_M	0	5.042314380153255e-06	cluster_0_1_mixed
524_M	0	5.0400839885268665e-06	cluster_0_1_mixed
428_G	0	5.0352354213191435e-06	cluster_0_1_mixed
653_M	0	5.030255141552054e-06	cluster_0_1_mixed
415_R	0	5.016997096655256e-06	cluster_0_1_mixed
296_Q	0	5.015717090038279e-06	cluster_0_1_mixed
181_V	0	5.015667906570137e-06	cluster_0_1_mixed
196_F	0	5.012299947927159e-06	cluster_0_1_mixed
804_N	0	5.006597653443857e-06	cluster_0_1_mixed
164_A	0	5.001218487586059e-06	cluster_0_1_mixed
225_V	0	5.000725337907299e-06	cluster_0_1_mixed
345_H	0	4.994955796599525e-06	cluster_0_1_mixed
396_V	0	4.988251987331925e-06	cluster_0_1_mixed
786_V	0	4.987621565782786e-06	cluster_0_1_mixed
209_D	0	4.98551238945988e-06	cluster_0_1_mixed
874_G	0	4.980058883115771e-06	cluster_0_1_mixed
454_R	0	4.978603588528422e-06	cluster_0_1_mixed
907_L	0	4.958765588144393e-06	cluster_0_1_mixed
390_Q	0	4.954634716767932e-06	cluster_0_1_mixed
370_M	0	4.940543795533972e-06	cluster_0_1_mixed
865_K	0	4.9326533916611e-06	cluster_0_1_mixed
936_D	0	4.9317831439356795e-06	cluster_0_1_mixed
341_A	0	4.930762914945083e-06	cluster_0_1_mixed
779_L	0	4.924005422744552e-06	cluster_0_1_mixed
883_E	0	4.905047159100052e-06	cluster_0_1_mixed
923_E	0	4.8929280019155575e-06	cluster_0_1_mixed
211_V	0	4.887091860639369e-06	cluster_0_1_mixed
913_F	0	4.8858697887792874e-06	cluster_0_1_mixed
898_S	0	4.871719624060815e-06	cluster_0_1_mixed
525_W	0	4.86822804097272e-06	cluster_0_1_mixed
751_R	0	4.859229919692323e-06	cluster_0_1_mixed
875_F	0	4.855544262717182e-06	cluster_0_1_mixed
732_I	0	4.854694602207864e-06	cluster_0_1_mixed
157_N	0	4.853160063764322e-06	cluster_0_1_mixed
345_W	0	4.851766145401489e-06	cluster_0_1_mixed
646_F	0	4.847894171443441e-06	cluster_0_1_mixed
288_F	0	4.845380569645861e-06	cluster_0_1_mixed
369_R	0	4.835890128066122e-06	cluster_0_1_mixed
441_Q	0	4.834914722334524e-06	cluster_0_1_mixed
322_L	0	4.834529826421971e-06	cluster_0_1_mixed
150_N	0	4.832035728342013e-06	cluster_0_1_mixed
815_I	0	4.818143773940544e-06	cluster_0_1_mixed
194_V	0	4.815782722683993e-06	cluster_0_1_mixed
929_Q	0	4.813117682120286e-06	cluster_0_1_mixed
445_G	0	4.811111269018101e-06	cluster_0_1_mixed
913_G	0	4.8008388638297415e-06	cluster_0_1_mixed
902_L	0	4.796294883867714e-06	cluster_0_1_mixed
832_Q	0	4.788545796856176e-06	cluster_0_1_mixed
575_H	0	4.781807690180655e-06	cluster_0_1_mixed
790_E	0	4.780709667041841e-06	cluster_0_1_mixed
320_H	0	4.780302650401245e-06	cluster_0_1_mixed
833_K	0	4.775504612067849e-06	cluster_0_1_mixed
906_Q	0	4.774845112282432e-06	cluster_0_1_mixed
252_Q	0	4.7692354522481725e-06	cluster_0_1_mixed
361_Q	0	4.768323826660899e-06	cluster_0_1_mixed
670_K	0	4.766315992891895e-06	cluster_0_1_mixed
521_Y	0	4.763761143372558e-06	cluster_0_1_mixed
783_I	0	4.754885312061096e-06	cluster_0_1_mixed
318_S	0	4.753876601158201e-06	cluster_0_1_mixed
495_W	0	4.752169713548367e-06	cluster_0_1_mixed
567_F	0	4.744769843745622e-06	cluster_0_1_mixed
726_P	0	4.744442683049706e-06	cluster_0_1_mixed
308_Y	0	4.7402820360806805e-06	cluster_0_1_mixed
635_H	0	4.739765191104224e-06	cluster_0_1_mixed
853_C	0	4.7334996511756376e-06	cluster_0_1_mixed
217_E	0	4.716214804292666e-06	cluster_0_1_mixed
295_V	0	4.703609066129388e-06	cluster_0_1_mixed
824_V	0	4.695739507413749e-06	cluster_0_1_mixed
794_K	0	4.692081463179318e-06	cluster_0_1_mixed
776_Y	0	4.68089018494814e-06	cluster_0_1_mixed
578_Q	0	4.673613779849253e-06	cluster_0_1_mixed
871_W	0	4.660672628575978e-06	cluster_0_1_mixed
849_A	0	4.65864620436262e-06	cluster_0_1_mixed
776_L	0	4.65595750904527e-06	cluster_0_1_mixed
794_L	0	4.651206939093289e-06	cluster_0_1_mixed
465_E	0	4.643908281970685e-06	cluster_0_1_mixed
616_T	0	4.639692844843961e-06	cluster_0_1_mixed
850_P	0	4.632958363477716e-06	cluster_0_1_mixed
382_F	0	4.630888461790228e-06	cluster_0_1_mixed
934_A	0	4.628004130825565e-06	cluster_0_1_mixed
228_F	0	4.623296360021471e-06	cluster_0_1_mixed
385_Q	0	4.622895266141612e-06	cluster_0_1_mixed
591_V	0	4.620256641512118e-06	cluster_0_1_mixed
547_C	0	4.620008995703196e-06	cluster_0_1_mixed
486_R	0	4.615831520665078e-06	cluster_0_1_mixed
572_K	0	4.612737601361279e-06	cluster_0_1_mixed
211_N	0	4.611824518391772e-06	cluster_0_1_mixed
839_T	0	4.6074518200109814e-06	cluster_0_1_mixed
627_S	0	4.599156663488868e-06	cluster_0_1_mixed
323_Q	0	4.598902093657827e-06	cluster_0_1_mixed
832_R	0	4.59625099773719e-06	cluster_0_1_mixed
882_L	0	4.595150591932025e-06	cluster_0_1_mixed
626_S	0	4.592565734216686e-06	cluster_0_1_mixed
472_M	0	4.586343279204747e-06	cluster_0_1_mixed
472_D	0	4.5766365089616766e-06	cluster_0_1_mixed
655_K	0	4.572957659162815e-06	cluster_0_1_mixed
860_M	0	4.5710687462921544e-06	cluster_0_1_mixed
439_V	0	4.5638593466936075e-06	cluster_0_1_mixed
693_C	0	4.557400372281471e-06	cluster_0_1_mixed
72_R	0	4.549187129357569e-06	cluster_0_1_mixed
341_F	0	4.538266754054839e-06	cluster_0_1_mixed
713_H	0	4.536254924055661e-06	cluster_0_1_mixed
883_D	0	4.534386675293513e-06	cluster_0_1_mixed
517_W	0	4.5281590106332735e-06	cluster_0_1_mixed
581_S	0	4.527443427510303e-06	cluster_0_1_mixed
358_R	0	4.5171166324039395e-06	cluster_0_1_mixed
752_V	0	4.513807583915623e-06	cluster_0_1_mixed
912_D	0	4.510927511609266e-06	cluster_0_1_mixed
196_G	0	4.508329960052366e-06	cluster_0_1_mixed
513_Y	0	4.507662296587937e-06	cluster_0_1_mixed
440_W	0	4.505705720455199e-06	cluster_0_1_mixed
167_Y	0	4.505251694783199e-06	cluster_0_1_mixed
944_A	0	4.502409814241826e-06	cluster_0_1_mixed
786_D	0	4.491526011039118e-06	cluster_0_1_mixed
865_V	0	4.490911596083349e-06	cluster_0_1_mixed
281_E	0	4.489766337113717e-06	cluster_0_1_mixed
521_W	0	4.48238645967725e-06	cluster_0_1_mixed
382_T	0	4.480569473688378e-06	cluster_0_1_mixed
287_G	0	4.459954515735588e-06	cluster_0_1_mixed
415_W	0	4.4459950472541436e-06	cluster_0_1_mixed
644_F	0	4.4308443264576435e-06	cluster_0_1_mixed
895_Y	0	4.42380230970933e-06	cluster_0_1_mixed
416_P	0	4.420522625075535e-06	cluster_0_1_mixed
913_V	0	4.414577066490248e-06	cluster_0_1_mixed
138_L	0	4.408656992663078e-06	cluster_0_1_mixed
819_G	0	4.407962805385035e-06	cluster_0_1_mixed
578_M	0	4.407244448306805e-06	cluster_0_1_mixed
336_I	0	4.387353211451119e-06	cluster_0_1_mixed
367_M	0	4.38410694530531e-06	cluster_0_1_mixed
491_Q	0	4.381644721576759e-06	cluster_0_1_mixed
517_Q	0	4.374834371923475e-06	cluster_0_1_mixed
942_A	0	4.373424791916877e-06	cluster_0_1_mixed
549_M	0	4.365532369320541e-06	cluster_0_1_mixed
513_S	0	4.363499488869982e-06	cluster_0_1_mixed
857_Y	0	4.363372070516415e-06	cluster_0_1_mixed
751_Q	0	4.360828079465752e-06	cluster_0_1_mixed
792_H	0	4.3573343071170665e-06	cluster_0_1_mixed
443_I	0	4.337198629381282e-06	cluster_0_1_mixed
379_A	0	4.334701243262734e-06	cluster_0_1_mixed
595_A	0	4.324311036568836e-06	cluster_0_1_mixed
674_L	0	4.324085400991368e-06	cluster_0_1_mixed
522_I	0	4.289904755978657e-06	cluster_0_1_mixed
175_V	0	4.284375732718207e-06	cluster_0_1_mixed
678_N	0	4.281023695199764e-06	cluster_0_1_mixed
349_G	0	4.280535416158574e-06	cluster_0_1_mixed
621_X	0	4.274075976736178e-06	cluster_0_1_mixed
332_Q	0	4.272706357536659e-06	cluster_0_1_mixed
883_H	0	4.271159205124383e-06	cluster_0_1_mixed
122_W	0	4.269210183529912e-06	cluster_0_1_mixed
440_T	0	4.256401198019843e-06	cluster_0_1_mixed
382_D	0	4.253154182767906e-06	cluster_0_1_mixed
523_M	0	4.251462819007165e-06	cluster_0_1_mixed
887_L	0	4.247175675243341e-06	cluster_0_1_mixed
630_M	0	4.239133184264164e-06	cluster_0_1_mixed
853_N	0	4.236507177015833e-06	cluster_0_1_mixed
785_Q	0	4.233562212439842e-06	cluster_0_1_mixed
214_Y	0	4.2309559373475465e-06	cluster_0_1_mixed
869_W	0	4.2281180493241425e-06	cluster_0_1_mixed
325_E	0	4.22340172141535e-06	cluster_0_1_mixed
401_L	0	4.222031900359355e-06	cluster_0_1_mixed
744_M	0	4.221863888513719e-06	cluster_0_1_mixed
335_F	0	4.219159981003872e-06	cluster_0_1_mixed
201_H	0	4.214962301209987e-06	cluster_0_1_mixed
315_H	0	4.210521062770335e-06	cluster_0_1_mixed
420_Q	0	4.209164284498491e-06	cluster_0_1_mixed
188_E	0	4.208767221084813e-06	cluster_0_1_mixed
725_F	0	4.204157568172505e-06	cluster_0_1_mixed
387_V	0	4.203845027900138e-06	cluster_0_1_mixed
885_V	0	4.200435313223411e-06	cluster_0_1_mixed
311_S	0	4.196305737063973e-06	cluster_0_1_mixed
679_Y	0	4.188799720725373e-06	cluster_0_1_mixed
858_K	0	4.175898129558657e-06	cluster_0_1_mixed
358_N	0	4.172883448226751e-06	cluster_0_1_mixed
630_A	0	4.162455562999967e-06	cluster_0_1_mixed
494_R	0	4.161134541888527e-06	cluster_0_1_mixed
415_G	0	4.149487236862178e-06	cluster_0_1_mixed
680_I	0	4.148805809624193e-06	cluster_0_1_mixed
118_M	0	4.140986908145422e-06	cluster_0_1_mixed
252_G	0	4.140211516904815e-06	cluster_0_1_mixed
94_Q	0	4.138344029767517e-06	cluster_0_1_mixed
371_H	0	4.137039824822705e-06	cluster_0_1_mixed
592_G	0	4.135802827529755e-06	cluster_0_1_mixed
380_G	0	4.134298324160751e-06	cluster_0_1_mixed
849_G	0	4.13248243125762e-06	cluster_0_1_mixed
854_D	0	4.1270584104950666e-06	cluster_0_1_mixed
823_S	0	4.125652236835038e-06	cluster_0_1_mixed
335_K	0	4.122281790127638e-06	cluster_0_1_mixed
396_E	0	4.119486543166435e-06	cluster_0_1_mixed
764_N	0	4.119092507462345e-06	cluster_0_1_mixed
778_N	0	4.118700734149822e-06	cluster_0_1_mixed
434_R	0	4.114697133761965e-06	cluster_0_1_mixed
182_T	0	4.1104567261582366e-06	cluster_0_1_mixed
785_T	0	4.10610773128728e-06	cluster_0_1_mixed
245_K	0	4.102703834475187e-06	cluster_0_1_mixed
925_D	0	4.098235239086371e-06	cluster_0_1_mixed
400_K	0	4.0942816379610395e-06	cluster_0_1_mixed
626_Q	0	4.091460741848227e-06	cluster_0_1_mixed
363_A	0	4.088753150100305e-06	cluster_0_1_mixed
723_R	0	4.080931205709172e-06	cluster_0_1_mixed
439_T	0	4.069296642063791e-06	cluster_0_1_mixed
420_R	0	4.067200881478882e-06	cluster_0_1_mixed
351_K	0	4.050924068995844e-06	cluster_0_1_mixed
314_N	0	4.049614003495411e-06	cluster_0_1_mixed
338_Y	0	4.040970852439261e-06	cluster_0_1_mixed
382_L	0	4.039571879011852e-06	cluster_0_1_mixed
760_P	0	4.034080699691872e-06	cluster_0_1_mixed
258_D	0	4.023334181569081e-06	cluster_0_1_mixed
835_L	0	4.022382400203347e-06	cluster_0_1_mixed
251_Q	0	4.020341669265681e-06	cluster_0_1_mixed
311_P	0	4.018804306013335e-06	cluster_0_1_mixed
442_K	0	4.010747426812498e-06	cluster_0_1_mixed
755_M	0	4.010361952407568e-06	cluster_0_1_mixed
258_P	0	3.9976638963712e-06	cluster_0_1_mixed
150_S	0	3.996973421900529e-06	cluster_0_1_mixed
780_M	0	3.993388101418843e-06	cluster_0_1_mixed
266_W	0	3.992513733229238e-06	cluster_0_1_mixed
380_R	0	3.990161977411392e-06	cluster_0_1_mixed
188_F	0	3.9795279358222335e-06	cluster_0_1_mixed
581_N	0	3.974389673793663e-06	cluster_0_1_mixed
533_W	0	3.973305318766279e-06	cluster_0_1_mixed
492_P	0	3.963326805928449e-06	cluster_0_1_mixed
367_Q	0	3.959880569426324e-06	cluster_0_1_mixed
896_C	0	3.941099665165319e-06	cluster_0_1_mixed
930_S	0	3.9397724879449176e-06	cluster_0_1_mixed
579_H	0	3.93916242655254e-06	cluster_0_1_mixed
337_D	0	3.936826173116516e-06	cluster_0_1_mixed
457_T	0	3.936280694149955e-06	cluster_0_1_mixed
246_Y	0	3.933778372080433e-06	cluster_0_1_mixed
394_C	0	3.931680282351157e-06	cluster_0_1_mixed
324_I	0	3.925832307503631e-06	cluster_0_1_mixed
183_D	0	3.915708226922433e-06	cluster_0_1_mixed
406_T	0	3.915308341967507e-06	cluster_0_1_mixed
519_W	0	3.9112189120376395e-06	cluster_0_1_mixed
843_P	0	3.910673796472342e-06	cluster_0_1_mixed
338_F	0	3.909457584884571e-06	cluster_0_1_mixed
266_M	0	3.907683614316729e-06	cluster_0_1_mixed
432_V	0	3.904580523162857e-06	cluster_0_1_mixed
831_G	0	3.892632759091228e-06	cluster_0_1_mixed
882_C	0	3.889754557955569e-06	cluster_0_1_mixed
912_I	0	3.887519701134068e-06	cluster_0_1_mixed
894_D	0	3.885643165329596e-06	cluster_0_1_mixed
589_H	0	3.885374992588892e-06	cluster_0_1_mixed
360_I	0	3.884361796179474e-06	cluster_0_1_mixed
381_C	0	3.883191239752125e-06	cluster_0_1_mixed
458_Y	0	3.878161160417012e-06	cluster_0_1_mixed
314_Y	0	3.864665088768193e-06	cluster_0_1_mixed
932_N	0	3.863077650709025e-06	cluster_0_1_mixed
363_C	0	3.857160226507389e-06	cluster_0_1_mixed
223_Q	0	3.856046416134276e-06	cluster_0_1_mixed
38_T	0	3.855497995668434e-06	cluster_0_1_mixed
815_S	0	3.854027282077627e-06	cluster_0_1_mixed
391_S	0	3.84964673043873e-06	cluster_0_1_mixed
845_S	0	3.833039707015809e-06	cluster_0_1_mixed
586_I	0	3.829206919855923e-06	cluster_0_1_mixed
916_I	0	3.82395418850399e-06	cluster_0_1_mixed
342_V	0	3.808137949096934e-06	cluster_0_1_mixed
865_L	0	3.806043982655067e-06	cluster_0_1_mixed
390_V	0	3.8016960338828843e-06	cluster_0_1_mixed
241_G	0	3.798492466637227e-06	cluster_0_1_mixed
633_R	0	3.7980668780933215e-06	cluster_0_1_mixed
652_L	0	3.795230804555294e-06	cluster_0_1_mixed
177_H	0	3.794980134112033e-06	cluster_0_1_mixed
410_F	0	3.790398892639449e-06	cluster_0_1_mixed
464_V	0	3.786712143864852e-06	cluster_0_1_mixed
628_S	0	3.7793192262243236e-06	cluster_0_1_mixed
937_S	0	3.775861174774118e-06	cluster_0_1_mixed
469_F	0	3.7710294818017485e-06	cluster_0_1_mixed
411_Y	0	3.7700078266623325e-06	cluster_0_1_mixed
258_A	0	3.767657277731605e-06	cluster_0_1_mixed
514_L	0	3.762147761500738e-06	cluster_0_1_mixed
200_L	0	3.7594772665367932e-06	cluster_0_1_mixed
355_C	0	3.7583688910064283e-06	cluster_0_1_mixed
220_S	0	3.758311425588133e-06	cluster_0_1_mixed
878_E	0	3.743596179027936e-06	cluster_0_1_mixed
464_L	0	3.7371841182182306e-06	cluster_0_1_mixed
887_D	0	3.7341270244486345e-06	cluster_0_1_mixed
932_R	0	3.733530999883064e-06	cluster_0_1_mixed
175_I	0	3.7316843151073696e-06	cluster_0_1_mixed
566_R	0	3.731409164747048e-06	cluster_0_1_mixed
430_F	0	3.7290461415259873e-06	cluster_0_1_mixed
914_Y	0	3.7283152489683147e-06	cluster_0_1_mixed
403_T	0	3.7214226909403946e-06	cluster_0_1_mixed
166_S	0	3.7185932780424565e-06	cluster_0_1_mixed
585_N	0	3.7166258585872963e-06	cluster_0_1_mixed
817_C	0	3.715979479194642e-06	cluster_0_1_mixed
268_N	0	3.713135414023435e-06	cluster_0_1_mixed
357_F	0	3.711128694997641e-06	cluster_0_1_mixed
338_M	0	3.7074109933334377e-06	cluster_0_1_mixed
909_N	0	3.706878200576415e-06	cluster_0_1_mixed
566_M	0	3.705138326192169e-06	cluster_0_1_mixed
732_Q	0	3.703785545895307e-06	cluster_0_1_mixed
605_X	0	3.6994224782212913e-06	cluster_0_1_mixed
821_N	0	3.699419204037964e-06	cluster_0_1_mixed
417_H	0	3.6993611980046275e-06	cluster_0_1_mixed
448_G	0	3.693264225913731e-06	cluster_0_1_mixed
571_P	0	3.691686935185328e-06	cluster_0_1_mixed
258_S	0	3.68709618289164e-06	cluster_0_1_mixed
914_H	0	3.6864333363599884e-06	cluster_0_1_mixed
355_T	0	3.683329912489422e-06	cluster_0_1_mixed
248_Y	0	3.67934460798913e-06	cluster_0_1_mixed
439_G	0	3.671604960829091e-06	cluster_0_1_mixed
296_R	0	3.6577161491287403e-06	cluster_0_1_mixed
356_K	0	3.6546306430299443e-06	cluster_0_1_mixed
844_F	0	3.653780075904601e-06	cluster_0_1_mixed
742_H	0	3.6522995382936756e-06	cluster_0_1_mixed
531_W	0	3.6483084364168397e-06	cluster_0_1_mixed
758_T	0	3.645355929595111e-06	cluster_0_1_mixed
922_Q	0	3.6388506122327024e-06	cluster_0_1_mixed
653_P	0	3.6309090593918368e-06	cluster_0_1_mixed
700_N	0	3.626551750850003e-06	cluster_0_1_mixed
929_F	0	3.6261068515955534e-06	cluster_0_1_mixed
690_R	0	3.620542263335925e-06	cluster_0_1_mixed
716_Q	0	3.6115198182085613e-06	cluster_0_1_mixed
238_N	0	3.6060517341919352e-06	cluster_0_1_mixed
324_E	0	3.5968972912456195e-06	cluster_0_1_mixed
484_H	0	3.5914532639909043e-06	cluster_0_1_mixed
423_R	0	3.5897663611138588e-06	cluster_0_1_mixed
155_A	0	3.5794038647172616e-06	cluster_0_1_mixed
428_H	0	3.56947879819933e-06	cluster_0_1_mixed
387_N	0	3.5653939653938705e-06	cluster_0_1_mixed
687_F	0	3.56382526169254e-06	cluster_0_1_mixed
574_K	0	3.5634958500715678e-06	cluster_0_1_mixed
595_V	0	3.556473762102469e-06	cluster_0_1_mixed
417_K	0	3.5557394451974823e-06	cluster_0_1_mixed
459_S	0	3.554813887159346e-06	cluster_0_1_mixed
683_Y	0	3.554797152363654e-06	cluster_0_1_mixed
882_G	0	3.5534914316747823e-06	cluster_0_1_mixed
475_M	0	3.5495531713858616e-06	cluster_0_1_mixed
548_M	0	3.546367890385973e-06	cluster_0_1_mixed
418_F	0	3.544607322715529e-06	cluster_0_1_mixed
346_P	0	3.543926582457784e-06	cluster_0_1_mixed
90_V	0	3.5423220103571006e-06	cluster_0_1_mixed
644_H	0	3.5371687293474277e-06	cluster_0_1_mixed
821_R	0	3.509495167067977e-06	cluster_0_1_mixed
126_N	0	3.505088393036962e-06	cluster_0_1_mixed
353_M	0	3.5045636898992434e-06	cluster_0_1_mixed
549_E	0	3.496034410718473e-06	cluster_0_1_mixed
774_P	0	3.4939071675759582e-06	cluster_0_1_mixed
570_I	0	3.491005183887441e-06	cluster_0_1_mixed
895_L	0	3.4894489710269614e-06	cluster_0_1_mixed
898_Q	0	3.4821363449025803e-06	cluster_0_1_mixed
901_P	0	3.481453298850212e-06	cluster_0_1_mixed
116_M	0	3.481029173687142e-06	cluster_0_1_mixed
325_N	0	3.479861380311377e-06	cluster_0_1_mixed
825_Q	0	3.4796529101605847e-06	cluster_0_1_mixed
540_F	0	3.468970017772483e-06	cluster_0_1_mixed
788_K	0	3.468330418803968e-06	cluster_0_1_mixed
513_G	0	3.467752108186416e-06	cluster_0_1_mixed
724_T	0	3.4587607204173794e-06	cluster_0_1_mixed
823_F	0	3.4542880708385663e-06	cluster_0_1_mixed
917_M	0	3.45007315651525e-06	cluster_0_1_mixed
718_A	0	3.449813471411357e-06	cluster_0_1_mixed
214_A	0	3.4486639181728492e-06	cluster_0_1_mixed
177_V	0	3.443440857906207e-06	cluster_0_1_mixed
401_V	0	3.442869679127418e-06	cluster_0_1_mixed
666_I	0	3.440291827640526e-06	cluster_0_1_mixed
903_F	0	3.431100605346768e-06	cluster_0_1_mixed
268_G	0	3.427595092868818e-06	cluster_0_1_mixed
440_K	0	3.427219623275332e-06	cluster_0_1_mixed
783_H	0	3.4204810610263198e-06	cluster_0_1_mixed
838_F	0	3.4127185888165766e-06	cluster_0_1_mixed
541_M	0	3.409858702752381e-06	cluster_0_1_mixed
422_R	0	3.40620778612963e-06	cluster_0_1_mixed
158_L	0	3.402818393201571e-06	cluster_0_1_mixed
328_A	0	3.400942684285449e-06	cluster_0_1_mixed
582_P	0	3.3991865044381597e-06	cluster_0_1_mixed
194_K	0	3.3962131478974743e-06	cluster_0_1_mixed
359_E	0	3.3947233669053445e-06	cluster_0_1_mixed
746_Y	0	3.3941139416050427e-06	cluster_0_1_mixed
660_E	0	3.3902307469205805e-06	cluster_0_1_mixed
872_A	0	3.386450583131541e-06	cluster_0_1_mixed
439_R	0	3.367177775330925e-06	cluster_0_1_mixed
931_T	0	3.3624827989851837e-06	cluster_0_1_mixed
631_L	0	3.3586289318068077e-06	cluster_0_1_mixed
461_E	0	3.3565523054510195e-06	cluster_0_1_mixed
331_F	0	3.345587413286838e-06	cluster_0_1_mixed
527_K	0	3.34412046176247e-06	cluster_0_1_mixed
879_Q	0	3.3394985388620804e-06	cluster_0_1_mixed
628_L	0	3.338177724593667e-06	cluster_0_1_mixed
223_E	0	3.3369614840911763e-06	cluster_0_1_mixed
377_W	0	3.3328365161017824e-06	cluster_0_1_mixed
552_W	0	3.329411456122497e-06	cluster_0_1_mixed
680_L	0	3.3257566891484488e-06	cluster_0_1_mixed
654_N	0	3.325362758579011e-06	cluster_0_1_mixed
265_K	0	3.319884919896507e-06	cluster_0_1_mixed
550_H	0	3.3155516734944843e-06	cluster_0_1_mixed
362_F	0	3.3134159760973718e-06	cluster_0_1_mixed
890_F	0	3.311767481184758e-06	cluster_0_1_mixed
906_M	0	3.301776342218862e-06	cluster_0_1_mixed
739_R	0	3.3002393805410257e-06	cluster_0_1_mixed
747_R	0	3.2992511060692523e-06	cluster_0_1_mixed
417_F	0	3.2992393809819084e-06	cluster_0_1_mixed
264_E	0	3.297915650817758e-06	cluster_0_1_mixed
917_I	0	3.2974710899038043e-06	cluster_0_1_mixed
331_K	0	3.292321540500541e-06	cluster_0_1_mixed
190_L	0	3.2882915416189846e-06	cluster_0_1_mixed
908_M	0	3.285207203199326e-06	cluster_0_1_mixed
326_Q	0	3.2785529531437734e-06	cluster_0_1_mixed
244_F	0	3.273918423706855e-06	cluster_0_1_mixed
293_D	0	3.270723822433541e-06	cluster_0_1_mixed
218_A	0	3.2672261484249143e-06	cluster_0_1_mixed
176_L	0	3.2596668090989848e-06	cluster_0_1_mixed
350_V	0	3.2592188401133925e-06	cluster_0_1_mixed
516_E	0	3.25909955007326e-06	cluster_0_1_mixed
748_I	0	3.253286450881193e-06	cluster_0_1_mixed
487_M	0	3.2522435785532386e-06	cluster_0_1_mixed
239_E	0	3.2508849017602246e-06	cluster_0_1_mixed
343_I	0	3.244243593046362e-06	cluster_0_1_mixed
316_M	0	3.2409691499534e-06	cluster_0_1_mixed
877_V	0	3.2369693915528297e-06	cluster_0_1_mixed
530_W	0	3.2287188864363175e-06	cluster_0_1_mixed
203_T	0	3.228487554888325e-06	cluster_0_1_mixed
758_G	0	3.2240578939165814e-06	cluster_0_1_mixed
775_E	0	3.2179873323421816e-06	cluster_0_1_mixed
151_S	0	3.213185399972368e-06	cluster_0_1_mixed
601_A	0	3.211633107865178e-06	cluster_0_1_mixed
683_N	0	3.2113815098223432e-06	cluster_0_1_mixed
909_C	0	3.206403872996613e-06	cluster_0_1_mixed
698_T	0	3.204584451550968e-06	cluster_0_1_mixed
296_K	0	3.200477211958514e-06	cluster_0_1_mixed
891_L	0	3.1984500549548537e-06	cluster_0_1_mixed
206_H	0	3.1956429775160005e-06	cluster_0_1_mixed
873_L	0	3.1956004472598587e-06	cluster_0_1_mixed
439_S	0	3.1942320990642885e-06	cluster_0_1_mixed
718_K	0	3.194002862716609e-06	cluster_0_1_mixed
672_I	0	3.1861868345939403e-06	cluster_0_1_mixed
166_M	0	3.1783011989463336e-06	cluster_0_1_mixed
500_S	0	3.1780089106006317e-06	cluster_0_1_mixed
848_W	0	3.1745056596848093e-06	cluster_0_1_mixed
389_V	0	3.1722533671101423e-06	cluster_0_1_mixed
464_N	0	3.1709284359608216e-06	cluster_0_1_mixed
843_I	0	3.1688286759479137e-06	cluster_0_1_mixed
217_T	0	3.162072596078958e-06	cluster_0_1_mixed
515_D	0	3.159722645405654e-06	cluster_0_1_mixed
873_I	0	3.159316592365081e-06	cluster_0_1_mixed
409_C	0	3.1587992040100774e-06	cluster_0_1_mixed
442_E	0	3.153272878380111e-06	cluster_0_1_mixed
365_G	0	3.13924444551211e-06	cluster_0_1_mixed
167_S	0	3.1380759625856457e-06	cluster_0_1_mixed
376_F	0	3.1371574461078174e-06	cluster_0_1_mixed
201_Y	0	3.1370694973427407e-06	cluster_0_1_mixed
935_R	0	3.135987488188817e-06	cluster_0_1_mixed
726_A	0	3.1287668210763044e-06	cluster_0_1_mixed
556_W	0	3.128408437509423e-06	cluster_0_1_mixed
145_H	0	3.1273234065835147e-06	cluster_0_1_mixed
412_N	0	3.1263859376943946e-06	cluster_0_1_mixed
602_T	0	3.1215303618199406e-06	cluster_0_1_mixed
905_F	0	3.1155816439446563e-06	cluster_0_1_mixed
503_D	0	3.11059749066733e-06	cluster_0_1_mixed
245_E	0	3.1063076970907554e-06	cluster_0_1_mixed
585_S	0	3.1037635786236835e-06	cluster_0_1_mixed
263_C	0	3.0994644002615106e-06	cluster_0_1_mixed
385_E	0	3.0927670316733164e-06	cluster_0_1_mixed
872_F	0	3.0874861127651788e-06	cluster_0_1_mixed
871_C	0	3.0862693832829065e-06	cluster_0_1_mixed
209_Q	0	3.077601332796916e-06	cluster_0_1_mixed
437_E	0	3.075468850236611e-06	cluster_0_1_mixed
703_M	0	3.0695797133992386e-06	cluster_0_1_mixed
701_T	0	3.0685945809378243e-06	cluster_0_1_mixed
433_G	0	3.061205410011665e-06	cluster_0_1_mixed
286_K	0	3.0596091498176256e-06	cluster_0_1_mixed
218_G	0	3.057459489494028e-06	cluster_0_1_mixed
416_Y	0	3.037970169712697e-06	cluster_0_1_mixed
180_Y	0	3.019160520607566e-06	cluster_0_1_mixed
939_I	0	3.0131388932906182e-06	cluster_0_1_mixed
414_S	0	3.0116443139167584e-06	cluster_0_1_mixed
418_I	0	3.002666564417019e-06	cluster_0_1_mixed
753_E	0	2.9942597299160176e-06	cluster_0_1_mixed
676_Y	0	2.9791414748346903e-06	cluster_0_1_mixed
202_D	0	2.9769442382897577e-06	cluster_0_1_mixed
837_M	0	2.97430496638188e-06	cluster_0_1_mixed
587_V	0	2.9673992177553045e-06	cluster_0_1_mixed
357_L	0	2.962933162873755e-06	cluster_0_1_mixed
691_Y	0	2.9612329386957037e-06	cluster_0_1_mixed
792_P	0	2.9606654122594138e-06	cluster_0_1_mixed
374_M	0	2.9599656416831573e-06	cluster_0_1_mixed
401_S	0	2.9589011959906346e-06	cluster_0_1_mixed
923_L	0	2.9511236183982413e-06	cluster_0_1_mixed
218_M	0	2.950746714496674e-06	cluster_0_1_mixed
798_S	0	2.9414974313680348e-06	cluster_0_1_mixed
255_Q	0	2.9389082202225233e-06	cluster_0_1_mixed
448_F	0	2.929170863220811e-06	cluster_0_1_mixed
428_R	0	2.9269484600447372e-06	cluster_0_1_mixed
622_T	0	2.925891307867191e-06	cluster_0_1_mixed
392_F	0	2.9242508954262587e-06	cluster_0_1_mixed
676_I	0	2.9221701599182634e-06	cluster_0_1_mixed
477_I	0	2.919154421100754e-06	cluster_0_1_mixed
397_E	0	2.9186704344433555e-06	cluster_0_1_mixed
675_Y	0	2.916240760251664e-06	cluster_0_1_mixed
413_H	0	2.907837929588632e-06	cluster_0_1_mixed
813_S	0	2.9053594292641335e-06	cluster_0_1_mixed
501_Y	0	2.905235419574547e-06	cluster_0_1_mixed
63_F	0	2.9045810256716965e-06	cluster_0_1_mixed
586_D	0	2.9029130140822115e-06	cluster_0_1_mixed
659_N	0	2.8921628391810313e-06	cluster_0_1_mixed
915_C	0	2.891382062838333e-06	cluster_0_1_mixed
426_F	0	2.888571310843837e-06	cluster_0_1_mixed
204_Y	0	2.8870026655821737e-06	cluster_0_1_mixed
467_K	0	2.886087192181487e-06	cluster_0_1_mixed
320_Q	0	2.883119209998058e-06	cluster_0_1_mixed
797_V	0	2.8795219490236932e-06	cluster_0_1_mixed
278_T	0	2.8784957946349637e-06	cluster_0_1_mixed
929_C	0	2.876830050208999e-06	cluster_0_1_mixed
195_P	0	2.8682352812442833e-06	cluster_0_1_mixed
313_D	0	2.866802785313329e-06	cluster_0_1_mixed
304_S	0	2.8591635675009e-06	cluster_0_1_mixed
665_M	0	2.8583353674670577e-06	cluster_0_1_mixed
874_E	0	2.856508854776592e-06	cluster_0_1_mixed
227_Y	0	2.8549841708524672e-06	cluster_0_1_mixed
633_G	0	2.8427058410041414e-06	cluster_0_1_mixed
754_I	0	2.840519859105083e-06	cluster_0_1_mixed
793_L	0	2.835913057995818e-06	cluster_0_1_mixed
211_Y	0	2.829477184391483e-06	cluster_0_1_mixed
117_E	0	2.828269164393595e-06	cluster_0_1_mixed
459_V	0	2.8281801525903065e-06	cluster_0_1_mixed
395_H	0	2.824061188800001e-06	cluster_0_1_mixed
848_V	0	2.8231950002688813e-06	cluster_0_1_mixed
322_E	0	2.8227494674485743e-06	cluster_0_1_mixed
727_V	0	2.8194541487885385e-06	cluster_0_1_mixed
796_R	0	2.8154353420499778e-06	cluster_0_1_mixed
684_N	0	2.8016416963708595e-06	cluster_0_1_mixed
422_M	0	2.794161107310943e-06	cluster_0_1_mixed
482_Y	0	2.7915834526267813e-06	cluster_0_1_mixed
415_Y	0	2.789513120171639e-06	cluster_0_1_mixed
905_L	0	2.7862998604583793e-06	cluster_0_1_mixed
799_L	0	2.775399278396499e-06	cluster_0_1_mixed
896_K	0	2.7749388370655558e-06	cluster_0_1_mixed
217_F	0	2.76964224351106e-06	cluster_0_1_mixed
615_N	0	2.7598543163949074e-06	cluster_0_1_mixed
323_G	0	2.755069924698221e-06	cluster_0_1_mixed
205_V	0	2.7526484189010946e-06	cluster_0_1_mixed
210_I	0	2.7496576036611013e-06	cluster_0_1_mixed
738_E	0	2.7457341795145503e-06	cluster_0_1_mixed
476_E	0	2.7437051195420678e-06	cluster_0_1_mixed
815_Q	0	2.7349478640744074e-06	cluster_0_1_mixed
722_H	0	2.7345903259818924e-06	cluster_0_1_mixed
147_L	0	2.7336766607406217e-06	cluster_0_1_mixed
696_Y	0	2.7254984806923054e-06	cluster_0_1_mixed
788_P	0	2.7190027041899135e-06	cluster_0_1_mixed
882_D	0	2.70739899308164e-06	cluster_0_1_mixed
395_I	0	2.7019571425023086e-06	cluster_0_1_mixed
935_Q	0	2.7013886828697223e-06	cluster_0_1_mixed
223_I	0	2.7005971701069194e-06	cluster_0_1_mixed
253_A	0	2.7004579376334155e-06	cluster_0_1_mixed
213_Y	0	2.6996449691048067e-06	cluster_0_1_mixed
819_D	0	2.6919032842076125e-06	cluster_0_1_mixed
264_S	0	2.6914651442184716e-06	cluster_0_1_mixed
159_Y	0	2.6898508229254356e-06	cluster_0_1_mixed
267_L	0	2.688146189264007e-06	cluster_0_1_mixed
328_H	0	2.6865580263429516e-06	cluster_0_1_mixed
907_I	0	2.6854657515985257e-06	cluster_0_1_mixed
420_D	0	2.6747693092838557e-06	cluster_0_1_mixed
228_E	0	2.6747096968623676e-06	cluster_0_1_mixed
837_L	0	2.66593284874834e-06	cluster_0_1_mixed
539_H	0	2.664577823191215e-06	cluster_0_1_mixed
171_G	0	2.662879259373057e-06	cluster_0_1_mixed
310_A	0	2.6607996628118568e-06	cluster_0_1_mixed
801_N	0	2.659219447471589e-06	cluster_0_1_mixed
147_V	0	2.649854414279032e-06	cluster_0_1_mixed
522_H	0	2.648973909727941e-06	cluster_0_1_mixed
411_V	0	2.648239441121361e-06	cluster_0_1_mixed
256_D	0	2.6477055248922173e-06	cluster_0_1_mixed
770_N	0	2.6420470023345826e-06	cluster_0_1_mixed
604_X	0	2.632648919341421e-06	cluster_0_1_mixed
628_N	0	2.6292910741059714e-06	cluster_0_1_mixed
200_D	0	2.628078175201675e-06	cluster_0_1_mixed
468_G	0	2.6171797026040967e-06	cluster_0_1_mixed
262_C	0	2.6159677472300753e-06	cluster_0_1_mixed
863_L	0	2.611281683023016e-06	cluster_0_1_mixed
358_T	0	2.6102720702385634e-06	cluster_0_1_mixed
632_H	0	2.60943854530141e-06	cluster_0_1_mixed
373_R	0	2.6094315443582704e-06	cluster_0_1_mixed
483_M	0	2.6048133702956726e-06	cluster_0_1_mixed
255_N	0	2.5960565167920273e-06	cluster_0_1_mixed
217_L	0	2.5947675122392885e-06	cluster_0_1_mixed
400_S	0	2.5943345151192244e-06	cluster_0_1_mixed
322_G	0	2.5910707527454613e-06	cluster_0_1_mixed
419_V	0	2.590966969366991e-06	cluster_0_1_mixed
926_W	0	2.587506522339815e-06	cluster_0_1_mixed
461_V	0	2.586910570264491e-06	cluster_0_1_mixed
243_G	0	2.586711043281233e-06	cluster_0_1_mixed
202_G	0	2.5799610897344073e-06	cluster_0_1_mixed
306_T	0	2.5784260954936454e-06	cluster_0_1_mixed
576_M	0	2.577332463791442e-06	cluster_0_1_mixed
326_Y	0	2.573500147420809e-06	cluster_0_1_mixed
592_L	0	2.562474356958374e-06	cluster_0_1_mixed
278_Y	0	2.55684885198909e-06	cluster_0_1_mixed
762_L	0	2.555744616869738e-06	cluster_0_1_mixed
669_L	0	2.55454756496515e-06	cluster_0_1_mixed
438_Q	0	2.5518340342817353e-06	cluster_0_1_mixed
787_N	0	2.5473079448137117e-06	cluster_0_1_mixed
164_G	0	2.543505207338771e-06	cluster_0_1_mixed
657_F	0	2.540806252751298e-06	cluster_0_1_mixed
175_Q	0	2.5381880903207946e-06	cluster_0_1_mixed
152_A	0	2.5353977537667568e-06	cluster_0_1_mixed
156_G	0	2.5353656784270547e-06	cluster_0_1_mixed
657_N	0	2.531117308016947e-06	cluster_0_1_mixed
873_M	0	2.5267871240359506e-06	cluster_0_1_mixed
353_N	0	2.523569798285222e-06	cluster_0_1_mixed
920_S	0	2.5221362141452816e-06	cluster_0_1_mixed
604_T	0	2.517516392954038e-06	cluster_0_1_mixed
471_N	0	2.5106926177644427e-06	cluster_0_1_mixed
464_I	0	2.5097387667023386e-06	cluster_0_1_mixed
532_C	0	2.506946164540793e-06	cluster_0_1_mixed
520_M	0	2.5060723210642185e-06	cluster_0_1_mixed
368_K	0	2.5058431845391028e-06	cluster_0_1_mixed
351_L	0	2.503083014890271e-06	cluster_0_1_mixed
737_P	0	2.4699019789375774e-06	cluster_0_1_mixed
931_C	0	2.4655748843816948e-06	cluster_0_1_mixed
904_S	0	2.4637531276256723e-06	cluster_0_1_mixed
350_P	0	2.459587292077096e-06	cluster_0_1_mixed
798_M	0	2.447560370041104e-06	cluster_0_1_mixed
600_G	0	2.44617266902209e-06	cluster_0_1_mixed
573_E	0	2.4433526065503694e-06	cluster_0_1_mixed
517_E	0	2.4406474393134393e-06	cluster_0_1_mixed
757_T	0	2.436284922970374e-06	cluster_0_1_mixed
891_K	0	2.427012240809586e-06	cluster_0_1_mixed
299_S	0	2.425449448015854e-06	cluster_0_1_mixed
365_L	0	2.42498811249167e-06	cluster_0_1_mixed
881_C	0	2.424029776383877e-06	cluster_0_1_mixed
491_W	0	2.416766582050482e-06	cluster_0_1_mixed
489_R	0	2.414870903823093e-06	cluster_0_1_mixed
437_D	0	2.414222740021004e-06	cluster_0_1_mixed
517_A	0	2.408576088344512e-06	cluster_0_1_mixed
225_N	0	2.4053952228941544e-06	cluster_0_1_mixed
161_Y	0	2.4017261136089066e-06	cluster_0_1_mixed
690_F	0	2.4007593618348423e-06	cluster_0_1_mixed
908_R	0	2.3927296935197835e-06	cluster_0_1_mixed
686_N	0	2.3857825842249267e-06	cluster_0_1_mixed
932_H	0	2.3851549464011674e-06	cluster_0_1_mixed
215_G	0	2.3832237673339358e-06	cluster_0_1_mixed
371_F	0	2.3766551397066987e-06	cluster_0_1_mixed
769_K	0	2.3666588449645032e-06	cluster_0_1_mixed
689_E	0	2.3663610375441313e-06	cluster_0_1_mixed
116_V	0	2.3643529561519727e-06	cluster_0_1_mixed
203_V	0	2.3556721971859225e-06	cluster_0_1_mixed
363_M	0	2.3450142109020106e-06	cluster_0_1_mixed
190_Q	0	2.342553421829951e-06	cluster_0_1_mixed
400_Y	0	2.341418479498354e-06	cluster_0_1_mixed
739_G	0	2.336503611758407e-06	cluster_0_1_mixed
330_K	0	2.335426196627122e-06	cluster_0_1_mixed
463_N	0	2.3200084139955925e-06	cluster_0_1_mixed
687_C	0	2.3190570697277686e-06	cluster_0_1_mixed
358_S	0	2.3184310460665983e-06	cluster_0_1_mixed
715_Q	0	2.3131894117401484e-06	cluster_0_1_mixed
934_I	0	2.3125312556494357e-06	cluster_0_1_mixed
397_A	0	2.3117730437780372e-06	cluster_0_1_mixed
828_D	0	2.309979852204527e-06	cluster_0_1_mixed
473_V	0	2.305939358270702e-06	cluster_0_1_mixed
662_F	0	2.300599408209157e-06	cluster_0_1_mixed
513_A	0	2.295639740325409e-06	cluster_0_1_mixed
425_V	0	2.295207691040761e-06	cluster_0_1_mixed
390_K	0	2.293374497443839e-06	cluster_0_1_mixed
119_Y	0	2.292046058085414e-06	cluster_0_1_mixed
454_E	0	2.290402073284664e-06	cluster_0_1_mixed
817_Y	0	2.289686443377874e-06	cluster_0_1_mixed
207_R	0	2.2856319785399436e-06	cluster_0_1_mixed
276_W	0	2.2822968070719988e-06	cluster_0_1_mixed
581_K	0	2.2704424532560615e-06	cluster_0_1_mixed
694_P	0	2.269944634190325e-06	cluster_0_1_mixed
372_M	0	2.2690290360612728e-06	cluster_0_1_mixed
210_S	0	2.2670770835696337e-06	cluster_0_1_mixed
816_P	0	2.263457113402904e-06	cluster_0_1_mixed
470_R	0	2.2592952553985772e-06	cluster_0_1_mixed
932_T	0	2.252498922168741e-06	cluster_0_1_mixed
256_Q	0	2.249517062361551e-06	cluster_0_1_mixed
821_P	0	2.248631739986364e-06	cluster_0_1_mixed
378_C	0	2.248030251403022e-06	cluster_0_1_mixed
847_D	0	2.247099514177496e-06	cluster_0_1_mixed
650_Q	0	2.2456487513141955e-06	cluster_0_1_mixed
912_Y	0	2.2330245922352315e-06	cluster_0_1_mixed
188_Y	0	2.230061737085625e-06	cluster_0_1_mixed
300_G	0	2.2287310554502442e-06	cluster_0_1_mixed
443_S	0	2.2266802826766222e-06	cluster_0_1_mixed
887_A	0	2.219289921522859e-06	cluster_0_1_mixed
131_A	0	2.2160764990052497e-06	cluster_0_1_mixed
548_E	0	2.207635792923543e-06	cluster_0_1_mixed
772_R	0	2.2070333456057534e-06	cluster_0_1_mixed
305_S	0	2.2062575440539493e-06	cluster_0_1_mixed
732_R	0	2.2056450591175726e-06	cluster_0_1_mixed
450_G	0	2.202941158002817e-06	cluster_0_1_mixed
244_I	0	2.198166637619766e-06	cluster_0_1_mixed
552_M	0	2.195806954192368e-06	cluster_0_1_mixed
656_H	0	2.1901584222409143e-06	cluster_0_1_mixed
782_K	0	2.1894309663103284e-06	cluster_0_1_mixed
430_W	0	2.1877053785183487e-06	cluster_0_1_mixed
514_D	0	2.1865544937977847e-06	cluster_0_1_mixed
204_M	0	2.1854744673642944e-06	cluster_0_1_mixed
178_I	0	2.184208375221671e-06	cluster_0_1_mixed
621_M	0	2.180647006160334e-06	cluster_0_1_mixed
374_Y	0	2.1779270128679264e-06	cluster_0_1_mixed
214_E	0	2.169518066403179e-06	cluster_0_1_mixed
360_S	0	2.1667009952594634e-06	cluster_0_1_mixed
917_R	0	2.166256815724373e-06	cluster_0_1_mixed
703_N	0	2.1652634710854555e-06	cluster_0_1_mixed
6_I	0	2.1628736202226215e-06	cluster_0_1_mixed
769_F	0	2.161665396467002e-06	cluster_0_1_mixed
445_A	0	2.1541792277587185e-06	cluster_0_1_mixed
846_V	0	2.1541562388369875e-06	cluster_0_1_mixed
457_I	0	2.151397303874943e-06	cluster_0_1_mixed
904_W	0	2.149747268678817e-06	cluster_0_1_mixed
721_P	0	2.1484383481539713e-06	cluster_0_1_mixed
534_M	0	2.1446971222068263e-06	cluster_0_1_mixed
586_V	0	2.1421166402960046e-06	cluster_0_1_mixed
786_I	0	2.139289696029893e-06	cluster_0_1_mixed
585_F	0	2.1382330234120233e-06	cluster_0_1_mixed
390_C	0	2.137458708537562e-06	cluster_0_1_mixed
881_G	0	2.1370231916058755e-06	cluster_0_1_mixed
747_S	0	2.129184037651123e-06	cluster_0_1_mixed
691_Q	0	2.128409426523394e-06	cluster_0_1_mixed
422_H	0	2.128297561519396e-06	cluster_0_1_mixed
406_A	0	2.127087714296138e-06	cluster_0_1_mixed
866_I	0	2.1257220394685293e-06	cluster_0_1_mixed
428_F	0	2.1241155704838045e-06	cluster_0_1_mixed
365_C	0	2.117507287369194e-06	cluster_0_1_mixed
152_K	0	2.11690443117017e-06	cluster_0_1_mixed
218_P	0	2.1163464797283095e-06	cluster_0_1_mixed
119_L	0	2.1161130556462616e-06	cluster_0_1_mixed
387_Y	0	2.1142702227845422e-06	cluster_0_1_mixed
203_Y	0	2.1096622826313086e-06	cluster_0_1_mixed
453_N	0	2.1072482819941677e-06	cluster_0_1_mixed
376_W	0	2.0996831629742595e-06	cluster_0_1_mixed
520_K	0	2.096007096786089e-06	cluster_0_1_mixed
182_D	0	2.092405183501969e-06	cluster_0_1_mixed
354_H	0	2.084125401318571e-06	cluster_0_1_mixed
151_T	0	2.0823020214611904e-06	cluster_0_1_mixed
511_I	0	2.0803919942565396e-06	cluster_0_1_mixed
154_A	0	2.07817377996047e-06	cluster_0_1_mixed
119_T	0	2.0756826810167353e-06	cluster_0_1_mixed
543_C	0	2.071692738132631e-06	cluster_0_1_mixed
312_I	0	2.067638977151753e-06	cluster_0_1_mixed
327_W	0	2.064623820517915e-06	cluster_0_1_mixed
597_W	0	2.0582623291742117e-06	cluster_0_1_mixed
457_E	0	2.045671535268893e-06	cluster_0_1_mixed
196_D	0	2.0264770856139716e-06	cluster_0_1_mixed
409_P	0	2.025904851050865e-06	cluster_0_1_mixed
116_L	0	2.0140026010870065e-06	cluster_0_1_mixed
882_N	0	2.0116865569659188e-06	cluster_0_1_mixed
771_T	0	2.0065275326582912e-06	cluster_0_1_mixed
525_Y	0	1.999872933800296e-06	cluster_0_1_mixed
197_L	0	1.993077130787478e-06	cluster_0_1_mixed
412_D	0	1.9902511381796754e-06	cluster_0_1_mixed
246_L	0	1.989847509060373e-06	cluster_0_1_mixed
237_D	0	1.9774625709012122e-06	cluster_0_1_mixed
238_S	0	1.973806208659384e-06	cluster_0_1_mixed
868_C	0	1.972248888234551e-06	cluster_0_1_mixed
446_T	0	1.9707974559081633e-06	cluster_0_1_mixed
432_F	0	1.9700666869055227e-06	cluster_0_1_mixed
170_T	0	1.9664143755046754e-06	cluster_0_1_mixed
360_K	0	1.963271490136344e-06	cluster_0_1_mixed
268_K	0	1.9614279224701662e-06	cluster_0_1_mixed
481_K	0	1.9563266025478075e-06	cluster_0_1_mixed
11_L	0	1.955624044240075e-06	cluster_0_1_mixed
242_W	0	1.9462472931194795e-06	cluster_0_1_mixed
692_P	0	1.9442894487944394e-06	cluster_0_1_mixed
873_Q	0	1.940371488011373e-06	cluster_0_1_mixed
340_F	0	1.9302002710666136e-06	cluster_0_1_mixed
320_I	0	1.9248917656550467e-06	cluster_0_1_mixed
643_V	0	1.9156352344712176e-06	cluster_0_1_mixed
721_W	0	1.9152754689507416e-06	cluster_0_1_mixed
937_A	0	1.9122526667028624e-06	cluster_0_1_mixed
868_G	0	1.909144269430935e-06	cluster_0_1_mixed
468_D	0	1.9089985332349232e-06	cluster_0_1_mixed
254_H	0	1.908361571316958e-06	cluster_0_1_mixed
910_V	0	1.9067126325554746e-06	cluster_0_1_mixed
780_P	0	1.9011228107505697e-06	cluster_0_1_mixed
195_G	0	1.8981361501207917e-06	cluster_0_1_mixed
551_R	0	1.8948463776763628e-06	cluster_0_1_mixed
585_M	0	1.8932207124505666e-06	cluster_0_1_mixed
263_L	0	1.888342538910875e-06	cluster_0_1_mixed
159_E	0	1.884802406822686e-06	cluster_0_1_mixed
588_L	0	1.883216047457546e-06	cluster_0_1_mixed
595_E	0	1.880163982549498e-06	cluster_0_1_mixed
746_C	0	1.8800226276705907e-06	cluster_0_1_mixed
334_C	0	1.8767657188504206e-06	cluster_0_1_mixed
395_C	0	1.8739283214817622e-06	cluster_0_1_mixed
416_A	0	1.8718482252367262e-06	cluster_0_1_mixed
446_R	0	1.8708655107742622e-06	cluster_0_1_mixed
908_A	0	1.8669034852442258e-06	cluster_0_1_mixed
325_D	0	1.8621492135023878e-06	cluster_0_1_mixed
568_M	0	1.8558781678096354e-06	cluster_0_1_mixed
720_S	0	1.8557255058997385e-06	cluster_0_1_mixed
426_Y	0	1.8524200561120287e-06	cluster_0_1_mixed
756_K	0	1.8438355409582094e-06	cluster_0_1_mixed
530_H	0	1.8395731126255446e-06	cluster_0_1_mixed
907_V	0	1.8393321573509397e-06	cluster_0_1_mixed
828_A	0	1.82461810286741e-06	cluster_0_1_mixed
833_I	0	1.8230086143134992e-06	cluster_0_1_mixed
356_E	0	1.8222656663798804e-06	cluster_0_1_mixed
176_V	0	1.8213888779635991e-06	cluster_0_1_mixed
882_Y	0	1.8201601389356457e-06	cluster_0_1_mixed
590_P	0	1.8106116602277608e-06	cluster_0_1_mixed
925_P	0	1.806728799157456e-06	cluster_0_1_mixed
336_Q	0	1.8035427110263309e-06	cluster_0_1_mixed
936_R	0	1.8017867981791284e-06	cluster_0_1_mixed
627_R	0	1.7991948401586251e-06	cluster_0_1_mixed
364_Q	0	1.7963236301204655e-06	cluster_0_1_mixed
208_M	0	1.7956696336697234e-06	cluster_0_1_mixed
313_C	0	1.7942599397563284e-06	cluster_0_1_mixed
422_C	0	1.7927066592282535e-06	cluster_0_1_mixed
801_T	0	1.7923742390275822e-06	cluster_0_1_mixed
899_T	0	1.789694187292963e-06	cluster_0_1_mixed
865_S	0	1.7854762481950955e-06	cluster_0_1_mixed
932_P	0	1.7838512226969348e-06	cluster_0_1_mixed
159_G	0	1.7808890779619491e-06	cluster_0_1_mixed
697_L	0	1.779314833643831e-06	cluster_0_1_mixed
407_L	0	1.7770337026113934e-06	cluster_0_1_mixed
431_M	0	1.7759380714214645e-06	cluster_0_1_mixed
399_I	0	1.7730795343872972e-06	cluster_0_1_mixed
283_T	0	1.7700220116503725e-06	cluster_0_1_mixed
293_T	0	1.7638271455347625e-06	cluster_0_1_mixed
921_M	0	1.7631800792494291e-06	cluster_0_1_mixed
768_R	0	1.7596176324692299e-06	cluster_0_1_mixed
588_P	0	1.749777056664651e-06	cluster_0_1_mixed
664_I	0	1.7481234410484647e-06	cluster_0_1_mixed
150_G	0	1.7475849865333404e-06	cluster_0_1_mixed
791_Q	0	1.7460740729409387e-06	cluster_0_1_mixed
875_C	0	1.7392001434302525e-06	cluster_0_1_mixed
909_T	0	1.7309410660028574e-06	cluster_0_1_mixed
898_I	0	1.7296055569023285e-06	cluster_0_1_mixed
783_P	0	1.7254039902397937e-06	cluster_0_1_mixed
127_K	0	1.721761645451745e-06	cluster_0_1_mixed
794_V	0	1.7184186510568655e-06	cluster_0_1_mixed
397_S	0	1.717073123598657e-06	cluster_0_1_mixed
346_E	0	1.7166503376867728e-06	cluster_0_1_mixed
504_R	0	1.7135877094025981e-06	cluster_0_1_mixed
612_V	0	1.710019413577813e-06	cluster_0_1_mixed
894_G	0	1.7086113960117118e-06	cluster_0_1_mixed
539_M	0	1.7049013104687716e-06	cluster_0_1_mixed
396_M	0	1.7034836995486621e-06	cluster_0_1_mixed
691_C	0	1.699413006969476e-06	cluster_0_1_mixed
869_G	0	1.6988504346177675e-06	cluster_0_1_mixed
151_Q	0	1.6986880894796869e-06	cluster_0_1_mixed
415_Q	0	1.6986672698571303e-06	cluster_0_1_mixed
305_K	0	1.697798613272981e-06	cluster_0_1_mixed
432_W	0	1.6977754932960935e-06	cluster_0_1_mixed
251_P	0	1.6967029629914783e-06	cluster_0_1_mixed
781_R	0	1.6960404905395497e-06	cluster_0_1_mixed
44_L	0	1.6949269034967701e-06	cluster_0_1_mixed
343_Q	0	1.694114606482753e-06	cluster_0_1_mixed
865_R	0	1.6862393762042043e-06	cluster_0_1_mixed
752_G	0	1.6835305572233072e-06	cluster_0_1_mixed
769_C	0	1.6834601731817187e-06	cluster_0_1_mixed
621_T	0	1.6767871680158086e-06	cluster_0_1_mixed
733_H	0	1.6754903282489364e-06	cluster_0_1_mixed
260_N	0	1.670423737725723e-06	cluster_0_1_mixed
193_R	0	1.6700041649403006e-06	cluster_0_1_mixed
759_D	0	1.6692906689650889e-06	cluster_0_1_mixed
317_E	0	1.6642601099036113e-06	cluster_0_1_mixed
734_P	0	1.6540098666898086e-06	cluster_0_1_mixed
169_S	0	1.6531246546168079e-06	cluster_0_1_mixed
761_A	0	1.6499734002762765e-06	cluster_0_1_mixed
15_S	0	1.6499209767731775e-06	cluster_0_1_mixed
34_T	0	1.6462219285628635e-06	cluster_0_1_mixed
299_N	0	1.6462174931338274e-06	cluster_0_1_mixed
199_L	0	1.6457575941453133e-06	cluster_0_1_mixed
539_W	0	1.6370846037791813e-06	cluster_0_1_mixed
713_R	0	1.6369951046639442e-06	cluster_0_1_mixed
694_L	0	1.621270561337435e-06	cluster_0_1_mixed
121_N	0	1.6206050455881153e-06	cluster_0_1_mixed
167_L	0	1.6181051191463517e-06	cluster_0_1_mixed
517_K	0	1.616568542908294e-06	cluster_0_1_mixed
871_G	0	1.6119608113396882e-06	cluster_0_1_mixed
382_H	0	1.6107945138474387e-06	cluster_0_1_mixed
343_G	0	1.6093284481587353e-06	cluster_0_1_mixed
788_Q	0	1.6090784491176347e-06	cluster_0_1_mixed
490_K	0	1.6069921410454882e-06	cluster_0_1_mixed
943_Y	0	1.6066454542590332e-06	cluster_0_1_mixed
724_H	0	1.6063809314131591e-06	cluster_0_1_mixed
264_T	0	1.6059039031989454e-06	cluster_0_1_mixed
353_D	0	1.6047021903985902e-06	cluster_0_1_mixed
642_C	0	1.6030339474891094e-06	cluster_0_1_mixed
400_I	0	1.6018619860809355e-06	cluster_0_1_mixed
427_M	0	1.5992698904515343e-06	cluster_0_1_mixed
524_W	0	1.5976281746821998e-06	cluster_0_1_mixed
828_S	0	1.5964676454167802e-06	cluster_0_1_mixed
319_Y	0	1.5956828733988996e-06	cluster_0_1_mixed
156_S	0	1.5944606438177123e-06	cluster_0_1_mixed
590_L	0	1.5926472469739793e-06	cluster_0_1_mixed
914_R	0	1.5912949278613773e-06	cluster_0_1_mixed
819_F	0	1.5866866919938762e-06	cluster_0_1_mixed
150_A	0	1.583118481231299e-06	cluster_0_1_mixed
444_S	0	1.5820321076444806e-06	cluster_0_1_mixed
426_V	0	1.5763773920455966e-06	cluster_0_1_mixed
246_I	0	1.5707249795759343e-06	cluster_0_1_mixed
244_G	0	1.5698181426960213e-06	cluster_0_1_mixed
388_T	0	1.5693712760281424e-06	cluster_0_1_mixed
125_N	0	1.5642875115490344e-06	cluster_0_1_mixed
389_S	0	1.5593688239272679e-06	cluster_0_1_mixed
780_F	0	1.5587075106853173e-06	cluster_0_1_mixed
374_F	0	1.5583483778548324e-06	cluster_0_1_mixed
644_C	0	1.556486608697253e-06	cluster_0_1_mixed
670_Q	0	1.5528321384220448e-06	cluster_0_1_mixed
363_Y	0	1.5526427181456917e-06	cluster_0_1_mixed
686_K	0	1.5463161713424286e-06	cluster_0_1_mixed
834_C	0	1.5457545789331572e-06	cluster_0_1_mixed
693_P	0	1.5453209432648455e-06	cluster_0_1_mixed
443_H	0	1.5431477078304163e-06	cluster_0_1_mixed
908_I	0	1.5419146678976694e-06	cluster_0_1_mixed
227_L	0	1.5413444350848906e-06	cluster_0_1_mixed
188_A	0	1.537460522728131e-06	cluster_0_1_mixed
736_D	0	1.5370014967192635e-06	cluster_0_1_mixed
453_C	0	1.5350134294376643e-06	cluster_0_1_mixed
330_Y	0	1.5313172540645034e-06	cluster_0_1_mixed
773_R	0	1.5303708403765103e-06	cluster_0_1_mixed
176_E	0	1.5286492470625541e-06	cluster_0_1_mixed
280_W	0	1.5278302107327893e-06	cluster_0_1_mixed
217_I	0	1.5229725607903811e-06	cluster_0_1_mixed
847_L	0	1.5209231501725502e-06	cluster_0_1_mixed
261_L	0	1.51895318581007e-06	cluster_0_1_mixed
911_N	0	1.516687486839596e-06	cluster_0_1_mixed
251_Y	0	1.516364575117368e-06	cluster_0_1_mixed
576_K	0	1.5140702975755464e-06	cluster_0_1_mixed
177_E	0	1.512277366829898e-06	cluster_0_1_mixed
387_C	0	1.5082068335706462e-06	cluster_0_1_mixed
880_M	0	1.5081246695758459e-06	cluster_0_1_mixed
640_I	0	1.4981479733599875e-06	cluster_0_1_mixed
210_T	0	1.4969461690960005e-06	cluster_0_1_mixed
627_A	0	1.490672132911273e-06	cluster_0_1_mixed
129_A	0	1.4851982273179048e-06	cluster_0_1_mixed
117_L	0	1.4828264997888148e-06	cluster_0_1_mixed
419_K	0	1.480139741280112e-06	cluster_0_1_mixed
606_X	0	1.479730440063432e-06	cluster_0_1_mixed
161_T	0	1.4777244894215825e-06	cluster_0_1_mixed
223_H	0	1.4755880889846253e-06	cluster_0_1_mixed
594_M	0	1.4681506173716667e-06	cluster_0_1_mixed
260_A	0	1.4677397144060845e-06	cluster_0_1_mixed
179_I	0	1.4638884291325695e-06	cluster_0_1_mixed
260_V	0	1.460828023899484e-06	cluster_0_1_mixed
357_S	0	1.459250679800718e-06	cluster_0_1_mixed
722_R	0	1.458804085521049e-06	cluster_0_1_mixed
919_E	0	1.4555455162491363e-06	cluster_0_1_mixed
656_P	0	1.4541958521614917e-06	cluster_0_1_mixed
780_H	0	1.4518305520137491e-06	cluster_0_1_mixed
412_Y	0	1.4471738402900883e-06	cluster_0_1_mixed
781_C	0	1.4447334929979565e-06	cluster_0_1_mixed
768_A	0	1.438358643212703e-06	cluster_0_1_mixed
361_D	0	1.4365479914631448e-06	cluster_0_1_mixed
192_L	0	1.4346006250560427e-06	cluster_0_1_mixed
849_T	0	1.43434444487322e-06	cluster_0_1_mixed
892_L	0	1.4309607250039509e-06	cluster_0_1_mixed
158_I	0	1.4278797477370314e-06	cluster_0_1_mixed
389_G	0	1.4239393735170025e-06	cluster_0_1_mixed
419_F	0	1.4227002404601716e-06	cluster_0_1_mixed
854_R	0	1.42111156608734e-06	cluster_0_1_mixed
899_A	0	1.418136703933353e-06	cluster_0_1_mixed
713_M	0	1.4172496225346506e-06	cluster_0_1_mixed
918_N	0	1.4147629311867274e-06	cluster_0_1_mixed
919_G	0	1.4089769206972486e-06	cluster_0_1_mixed
669_F	0	1.4035817976124577e-06	cluster_0_1_mixed
216_H	0	1.4003977387296734e-06	cluster_0_1_mixed
402_Q	0	1.3952488646532877e-06	cluster_0_1_mixed
889_Q	0	1.393894435262013e-06	cluster_0_1_mixed
346_V	0	1.3893785608388696e-06	cluster_0_1_mixed
889_I	0	1.3876363180032224e-06	cluster_0_1_mixed
468_T	0	1.3875680617701632e-06	cluster_0_1_mixed
515_K	0	1.3853739981275399e-06	cluster_0_1_mixed
190_V	0	1.3850711047814305e-06	cluster_0_1_mixed
464_E	0	1.3791255571078306e-06	cluster_0_1_mixed
916_D	0	1.374608532336008e-06	cluster_0_1_mixed
627_T	0	1.373625080891969e-06	cluster_0_1_mixed
641_C	0	1.372530628993316e-06	cluster_0_1_mixed
514_S	0	1.365506704763678e-06	cluster_0_1_mixed
416_S	0	1.3583327180153149e-06	cluster_0_1_mixed
212_C	0	1.3533822708840624e-06	cluster_0_1_mixed
364_A	0	1.3436906077777794e-06	cluster_0_1_mixed
734_S	0	1.3387808382229828e-06	cluster_0_1_mixed
246_K	0	1.3350361659973753e-06	cluster_0_1_mixed
561_H	0	1.3349987145966362e-06	cluster_0_1_mixed
220_N	0	1.3267252162936745e-06	cluster_0_1_mixed
389_C	0	1.3158157246177562e-06	cluster_0_1_mixed
853_G	0	1.314817115275274e-06	cluster_0_1_mixed
755_V	0	1.314765532108615e-06	cluster_0_1_mixed
777_R	0	1.3143841701873927e-06	cluster_0_1_mixed
93_F	0	1.309684685644237e-06	cluster_0_1_mixed
607_M	0	1.3044376804353737e-06	cluster_0_1_mixed
926_M	0	1.301024869743747e-06	cluster_0_1_mixed
885_K	0	1.3002976419231743e-06	cluster_0_1_mixed
396_R	0	1.2959415673588399e-06	cluster_0_1_mixed
364_I	0	1.29277777778953e-06	cluster_0_1_mixed
783_M	0	1.2894756285565468e-06	cluster_0_1_mixed
838_Q	0	1.2879411792806864e-06	cluster_0_1_mixed
364_N	0	1.2865301389836335e-06	cluster_0_1_mixed
440_V	0	1.2854022551283755e-06	cluster_0_1_mixed
459_F	0	1.2815572437394934e-06	cluster_0_1_mixed
370_Y	0	1.2778070333329982e-06	cluster_0_1_mixed
327_G	0	1.2734411224210116e-06	cluster_0_1_mixed
592_Q	0	1.2701514244972167e-06	cluster_0_1_mixed
493_R	0	1.2608154525270074e-06	cluster_0_1_mixed
930_K	0	1.252364591107787e-06	cluster_0_1_mixed
706_E	0	1.2487256480678057e-06	cluster_0_1_mixed
173_E	0	1.2476869122363197e-06	cluster_0_1_mixed
453_S	0	1.2460445091096831e-06	cluster_0_1_mixed
254_F	0	1.2457040823365266e-06	cluster_0_1_mixed
917_N	0	1.2448782559697097e-06	cluster_0_1_mixed
605_V	0	1.2444463335230385e-06	cluster_0_1_mixed
905_V	0	1.2326239172127926e-06	cluster_0_1_mixed
125_T	0	1.2258857793905364e-06	cluster_0_1_mixed
306_I	0	1.2255466899497603e-06	cluster_0_1_mixed
912_V	0	1.2217990597523645e-06	cluster_0_1_mixed
938_E	0	1.2164269758006522e-06	cluster_0_1_mixed
490_Q	0	1.2132737151595634e-06	cluster_0_1_mixed
848_H	0	1.2123689244414854e-06	cluster_0_1_mixed
716_D	0	1.2113591820114922e-06	cluster_0_1_mixed
702_M	0	1.2083160443654696e-06	cluster_0_1_mixed
263_G	0	1.2060688328809429e-06	cluster_0_1_mixed
403_E	0	1.2049173267243492e-06	cluster_0_1_mixed
479_W	0	1.2016854332880599e-06	cluster_0_1_mixed
446_L	0	1.19219441958623e-06	cluster_0_1_mixed
783_R	0	1.187102411197388e-06	cluster_0_1_mixed
512_A	0	1.1861842146417347e-06	cluster_0_1_mixed
344_I	0	1.1830847843673438e-06	cluster_0_1_mixed
901_W	0	1.1675030101323037e-06	cluster_0_1_mixed
568_H	0	1.1635075879787955e-06	cluster_0_1_mixed
593_K	0	1.1631205737518812e-06	cluster_0_1_mixed
228_S	0	1.161499530103051e-06	cluster_0_1_mixed
358_E	0	1.1607688530334018e-06	cluster_0_1_mixed
252_E	0	1.1600757018496663e-06	cluster_0_1_mixed
440_L	0	1.160040539848044e-06	cluster_0_1_mixed
755_Y	0	1.1563131917547245e-06	cluster_0_1_mixed
688_Y	0	1.1535817321277485e-06	cluster_0_1_mixed
118_V	0	1.1487483657024047e-06	cluster_0_1_mixed
885_Y	0	1.1396590585969952e-06	cluster_0_1_mixed
889_E	0	1.1371279469424468e-06	cluster_0_1_mixed
210_H	0	1.1352009756843717e-06	cluster_0_1_mixed
217_A	0	1.1331114314539341e-06	cluster_0_1_mixed
436_M	0	1.1323660992708508e-06	cluster_0_1_mixed
213_N	0	1.1322603955317471e-06	cluster_0_1_mixed
446_Q	0	1.1269769274013475e-06	cluster_0_1_mixed
615_R	0	1.126809503247228e-06	cluster_0_1_mixed
446_F	0	1.1243190380701146e-06	cluster_0_1_mixed
904_N	0	1.1170033006859842e-06	cluster_0_1_mixed
478_F	0	1.1069034840848395e-06	cluster_0_1_mixed
832_Y	0	1.1034806335756585e-06	cluster_0_1_mixed
937_N	0	1.1011551502256941e-06	cluster_0_1_mixed
884_G	0	1.100468649432857e-06	cluster_0_1_mixed
405_Q	0	1.1001259961139004e-06	cluster_0_1_mixed
920_W	0	1.0916214932827006e-06	cluster_0_1_mixed
225_S	0	1.0896436596718686e-06	cluster_0_1_mixed
890_I	0	1.0891491170163408e-06	cluster_0_1_mixed
371_Y	0	1.0886981256991623e-06	cluster_0_1_mixed
144_V	0	1.0869276391691825e-06	cluster_0_1_mixed
219_D	0	1.0792018154115647e-06	cluster_0_1_mixed
215_C	0	1.0781931149745344e-06	cluster_0_1_mixed
354_P	0	1.0780730394387212e-06	cluster_0_1_mixed
584_E	0	1.0729452021871403e-06	cluster_0_1_mixed
530_M	0	1.0725881499651869e-06	cluster_0_1_mixed
439_N	0	1.0639562039292853e-06	cluster_0_1_mixed
185_Y	0	1.0625381912294133e-06	cluster_0_1_mixed
859_V	0	1.0545364741901875e-06	cluster_0_1_mixed
193_Q	0	1.0541653968093415e-06	cluster_0_1_mixed
507_T	0	1.053973790868678e-06	cluster_0_1_mixed
911_C	0	1.0526636166470953e-06	cluster_0_1_mixed
550_K	0	1.0499845343990227e-06	cluster_0_1_mixed
896_A	0	1.0478830456922669e-06	cluster_0_1_mixed
340_V	0	1.0435890421136268e-06	cluster_0_1_mixed
131_F	0	1.0368603676016129e-06	cluster_0_1_mixed
618_C	0	1.0363150713665252e-06	cluster_0_1_mixed
421_W	0	1.0356259295895038e-06	cluster_0_1_mixed
222_G	0	1.0329142381195342e-06	cluster_0_1_mixed
579_I	0	1.0316292335797604e-06	cluster_0_1_mixed
813_V	0	1.0309944333018766e-06	cluster_0_1_mixed
793_G	0	1.0308574345225227e-06	cluster_0_1_mixed
624_T	0	1.0295984707910094e-06	cluster_0_1_mixed
927_G	0	1.0287674848152554e-06	cluster_0_1_mixed
717_T	0	1.0278129020911333e-06	cluster_0_1_mixed
877_F	0	1.026152915850961e-06	cluster_0_1_mixed
802_G	0	1.016971904613144e-06	cluster_0_1_mixed
25_E	0	1.0158859358794857e-06	cluster_0_1_mixed
885_P	0	1.015081294809849e-06	cluster_0_1_mixed
906_K	0	1.0103213884881976e-06	cluster_0_1_mixed
448_S	0	1.0092373019209102e-06	cluster_0_1_mixed
449_A	0	1.00737475651744e-06	cluster_0_1_mixed
846_Y	0	9.944088291999727e-07	cluster_0_1_mixed
798_K	0	9.929917995899623e-07	cluster_0_1_mixed
905_E	0	9.911922312190129e-07	cluster_0_1_mixed
358_M	0	9.885603828367913e-07	cluster_0_1_mixed
591_Q	0	9.862822953797662e-07	cluster_0_1_mixed
161_L	0	9.824518360777118e-07	cluster_0_1_mixed
335_E	0	9.800560521716277e-07	cluster_0_1_mixed
416_F	0	9.78816626065759e-07	cluster_0_1_mixed
117_R	0	9.748182553486568e-07	cluster_0_1_mixed
565_K	0	9.697973854761695e-07	cluster_0_1_mixed
747_K	0	9.662200179627013e-07	cluster_0_1_mixed
878_A	0	9.65367616295177e-07	cluster_0_1_mixed
629_G	0	9.62532746069773e-07	cluster_0_1_mixed
21_G	0	9.612886113308673e-07	cluster_0_1_mixed
926_C	0	9.56141219356533e-07	cluster_0_1_mixed
790_L	0	9.532118460976273e-07	cluster_0_1_mixed
261_G	0	9.491989226574914e-07	cluster_0_1_mixed
17_M	0	9.426876409657132e-07	cluster_0_1_mixed
663_R	0	9.406256693150506e-07	cluster_0_1_mixed
185_F	0	9.399370426405976e-07	cluster_0_1_mixed
178_L	0	9.3358871115588e-07	cluster_0_1_mixed
485_E	0	9.319060725757933e-07	cluster_0_1_mixed
350_C	0	9.229454853268749e-07	cluster_0_1_mixed
197_H	0	9.220334733652396e-07	cluster_0_1_mixed
402_S	0	9.215680635596682e-07	cluster_0_1_mixed
796_G	0	9.191684372542365e-07	cluster_0_1_mixed
154_T	0	9.17482952664164e-07	cluster_0_1_mixed
225_G	0	9.173249947285109e-07	cluster_0_1_mixed
151_V	0	9.154168203513893e-07	cluster_0_1_mixed
302_E	0	9.138422295338414e-07	cluster_0_1_mixed
691_K	0	9.134272972480692e-07	cluster_0_1_mixed
717_A	0	9.133815749317355e-07	cluster_0_1_mixed
927_S	0	9.13168211355838e-07	cluster_0_1_mixed
518_W	0	9.11502486571906e-07	cluster_0_1_mixed
571_M	0	9.081614849538455e-07	cluster_0_1_mixed
277_K	0	9.031819893118655e-07	cluster_0_1_mixed
727_I	0	9.031078510779209e-07	cluster_0_1_mixed
409_G	0	8.993259072337565e-07	cluster_0_1_mixed
602_F	0	8.984414587732045e-07	cluster_0_1_mixed
477_G	0	8.969587938206929e-07	cluster_0_1_mixed
814_T	0	8.922796201992963e-07	cluster_0_1_mixed
933_L	0	8.920916938047977e-07	cluster_0_1_mixed
186_P	0	8.920835076530725e-07	cluster_0_1_mixed
896_R	0	8.862744332962426e-07	cluster_0_1_mixed
804_L	0	8.838420861366962e-07	cluster_0_1_mixed
703_K	0	8.819017020645519e-07	cluster_0_1_mixed
782_R	0	8.807735138153852e-07	cluster_0_1_mixed
425_I	0	8.807006030522207e-07	cluster_0_1_mixed
490_R	0	8.791263149208921e-07	cluster_0_1_mixed
408_D	0	8.773367738973517e-07	cluster_0_1_mixed
755_T	0	8.749614958423141e-07	cluster_0_1_mixed
159_K	0	8.72554885277165e-07	cluster_0_1_mixed
401_A	0	8.680713023268954e-07	cluster_0_1_mixed
696_E	0	8.677881839682688e-07	cluster_0_1_mixed
204_G	0	8.669780383755597e-07	cluster_0_1_mixed
172_K	0	8.652557504905083e-07	cluster_0_1_mixed
262_G	0	8.637048672937658e-07	cluster_0_1_mixed
650_A	0	8.580654407690356e-07	cluster_0_1_mixed
816_D	0	8.56348384422587e-07	cluster_0_1_mixed
471_V	0	8.538035741969348e-07	cluster_0_1_mixed
5_E	0	8.517514942832568e-07	cluster_0_1_mixed
513_V	0	8.511111569087983e-07	cluster_0_1_mixed
897_P	0	8.459381493944972e-07	cluster_0_1_mixed
629_M	0	8.452732907840257e-07	cluster_0_1_mixed
123_N	0	8.448240923895355e-07	cluster_0_1_mixed
63_E	0	8.427797811103216e-07	cluster_0_1_mixed
358_V	0	8.423182673511564e-07	cluster_0_1_mixed
714_M	0	8.414735217748747e-07	cluster_0_1_mixed
154_V	0	8.402370065162413e-07	cluster_0_1_mixed
40_S	0	8.390407755368364e-07	cluster_0_1_mixed
900_I	0	8.360077677309824e-07	cluster_0_1_mixed
28_S	0	8.345243500104908e-07	cluster_0_1_mixed
443_T	0	8.33700463333531e-07	cluster_0_1_mixed
777_Y	0	8.320711612998848e-07	cluster_0_1_mixed
514_N	0	8.291528593213872e-07	cluster_0_1_mixed
258_G	0	8.289933951126734e-07	cluster_0_1_mixed
476_T	0	8.273911115961494e-07	cluster_0_1_mixed
907_C	0	8.26369034014875e-07	cluster_0_1_mixed
681_I	0	8.257394362942878e-07	cluster_0_1_mixed
768_G	0	8.25443707806038e-07	cluster_0_1_mixed
869_Y	0	8.229808136575662e-07	cluster_0_1_mixed
484_R	0	8.20422243212961e-07	cluster_0_1_mixed
241_I	0	8.162510889506055e-07	cluster_0_1_mixed
125_D	0	8.158689798718578e-07	cluster_0_1_mixed
171_F	0	8.136119718429409e-07	cluster_0_1_mixed
810_P	0	8.12510501173666e-07	cluster_0_1_mixed
267_X	0	8.124549472027235e-07	cluster_0_1_mixed
126_V	0	8.111039061505572e-07	cluster_0_1_mixed
197_I	0	8.110157811468406e-07	cluster_0_1_mixed
800_X	0	8.1040592935814e-07	cluster_0_1_mixed
495_Y	0	8.078314661848909e-07	cluster_0_1_mixed
275_F	0	8.040191009536438e-07	cluster_0_1_mixed
899_Q	0	8.012574303281646e-07	cluster_0_1_mixed
237_N	0	7.970324040509663e-07	cluster_0_1_mixed
767_F	0	7.94999581613358e-07	cluster_0_1_mixed
206_L	0	7.948377514081878e-07	cluster_0_1_mixed
499_A	0	7.946311610604819e-07	cluster_0_1_mixed
895_S	0	7.90967652554355e-07	cluster_0_1_mixed
248_T	0	7.902069607142469e-07	cluster_0_1_mixed
358_Q	0	7.900289266840882e-07	cluster_0_1_mixed
321_V	0	7.894446376932389e-07	cluster_0_1_mixed
161_N	0	7.891152913595587e-07	cluster_0_1_mixed
745_A	0	7.839583055878136e-07	cluster_0_1_mixed
319_F	0	7.829269568523613e-07	cluster_0_1_mixed
307_D	0	7.791113045879047e-07	cluster_0_1_mixed
214_H	0	7.781918588257141e-07	cluster_0_1_mixed
906_I	0	7.770850142719125e-07	cluster_0_1_mixed
396_C	0	7.764639275510413e-07	cluster_0_1_mixed
170_S	0	7.753544518870942e-07	cluster_0_1_mixed
220_C	0	7.679286442352405e-07	cluster_0_1_mixed
811_H	0	7.665447576764626e-07	cluster_0_1_mixed
411_Q	0	7.634121730974728e-07	cluster_0_1_mixed
315_F	0	7.632723991033712e-07	cluster_0_1_mixed
437_G	0	7.54573211420251e-07	cluster_0_1_mixed
239_Q	0	7.538933754038636e-07	cluster_0_1_mixed
902_W	0	7.533041847383464e-07	cluster_0_1_mixed
857_R	0	7.531122859254511e-07	cluster_0_1_mixed
350_R	0	7.513251512397199e-07	cluster_0_1_mixed
442_R	0	7.449475642647046e-07	cluster_0_1_mixed
360_V	0	7.440202737751194e-07	cluster_0_1_mixed
888_F	0	7.425736917645522e-07	cluster_0_1_mixed
207_I	0	7.416851416734232e-07	cluster_0_1_mixed
688_F	0	7.401516638087581e-07	cluster_0_1_mixed
767_T	0	7.361849118687693e-07	cluster_0_1_mixed
447_Q	0	7.35745659324124e-07	cluster_0_1_mixed
442_C	0	7.347034093035772e-07	cluster_0_1_mixed
422_Q	0	7.30323748255979e-07	cluster_0_1_mixed
344_Q	0	7.286217513761556e-07	cluster_0_1_mixed
124_E	0	7.282183544570124e-07	cluster_0_1_mixed
891_Y	0	7.277522016718039e-07	cluster_0_1_mixed
203_Q	0	7.238096411406028e-07	cluster_0_1_mixed
209_T	0	7.209568008039307e-07	cluster_0_1_mixed
725_Y	0	7.204343029920965e-07	cluster_0_1_mixed
383_D	0	7.193035473311884e-07	cluster_0_1_mixed
505_A	0	7.166054249041522e-07	cluster_0_1_mixed
889_L	0	7.15631789401109e-07	cluster_0_1_mixed
818_R	0	7.102493166289461e-07	cluster_0_1_mixed
260_S	0	7.068443142407018e-07	cluster_0_1_mixed
320_V	0	7.000391749394564e-07	cluster_0_1_mixed
940_A	0	6.990606631391934e-07	cluster_0_1_mixed
441_K	0	6.972269456725315e-07	cluster_0_1_mixed
208_V	0	6.954534898827552e-07	cluster_0_1_mixed
153_S	0	6.938304089607754e-07	cluster_0_1_mixed
873_Y	0	6.914441378273969e-07	cluster_0_1_mixed
527_H	0	6.904325297624946e-07	cluster_0_1_mixed
247_D	0	6.867858732828028e-07	cluster_0_1_mixed
887_K	0	6.860497714273369e-07	cluster_0_1_mixed
20_T	0	6.823199021759891e-07	cluster_0_1_mixed
508_D	0	6.815282612323673e-07	cluster_0_1_mixed
853_Y	0	6.812167331200258e-07	cluster_0_1_mixed
210_G	0	6.756608164164937e-07	cluster_0_1_mixed
189_G	0	6.732250702591223e-07	cluster_0_1_mixed
432_C	0	6.726935859825669e-07	cluster_0_1_mixed
903_R	0	6.717250331339296e-07	cluster_0_1_mixed
876_P	0	6.65534764059469e-07	cluster_0_1_mixed
407_F	0	6.652848218250232e-07	cluster_0_1_mixed
654_I	0	6.639213812774594e-07	cluster_0_1_mixed
483_E	0	6.616457579626207e-07	cluster_0_1_mixed
413_W	0	6.59893266742402e-07	cluster_0_1_mixed
207_Q	0	6.569540028536356e-07	cluster_0_1_mixed
294_C	0	6.532947687529503e-07	cluster_0_1_mixed
653_K	0	6.52307548087217e-07	cluster_0_1_mixed
330_C	0	6.511001418141011e-07	cluster_0_1_mixed
57_S	0	6.505722516214297e-07	cluster_0_1_mixed
897_K	0	6.483337417377362e-07	cluster_0_1_mixed
746_Q	0	6.362738915923088e-07	cluster_0_1_mixed
407_V	0	6.337532560210895e-07	cluster_0_1_mixed
441_D	0	6.325964280208951e-07	cluster_0_1_mixed
418_W	0	6.282738018768141e-07	cluster_0_1_mixed
213_V	0	5.98145215921693e-07	cluster_0_1_mixed
857_H	0	5.977803239121766e-07	cluster_0_1_mixed
258_M	0	5.975982546731548e-07	cluster_0_1_mixed
722_F	0	5.962318745888223e-07	cluster_0_1_mixed
155_S	0	5.876427182293111e-07	cluster_0_1_mixed
523_R	0	5.8609146969714e-07	cluster_0_1_mixed
784_R	0	5.794638061891868e-07	cluster_0_1_mixed
196_C	0	5.78236754072571e-07	cluster_0_1_mixed
898_C	0	5.770549777420885e-07	cluster_0_1_mixed
205_Y	0	5.689419578122462e-07	cluster_0_1_mixed
797_X	0	5.6378973099781e-07	cluster_0_1_mixed
778_I	0	5.585538625191408e-07	cluster_0_1_mixed
538_W	0	5.530902459642262e-07	cluster_0_1_mixed
364_R	0	5.521172318859802e-07	cluster_0_1_mixed
177_F	0	5.462017084165554e-07	cluster_0_1_mixed
575_K	0	5.458410016985101e-07	cluster_0_1_mixed
367_R	0	5.442033329140936e-07	cluster_0_1_mixed
294_T	0	5.409375632396754e-07	cluster_0_1_mixed
781_I	0	5.326211051626847e-07	cluster_0_1_mixed
903_T	0	5.198439346748717e-07	cluster_0_1_mixed
17_N	0	5.154394810522873e-07	cluster_0_1_mixed
502_L	0	5.151223450153097e-07	cluster_0_1_mixed
9_E	0	5.121921003218488e-07	cluster_0_1_mixed
421_H	0	5.090210296811484e-07	cluster_0_1_mixed
401_N	0	5.043925965318238e-07	cluster_0_1_mixed
540_I	0	5.000628313776007e-07	cluster_0_1_mixed
249_R	0	5.000354136010263e-07	cluster_0_1_mixed
698_Q	0	4.972604308344696e-07	cluster_0_1_mixed
574_E	0	4.939381999458429e-07	cluster_0_1_mixed
509_G	0	4.930115028078689e-07	cluster_0_1_mixed
337_C	0	4.926396706311308e-07	cluster_0_1_mixed
441_Y	0	4.912958940466012e-07	cluster_0_1_mixed
622_W	0	4.897080123824283e-07	cluster_0_1_mixed
411_M	0	4.881938937240929e-07	cluster_0_1_mixed
685_L	0	4.864081271534854e-07	cluster_0_1_mixed
802_S	0	4.849371105399751e-07	cluster_0_1_mixed
517_L	0	4.8249407307672e-07	cluster_0_1_mixed
173_R	0	4.782691548823907e-07	cluster_0_1_mixed
925_H	0	4.771076374211182e-07	cluster_0_1_mixed
793_Q	0	4.7422138738727894e-07	cluster_0_1_mixed
941_L	0	4.7063467636908497e-07	cluster_0_1_mixed
261_H	0	4.6996042421941844e-07	cluster_0_1_mixed
131_S	0	4.672080516214479e-07	cluster_0_1_mixed
373_M	0	4.6562677665348785e-07	cluster_0_1_mixed
488_R	0	4.6335428154116924e-07	cluster_0_1_mixed
383_P	0	4.591106636887955e-07	cluster_0_1_mixed
599_M	0	4.5807025857581475e-07	cluster_0_1_mixed
390_A	0	4.556336648728655e-07	cluster_0_1_mixed
927_C	0	4.552486007252756e-07	cluster_0_1_mixed
904_F	0	4.499267645683534e-07	cluster_0_1_mixed
690_Y	0	4.449949552247298e-07	cluster_0_1_mixed
869_N	0	4.393292971960179e-07	cluster_0_1_mixed
514_I	0	4.389755346039e-07	cluster_0_1_mixed
800_E	0	4.384875562332887e-07	cluster_0_1_mixed
582_N	0	4.3559981141611966e-07	cluster_0_1_mixed
251_G	0	4.3395859356017617e-07	cluster_0_1_mixed
894_Y	0	4.3153628071573206e-07	cluster_0_1_mixed
850_K	0	4.2516517201036826e-07	cluster_0_1_mixed
165_I	0	4.243798002236155e-07	cluster_0_1_mixed
168_F	0	4.2279458433145516e-07	cluster_0_1_mixed
698_L	0	4.2257470871931476e-07	cluster_0_1_mixed
117_T	0	4.218138416234106e-07	cluster_0_1_mixed
779_R	0	4.1758590757175475e-07	cluster_0_1_mixed
206_G	0	4.135423622878792e-07	cluster_0_1_mixed
651_M	0	4.100532479569992e-07	cluster_0_1_mixed
496_H	0	4.032977723226626e-07	cluster_0_1_mixed
421_Y	0	4.003901966471497e-07	cluster_0_1_mixed
170_A	0	3.9720223646609014e-07	cluster_0_1_mixed
115_R	0	3.9280644138129277e-07	cluster_0_1_mixed
763_D	0	3.9046912210243166e-07	cluster_0_1_mixed
734_H	0	3.864518021707037e-07	cluster_0_1_mixed
416_H	0	3.862159062595214e-07	cluster_0_1_mixed
905_P	0	3.8366563460584274e-07	cluster_0_1_mixed
841_L	0	3.780093079870915e-07	cluster_0_1_mixed
601_Q	0	3.7728909555226766e-07	cluster_0_1_mixed
253_I	0	3.7640127231522783e-07	cluster_0_1_mixed
63_S	0	3.757041679559466e-07	cluster_0_1_mixed
253_E	0	3.706555587667468e-07	cluster_0_1_mixed
524_H	0	3.6771350555451807e-07	cluster_0_1_mixed
815_G	0	3.656969693338635e-07	cluster_0_1_mixed
486_Y	0	3.5873478002384653e-07	cluster_0_1_mixed
928_Y	0	3.5534007192159005e-07	cluster_0_1_mixed
172_E	0	3.5407346964362463e-07	cluster_0_1_mixed
448_L	0	3.536231548201804e-07	cluster_0_1_mixed
778_F	0	3.486795580454585e-07	cluster_0_1_mixed
938_M	0	3.460036041785254e-07	cluster_0_1_mixed
404_V	0	3.4122523149384494e-07	cluster_0_1_mixed
459_N	0	3.395834670783214e-07	cluster_0_1_mixed
172_L	0	3.336548965644229e-07	cluster_0_1_mixed
821_K	0	3.330161623822669e-07	cluster_0_1_mixed
548_W	0	3.2999905593293244e-07	cluster_0_1_mixed
887_Q	0	3.2741260617426657e-07	cluster_0_1_mixed
902_Q	0	3.252406567571223e-07	cluster_0_1_mixed
685_M	0	3.252129770373046e-07	cluster_0_1_mixed
195_L	0	3.181548884201053e-07	cluster_0_1_mixed
892_Q	0	3.065242443786856e-07	cluster_0_1_mixed
792_M	0	3.018256366704534e-07	cluster_0_1_mixed
449_E	0	2.978210354704469e-07	cluster_0_1_mixed
457_Q	0	2.9013240945922317e-07	cluster_0_1_mixed
190_A	0	2.8734867358353523e-07	cluster_0_1_mixed
176_Q	0	2.8625731277564344e-07	cluster_0_1_mixed
352_S	0	2.7361512462264167e-07	cluster_0_1_mixed
362_Q	0	2.711574229321672e-07	cluster_0_1_mixed
710_A	0	2.610733387702119e-07	cluster_0_1_mixed
429_F	0	2.6077631138004843e-07	cluster_0_1_mixed
118_I	0	2.576018413423189e-07	cluster_0_1_mixed
404_Y	0	2.570171898021824e-07	cluster_0_1_mixed
515_A	0	2.5106123098435037e-07	cluster_0_1_mixed
901_K	0	2.4679379581155233e-07	cluster_0_1_mixed
222_A	0	2.4612413861730465e-07	cluster_0_1_mixed
198_Q	0	2.427786615292177e-07	cluster_0_1_mixed
789_K	0	2.3815286091491856e-07	cluster_0_1_mixed
814_S	0	2.3476683253036709e-07	cluster_0_1_mixed
644_I	0	2.341908207644851e-07	cluster_0_1_mixed
817_M	0	2.2812580696589552e-07	cluster_0_1_mixed
356_Y	0	2.2674975177056793e-07	cluster_0_1_mixed
438_V	0	2.2671017190521443e-07	cluster_0_1_mixed
838_V	0	2.2668984455746872e-07	cluster_0_1_mixed
367_E	0	2.2464995216206758e-07	cluster_0_1_mixed
168_Q	0	2.2089338935851074e-07	cluster_0_1_mixed
335_C	0	2.1686525687739953e-07	cluster_0_1_mixed
906_G	0	2.1653757347727338e-07	cluster_0_1_mixed
793_A	0	2.1622845769801567e-07	cluster_0_1_mixed
130_D	0	2.0941655990616785e-07	cluster_0_1_mixed
870_H	0	2.0807905007135569e-07	cluster_0_1_mixed
359_N	0	2.0649890263675365e-07	cluster_0_1_mixed
161_K	0	2.0558487895997024e-07	cluster_0_1_mixed
729_M	0	2.0161583580894906e-07	cluster_0_1_mixed
461_F	0	2.0119762820562694e-07	cluster_0_1_mixed
441_G	0	1.9982572943615069e-07	cluster_0_1_mixed
356_W	0	1.97612431657402e-07	cluster_0_1_mixed
414_H	0	1.968022913685101e-07	cluster_0_1_mixed
298_L	0	1.9552450018393766e-07	cluster_0_1_mixed
163_V	0	1.9503392112621675e-07	cluster_0_1_mixed
451_F	0	1.9420090572673442e-07	cluster_0_1_mixed
319_I	0	1.9371437125653452e-07	cluster_0_1_mixed
392_S	0	1.8884958775684473e-07	cluster_0_1_mixed
245_I	0	1.808296967539918e-07	cluster_0_1_mixed
856_E	0	1.7982837438694378e-07	cluster_0_1_mixed
515_M	0	1.7267083790879808e-07	cluster_0_1_mixed
359_L	0	1.6541418956547922e-07	cluster_0_1_mixed
196_M	0	1.625341618257353e-07	cluster_0_1_mixed
515_F	0	1.6144722766714393e-07	cluster_0_1_mixed
793_S	0	1.5827135365670301e-07	cluster_0_1_mixed
216_N	0	1.569059121178012e-07	cluster_0_1_mixed
212_N	0	1.5596539667006962e-07	cluster_0_1_mixed
221_N	0	1.5308983976876043e-07	cluster_0_1_mixed
856_F	0	1.5002860297692845e-07	cluster_0_1_mixed
166_L	0	1.495138630475601e-07	cluster_0_1_mixed
326_K	0	1.4891730602431536e-07	cluster_0_1_mixed
72_L	0	1.4711852566976354e-07	cluster_0_1_mixed
591_D	0	1.4587680656556373e-07	cluster_0_1_mixed
597_Q	0	1.417131425063594e-07	cluster_0_1_mixed
410_I	0	1.4084980750224396e-07	cluster_0_1_mixed
920_Q	0	1.407474430252328e-07	cluster_0_1_mixed
772_M	0	1.358318691476103e-07	cluster_0_1_mixed
218_C	0	1.2698598277747165e-07	cluster_0_1_mixed
781_F	0	1.251565745901232e-07	cluster_0_1_mixed
532_H	0	1.2397676624558185e-07	cluster_0_1_mixed
620_E	0	1.2358270778804703e-07	cluster_0_1_mixed
928_E	0	1.222579763077669e-07	cluster_0_1_mixed
832_L	0	1.199614044090243e-07	cluster_0_1_mixed
72_N	0	1.17928945626346e-07	cluster_0_1_mixed
573_M	0	1.1594044342729776e-07	cluster_0_1_mixed
726_F	0	1.1273128094633993e-07	cluster_0_1_mixed
749_V	0	1.1121664858047985e-07	cluster_0_1_mixed
173_T	0	1.1093934178714715e-07	cluster_0_1_mixed
5_N	0	1.1015827271265806e-07	cluster_0_1_mixed
859_T	0	1.0908354035200009e-07	cluster_0_1_mixed
356_R	0	1.0876849964925541e-07	cluster_0_1_mixed
372_K	0	1.0670417489965652e-07	cluster_0_1_mixed
529_M	0	1.0501341204483757e-07	cluster_0_1_mixed
564_M	0	1.04101230537435e-07	cluster_0_1_mixed
695_E	0	1.0346320016984996e-07	cluster_0_1_mixed
358_Y	0	9.988937220857374e-08	cluster_0_1_mixed
897_S	0	9.789031998086899e-08	cluster_0_1_mixed
750_L	0	9.729341518166077e-08	cluster_0_1_mixed
190_M	0	9.238861095069291e-08	cluster_0_1_mixed
829_T	0	9.203501535946825e-08	cluster_0_1_mixed
412_G	0	9.063373684364107e-08	cluster_0_1_mixed
166_T	0	8.98327251233066e-08	cluster_0_1_mixed
930_G	0	8.726045259768179e-08	cluster_0_1_mixed
778_R	0	8.630302335841621e-08	cluster_0_1_mixed
220_L	0	8.308827198503353e-08	cluster_0_1_mixed
434_W	0	8.246264909681433e-08	cluster_0_1_mixed
829_A	0	8.176728600554816e-08	cluster_0_1_mixed
170_R	0	8.135952701642128e-08	cluster_0_1_mixed
799_X	0	8.128333486732833e-08	cluster_0_1_mixed
266_Q	0	7.847930608861011e-08	cluster_0_1_mixed
905_T	0	7.839485491595763e-08	cluster_0_1_mixed
337_M	0	7.550907268252135e-08	cluster_0_1_mixed
383_I	0	7.349961289376952e-08	cluster_0_1_mixed
741_M	0	7.180498812404155e-08	cluster_0_1_mixed
703_H	0	6.781067234278452e-08	cluster_0_1_mixed
341_E	0	6.694130065675748e-08	cluster_0_1_mixed
866_K	0	6.614183132323538e-08	cluster_0_1_mixed
867_H	0	6.369011943114344e-08	cluster_0_1_mixed
794_M	0	5.990837651070381e-08	cluster_0_1_mixed
845_A	0	5.905875810222924e-08	cluster_0_1_mixed
128_S	0	5.784812544474776e-08	cluster_0_1_mixed
520_W	0	5.655178743653839e-08	cluster_0_1_mixed
200_Q	0	5.6236131352072454e-08	cluster_0_1_mixed
692_Y	0	5.5931320002809346e-08	cluster_0_1_mixed
907_N	0	5.49964645792921e-08	cluster_0_1_mixed
868_K	0	5.461082668089572e-08	cluster_0_1_mixed
154_G	0	5.268690621742319e-08	cluster_0_1_mixed
112_I	0	5.260907918339619e-08	cluster_0_1_mixed
765_V	0	5.255288107402639e-08	cluster_0_1_mixed
491_M	0	5.1745368219508015e-08	cluster_0_1_mixed
257_L	0	5.145204042707944e-08	cluster_0_1_mixed
497_V	0	5.092014014656478e-08	cluster_0_1_mixed
620_G	0	4.994120404577904e-08	cluster_0_1_mixed
388_F	0	4.768083574639661e-08	cluster_0_1_mixed
890_Q	0	4.691218467506392e-08	cluster_0_1_mixed
945_P	0	4.689471538530539e-08	cluster_0_1_mixed
573_W	0	4.661469728213362e-08	cluster_0_1_mixed
250_M	0	4.576694275367348e-08	cluster_0_1_mixed
869_A	0	4.211574227419082e-08	cluster_0_1_mixed
262_T	0	4.182204306966582e-08	cluster_0_1_mixed
512_R	0	4.177866342062788e-08	cluster_0_1_mixed
514_A	0	3.903467137340027e-08	cluster_0_1_mixed
563_H	0	3.8049736075742065e-08	cluster_0_1_mixed
506_T	0	3.747973966910382e-08	cluster_0_1_mixed
125_A	0	3.73513585572402e-08	cluster_0_1_mixed
339_W	0	3.6436139152507274e-08	cluster_0_1_mixed
261_X	0	3.6140603197581216e-08	cluster_0_1_mixed
32_G	0	3.44666118755976e-08	cluster_0_1_mixed
277_I	0	3.407283768578833e-08	cluster_0_1_mixed
476_W	0	3.3077251832526214e-08	cluster_0_1_mixed
510_D	0	3.295241937061936e-08	cluster_0_1_mixed
317_I	0	3.2412293028365595e-08	cluster_0_1_mixed
518_Q	0	3.2069384605801244e-08	cluster_0_1_mixed
788_T	0	3.163612960320816e-08	cluster_0_1_mixed
513_T	0	3.15374125566559e-08	cluster_0_1_mixed
897_G	0	3.073112730853091e-08	cluster_0_1_mixed
252_C	0	2.985565044620375e-08	cluster_0_1_mixed
165_G	0	2.9409317559430547e-08	cluster_0_1_mixed
630_Q	0	2.9180583015171403e-08	cluster_0_1_mixed
790_H	0	2.8902191508972447e-08	cluster_0_1_mixed
896_S	0	2.777850191973748e-08	cluster_0_1_mixed
236_F	0	2.7409022943983026e-08	cluster_0_1_mixed
739_F	0	2.66198548184865e-08	cluster_0_1_mixed
915_F	0	2.6161426770606903e-08	cluster_0_1_mixed
375_W	0	2.608961450329063e-08	cluster_0_1_mixed
413_L	0	2.5340709846627558e-08	cluster_0_1_mixed
513_N	0	2.4874459312794202e-08	cluster_0_1_mixed
914_Q	0	2.4503480157575735e-08	cluster_0_1_mixed
220_E	0	2.407131777296311e-08	cluster_0_1_mixed
844_Y	0	2.38953399874418e-08	cluster_0_1_mixed
495_K	0	2.3420810420637542e-08	cluster_0_1_mixed
257_V	0	2.2259670591845713e-08	cluster_0_1_mixed
198_G	0	2.217541121476179e-08	cluster_0_1_mixed
495_E	0	2.1999945395819106e-08	cluster_0_1_mixed
167_E	0	2.182052771689201e-08	cluster_0_1_mixed
169_Q	0	2.159008366073716e-08	cluster_0_1_mixed
912_K	0	2.063645054297027e-08	cluster_0_1_mixed
109_A	0	2.0587870599259465e-08	cluster_0_1_mixed
919_K	0	2.0191153621781705e-08	cluster_0_1_mixed
406_S	0	1.9875735101593218e-08	cluster_0_1_mixed
268_X	0	1.931868908410195e-08	cluster_0_1_mixed
583_Q	0	1.828924436305354e-08	cluster_0_1_mixed
318_Q	0	1.716227648800397e-08	cluster_0_1_mixed
368_H	0	1.591251117102288e-08	cluster_0_1_mixed
867_I	0	1.5547373430957638e-08	cluster_0_1_mixed
681_S	0	1.5044021156047876e-08	cluster_0_1_mixed
424_H	0	1.4903948608182814e-08	cluster_0_1_mixed
830_G	0	1.4150469646767333e-08	cluster_0_1_mixed
518_M	0	1.1930575253183926e-08	cluster_0_1_mixed
703_L	0	1.1815428285173594e-08	cluster_0_1_mixed
257_K	0	1.032726518276301e-08	cluster_0_1_mixed
835_E	0	1.0017382392743082e-08	cluster_0_1_mixed
483_R	0	9.931849152191066e-09	cluster_0_1_mixed
940_X	0	9.720709657661698e-09	cluster_0_1_mixed
828_T	0	9.706082421602524e-09	cluster_0_1_mixed
189_M	0	9.608392382683374e-09	cluster_0_1_mixed
365_A	0	8.948312742772703e-09	cluster_0_1_mixed
336_C	0	8.795054012177976e-09	cluster_0_1_mixed
816_T	0	8.673644762746257e-09	cluster_0_1_mixed
908_L	0	8.595465651989274e-09	cluster_0_1_mixed
767_K	0	8.31752961942735e-09	cluster_0_1_mixed
205_D	0	8.220019534617899e-09	cluster_0_1_mixed
664_G	0	7.914891903405857e-09	cluster_0_1_mixed
168_M	0	7.841607605990626e-09	cluster_0_1_mixed
830_M	0	7.443899433713381e-09	cluster_0_1_mixed
833_M	0	7.3855327002027145e-09	cluster_0_1_mixed
642_A	0	7.215934749211649e-09	cluster_0_1_mixed
558_H	0	6.948400629539732e-09	cluster_0_1_mixed
516_F	0	6.5370358351841115e-09	cluster_0_1_mixed
342_W	0	5.80986399066558e-09	cluster_0_1_mixed
857_M	0	5.4633616133333765e-09	cluster_0_1_mixed
121_E	0	5.4154635353306365e-09	cluster_0_1_mixed
812_L	0	5.083986397082377e-09	cluster_0_1_mixed
913_A	0	4.919283309879601e-09	cluster_0_1_mixed
202_N	0	4.880080363337374e-09	cluster_0_1_mixed
339_X	0	4.59328418373635e-09	cluster_0_1_mixed
570_H	0	4.581111074991262e-09	cluster_0_1_mixed
444_L	0	4.463836764362331e-09	cluster_0_1_mixed
634_C	0	4.4130872780708845e-09	cluster_0_1_mixed
917_A	0	3.6426222897186284e-09	cluster_0_1_mixed
426_K	0	3.294583897837057e-09	cluster_0_1_mixed
297_R	0	3.026096857925792e-09	cluster_0_1_mixed
303_C	0	2.7949342299660335e-09	cluster_0_1_mixed
207_G	0	2.7372899988275626e-09	cluster_0_1_mixed
277_G	0	2.7248678936203386e-09	cluster_0_1_mixed
296_H	0	2.7101184915073897e-09	cluster_0_1_mixed
816_V	0	2.4920252454889013e-09	cluster_0_1_mixed
361_Y	0	2.4222940169870852e-09	cluster_0_1_mixed
371_C	0	2.219371514318093e-09	cluster_0_1_mixed
355_X	0	1.954954873582168e-09	cluster_0_1_mixed
441_F	0	1.895040613260694e-09	cluster_0_1_mixed
907_D	0	1.8529661123020648e-09	cluster_0_1_mixed
679_M	0	1.820378670369224e-09	cluster_0_1_mixed
162_M	0	1.7869121906375106e-09	cluster_0_1_mixed
174_T	0	1.400625201136102e-09	cluster_0_1_mixed
742_C	0	1.3308880621100186e-09	cluster_0_1_mixed
843_H	0	1.1204719671794676e-09	cluster_0_1_mixed
327_C	0	1.0362414403295793e-09	cluster_0_1_mixed
377_R	0	9.85678222660277e-10	cluster_0_1_mixed
562_H	0	9.144381895717028e-10	cluster_0_1_mixed
169_E	0	8.915666076386221e-10	cluster_0_1_mixed
165_F	0	8.838821802007114e-10	cluster_0_1_mixed
364_C	0	8.398488658728763e-10	cluster_0_1_mixed
492_H	0	7.87970427467871e-10	cluster_0_1_mixed
646_C	0	4.4689174448072994e-10	cluster_0_1_mixed
903_H	0	4.446694663873125e-10	cluster_0_1_mixed
339_H	0	3.7102016880389633e-10	cluster_0_1_mixed
834_L	0	3.0797209063109437e-10	cluster_0_1_mixed
172_G	0	2.370782209911245e-10	cluster_0_1_mixed
810_L	0	1.4856930317859044e-10	cluster_0_1_mixed
905_I	0	1.3288856382296667e-10	cluster_0_1_mixed
798_X	0	1.16961865558009e-10	cluster_0_1_mixed
515_E	0	9.454277796435397e-11	cluster_0_1_mixed
768_N	0	3.7015735712390166e-11	cluster_0_1_mixed
795_W	0	0.0	cluster_0_1_mixed
796_D	0	0.0	cluster_0_1_mixed
916_S	0	0.0	cluster_0_1_mixed
155_K	0	0.0	cluster_0_1_mixed
210_E	0	0.0	cluster_0_1_mixed
210_V	0	0.0	cluster_0_1_mixed
212_P	0	0.0	cluster_0_1_mixed
585_A	0	0.0	cluster_0_1_mixed
341_K	0	0.0	cluster_0_1_mixed
347_N	0	0.0	cluster_0_1_mixed
829_S	0	0.0	cluster_0_1_mixed
279_L	0	0.0	cluster_0_1_mixed
279_Q	0	0.0	cluster_0_1_mixed
204_E	0	0.0	cluster_0_1_mixed
164_T	0	0.0	cluster_0_1_mixed
383_W	0	0.0	cluster_0_1_mixed
383_F	0	0.0	cluster_0_1_mixed
794_P	0	0.0	cluster_0_1_mixed
198_D	0	0.0	cluster_0_1_mixed
201_R	0	0.0	cluster_0_1_mixed
898_E	0	0.0	cluster_0_1_mixed
191_Q	0	0.0	cluster_0_1_mixed
171_Q	0	0.0	cluster_0_1_mixed
171_N	0	0.0	cluster_0_1_mixed
394_F	0	0.0	cluster_0_1_mixed
868_R	0	0.0	cluster_0_1_mixed
349_H	0	0.0	cluster_0_1_mixed
260_L	0	0.0	cluster_0_1_mixed
144_M	0	0.0	cluster_0_1_mixed
143_G	0	0.0	cluster_0_1_mixed
381_K	0	0.0	cluster_0_1_mixed
446_M	0	0.0	cluster_0_1_mixed
656_I	0	0.0	cluster_0_1_mixed
478_N	0	0.0	cluster_0_1_mixed
702_T	0	0.0	cluster_0_1_mixed
322_Q	0	0.0	cluster_0_1_mixed
319_P	0	0.0	cluster_0_1_mixed
480_E	0	0.0	cluster_0_1_mixed
327_N	0	0.0	cluster_0_1_mixed
120_S	0	0.0	cluster_0_1_mixed
906_L	0	0.0	cluster_0_1_mixed
179_Y	0	0.0	cluster_0_1_mixed
906_F	0	0.0	cluster_0_1_mixed
104_V	0	0.0	cluster_0_1_mixed
102_I	0	0.0	cluster_0_1_mixed
470_D	0	0.0	cluster_0_1_mixed
391_E	0	0.0	cluster_0_1_mixed
458_P	0	0.0	cluster_0_1_mixed
669_K	0	0.0	cluster_0_1_mixed
116_I	0	0.0	cluster_0_1_mixed
866_V	0	0.0	cluster_0_1_mixed
871_H	0	0.0	cluster_0_1_mixed
555_K	0	0.0	cluster_0_1_mixed
253_S	0	0.0	cluster_0_1_mixed
399_A	0	0.0	cluster_0_1_mixed
398_X	0	0.0	cluster_0_1_mixed
893_I	0	0.0	cluster_0_1_mixed
770_V	0	0.0	cluster_0_1_mixed
770_M	0	0.0	cluster_0_1_mixed
580_F	0	0.0	cluster_0_1_mixed
791_I	0	0.0	cluster_0_1_mixed
410_X	0	0.0	cluster_0_1_mixed
450_K	0	0.0	cluster_0_1_mixed
208_E	0	0.0	cluster_0_1_mixed
879_S	0	0.0	cluster_0_1_mixed
878_S	0	0.0	cluster_0_1_mixed
221_S	0	0.0	cluster_0_1_mixed
409_N	0	0.0	cluster_0_1_mixed
903_E	0	0.0	cluster_0_1_mixed
902_C	0	0.0	cluster_0_1_mixed
611_Y	0	0.0	cluster_0_1_mixed
901_Q	0	0.0	cluster_0_1_mixed
403_G	0	0.0	cluster_0_1_mixed
407_E	0	0.0	cluster_0_1_mixed
474_K	0	0.0	cluster_0_1_mixed
478_A	0	0.0	cluster_0_1_mixed
682_N	0	0.0	cluster_0_1_mixed
470_T	0	0.0	cluster_0_1_mixed
495_M	0	0.0	cluster_0_1_mixed
514_V	0	0.0	cluster_0_1_mixed
518_H	0	0.0	cluster_0_1_mixed
529_H	0	0.0	cluster_0_1_mixed
266_R	0	0.0	cluster_0_1_mixed
120_G	0	0.0	cluster_0_1_mixed
838_E	0	0.0	cluster_0_1_mixed
50_Q	0	0.0	cluster_0_1_mixed
22_R	0	0.0	cluster_0_1_mixed
617_H	0	0.0	cluster_0_1_mixed
414_R	0	0.0	cluster_0_1_mixed
417_C	0	0.0	cluster_0_1_mixed
467_R	0	0.0	cluster_0_1_mixed
467_L	0	0.0	cluster_0_1_mixed
315_V	0	0.0	cluster_0_1_mixed
932_I	0	0.0	cluster_0_1_mixed
470_P	0	0.0	cluster_0_1_mixed
240_G	0	0.0	cluster_0_1_mixed
238_X	0	0.0	cluster_0_1_mixed
872_I	0	0.0	cluster_0_1_mixed
242_N	0	0.0	cluster_0_1_mixed
225_A	0	0.0	cluster_0_1_mixed
236_S	0	0.0	cluster_0_1_mixed
221_F	0	0.0	cluster_0_1_mixed
214_V	0	0.0	cluster_0_1_mixed
222_W	0	0.0	cluster_0_1_mixed
163_L	0	0.0	cluster_0_1_mixed
803_A	0	0.0	cluster_0_1_mixed
809_K	0	0.0	cluster_0_1_mixed
368_R	0	0.0	cluster_0_1_mixed
808_Y	0	0.0	cluster_0_1_mixed
385_I	0	0.0	cluster_0_1_mixed
208_P	0	0.0	cluster_0_1_mixed
217_M	0	0.0	cluster_0_1_mixed
218_X	0	0.0	cluster_0_1_mixed
216_L	0	0.0	cluster_0_1_mixed
721_V	0	0.0	cluster_0_1_mixed
463_G	0	0.0	cluster_0_1_mixed
153_D	0	0.0	cluster_0_1_mixed
355_D	0	0.0	cluster_0_1_mixed
389_E	0	0.0	cluster_0_1_mixed
151_A	0	0.0	cluster_0_1_mixed
438_A	0	0.0	cluster_0_1_mixed
498_W	0	0.0	cluster_0_1_mixed
228_T	0	0.0	cluster_0_1_mixed
167_T	0	0.0	cluster_0_1_mixed
168_V	0	0.0	cluster_0_1_mixed
205_F	0	0.0	cluster_0_1_mixed
792_R	0	0.0	cluster_0_1_mixed
363_G	0	0.0	cluster_0_1_mixed
